nuts2,nuts3,objective_inequality_index,income_gap,access_to_services,poverty_risk_rate,perceived_injustice,perceived_unfairness,life_satisfaction,economic_optimism,civic_participation,voter_turnout,protest_activity,associational_membership,democratic_trust,institutional_trust,political_efficacy,corruption_perception,media_access_index,local_media_presence,digital_literacy,internet_coverage
AT12,AT127,49.3,2.5,22.3,67.7,51.7,8.7,3.0,50.5,54.5,,,54.5,29.9,58.9,0.6,69.8,24.6,15.5,33.7,
AT13,AT130,56.3,,60.4,73.0,60.1,97.3,55.2,61.9,30.4,57.7,4.6,28.9,23.2,,10.1,63.6,42.8,37.0,26.7,64.8
AT21,AT211,66.6,17.1,16.3,99.0,49.5,55.7,84.3,22.9,60.5,,26.8,94.3,41.7,31.5,39.6,45.9,46.9,24.7,26.3,89.8
AT21,AT212,35.5,21.9,51.0,,20.8,,,79.2,67.7,6.4,99.6,97.1,47.5,1.1,68.2,26.7,48.1,11.2,45.4,87.6
AT21,AT213,68.6,50.1,,87.1,64.9,63.9,15.3,53.9,27.4,53.0,,1.9,59.4,87.9,30.8,,50.8,94.7,,6.9
AT22,AT221,65.8,76.6,,55.0,64.3,87.2,21.2,73.0,49.3,31.2,65.0,51.8,55.4,,33.8,23.0,38.7,7.1,22.9,86.0
AT22,AT222,23.1,,66.9,13.2,53.2,57.1,78.5,19.0,57.7,,42.4,72.9,82.2,98.4,,33.9,33.5,24.9,,42.2
AT22,AT223,45.2,25.0,44.3,55.0,11.9,,83.6,92.6,14.6,16.6,21.4,5.9,78.2,98.5,78.4,42.3,85.7,99.5,71.8,
AT22,AT224,49.5,96.9,54.2,5.7,75.5,50.3,15.7,8.0,39.8,,67.5,12.0,42.7,24.6,61.9,58.4,68.2,93.5,71.6,39.6
AT22,AT225,27.4,30.0,75.2,,88.7,99.8,7.3,26.5,62.5,88.1,37.0,,89.4,70.4,98.7,0.8,61.9,29.9,93.9,
AT22,AT226,27.2,,,27.2,53.2,71.8,63.4,48.9,56.1,84.6,,27.7,44.8,,63.7,74.1,42.8,42.8,,
AT31,AT311,40.6,90.4,83.5,14.8,12.0,,89.9,86.1,39.9,21.0,10.3,88.4,37.8,62.1,,86.5,38.9,81.1,2.5,33.2
AT31,AT312,59.3,80.2,81.1,78.7,16.2,,85.9,81.7,26.6,30.5,22.8,,79.2,,86.4,27.9,35.0,40.0,53.6,11.5
AT31,AT313,45.7,17.9,26.5,,57.9,72.9,60.6,38.5,26.5,25.5,0.2,53.8,55.3,74.2,36.4,,49.3,33.0,84.8,30.0
AT31,AT314,55.6,40.8,29.6,,57.9,94.0,90.3,30.1,36.2,0.0,43.0,65.5,37.3,44.2,47.3,79.6,63.3,,,63.3
AT31,AT315,44.8,81.8,67.3,19.9,72.6,,47.5,7.3,56.2,63.0,,49.4,44.3,65.6,,77.0,34.7,,17.6,51.8
AT32,AT321,47.6,,84.8,80.1,47.5,98.8,95.0,61.3,59.9,50.5,54.8,74.4,45.9,25.9,63.8,52.1,27.4,27.5,,27.2
AT32,AT322,61.7,54.0,,69.4,43.8,6.4,54.3,20.7,78.9,90.5,69.6,76.6,26.9,0.6,75.3,95.3,52.3,74.8,60.3,21.9
AT32,AT323,17.2,2.9,67.9,16.5,51.2,12.8,2.7,56.4,9.3,,13.6,5.0,40.7,21.2,76.1,75.2,25.2,25.2,,
AT33,AT331,66.7,100.0,65.0,65.2,95.0,95.0,,,56.4,,,56.4,37.3,69.9,16.8,74.8,96.5,,96.5,
AT33,AT332,36.0,,67.7,39.7,22.4,7.6,62.7,,58.5,85.0,12.1,78.3,36.1,42.8,50.6,85.0,48.3,10.6,63.6,70.7
AT33,AT333,66.7,73.4,27.0,53.8,44.6,43.6,26.8,83.1,42.7,,24.4,61.0,13.8,2.9,18.2,79.8,57.8,88.0,27.6,
AT33,AT334,42.9,8.6,48.9,69.1,56.9,49.1,9.3,69.2,62.0,58.2,53.1,74.6,47.7,70.3,25.1,,76.2,,,76.2
AT33,AT335,74.7,,48.4,97.7,28.3,28.3,,,22.6,17.9,,27.4,39.6,55.3,12.6,49.1,50.7,57.4,44.0,
AT34,AT341,46.2,,47.8,40.1,94.6,,5.4,,34.3,30.4,11.8,60.6,27.2,22.6,45.1,86.0,62.1,30.5,61.0,94.8
AT34,AT342,52.7,21.1,15.7,,40.6,,,59.4,54.0,23.1,70.3,68.7,67.5,78.8,66.1,42.5,73.8,64.8,82.7,
BE10,BE100,27.0,,74.9,28.9,40.0,,70.0,50.0,20.1,8.0,,32.2,32.5,9.1,83.6,95.1,39.4,67.2,4.0,47.1
BE21,BE211,77.5,91.6,,63.5,30.0,9.1,33.3,85.8,73.0,69.4,94.5,55.0,59.0,31.5,97.0,51.5,53.5,65.8,41.3,
BE21,BE212,51.5,75.6,76.0,54.9,56.9,43.8,12.1,60.9,35.5,15.8,55.2,,51.1,91.3,11.7,49.8,52.9,50.9,83.5,24.4
BE21,BE213,58.0,38.4,50.8,86.4,34.5,79.0,93.4,82.1,48.2,29.9,99.9,14.9,52.2,34.5,54.3,32.2,67.4,,57.2,77.6
BE22,BE223,34.0,,70.5,38.6,66.3,82.1,49.5,,66.3,59.0,87.4,52.6,68.8,72.2,65.5,,83.8,96.9,69.3,85.2
BE22,BE224,76.7,85.9,31.7,75.9,5.8,3.6,,92.1,57.3,74.7,9.8,87.3,48.2,69.4,4.6,29.3,29.4,14.6,56.6,17.0
BE22,BE225,64.7,,62.0,91.3,86.8,,25.4,0.9,46.8,90.1,15.8,34.6,56.3,63.9,25.0,19.9,68.3,48.3,57.2,99.3
BE23,BE231,79.7,97.8,27.4,68.6,42.2,4.9,49.7,28.6,64.1,60.7,63.7,67.8,54.7,65.9,62.8,64.6,58.7,44.1,73.2,
BE23,BE232,74.7,74.7,,,60.0,97.1,91.3,25.7,44.8,48.2,74.7,11.5,34.0,14.1,86.0,98.0,79.8,80.5,79.1,
BE23,BE233,53.5,45.5,67.2,82.2,50.7,10.8,2.5,56.1,56.5,22.1,,90.9,55.2,40.8,,30.4,30.1,9.7,13.6,67.0
BE23,BE234,60.2,94.6,74.2,,55.3,9.9,40.8,3.3,64.9,44.3,85.5,,57.1,54.4,35.9,19.0,54.9,,45.5,64.2
BE23,BE235,38.8,2.1,24.4,,33.1,6.9,20.7,87.0,9.9,14.8,0.3,14.5,57.4,,17.4,2.6,20.6,,23.8,17.4
BE23,BE236,47.5,,52.6,47.6,28.4,51.3,,94.5,66.2,,86.7,45.8,32.4,6.1,40.2,49.0,6.9,7.3,,6.6
BE24,BE241,61.3,63.3,32.5,53.1,37.6,60.5,,85.3,40.4,76.9,21.5,22.8,29.4,45.3,9.5,66.5,10.4,15.3,6.7,9.3
BE24,BE242,38.7,,81.2,58.6,33.2,33.0,,66.5,72.9,86.8,96.8,35.2,21.9,21.3,22.4,,59.6,36.8,57.4,84.5
BE25,BE251,58.8,81.8,64.3,,78.0,82.9,18.0,30.9,23.8,0.6,56.6,14.2,30.2,3.1,21.5,34.1,64.5,72.2,56.8,
BE25,BE252,67.4,,,67.4,48.8,66.2,44.2,75.5,38.5,,28.3,48.7,32.2,4.5,59.9,,26.9,21.1,,32.8
BE25,BE253,76.4,,17.6,70.4,90.6,83.3,7.2,4.2,71.8,,86.2,57.3,41.8,41.8,,,57.4,80.1,83.2,8.8
BE25,BE254,34.3,24.3,52.4,31.0,60.9,33.3,,11.4,81.6,90.6,72.7,81.5,19.3,14.6,,76.0,47.7,17.7,49.4,76.0
BE25,BE255,71.8,92.4,63.5,86.4,42.4,15.1,,30.3,14.1,5.6,31.0,5.7,47.5,7.7,85.5,50.7,75.3,55.4,89.6,81.0
BE25,BE256,58.6,32.2,15.1,,57.6,,34.3,50.5,48.0,,43.8,52.3,47.2,,28.3,33.8,42.8,78.9,6.6,
BE25,BE257,50.0,28.4,65.7,87.3,30.8,58.3,,96.8,56.9,39.2,93.8,37.7,65.2,81.3,82.9,68.5,39.6,64.6,36.2,18.0
BE25,BE258,86.0,94.8,22.7,,53.2,,10.1,83.5,40.2,3.8,76.6,,58.9,16.2,77.1,16.6,31.1,41.1,23.8,28.5
BE31,BE310,53.6,44.9,30.9,46.9,36.7,36.8,98.4,28.2,49.4,52.7,81.7,13.8,59.8,64.1,55.5,,84.0,85.1,76.3,90.5
BE32,BE323,25.3,,94.6,45.1,39.6,2.7,,23.6,60.7,37.5,,83.9,48.0,79.1,,83.0,29.4,13.9,44.9,
BE32,BE328,44.6,,83.5,72.7,40.5,11.1,30.1,,50.1,79.4,11.1,59.7,24.2,,24.2,,37.3,61.5,41.7,8.6
BE32,BE329,37.2,6.8,50.7,55.4,49.1,47.0,98.1,1.6,56.9,34.5,62.8,73.5,42.9,4.4,81.4,,38.7,46.5,63.2,6.3
BE32,BE32A,70.7,45.8,4.4,,47.1,,51.5,54.3,76.7,75.3,,78.1,22.1,33.2,,88.9,78.9,89.5,97.4,49.8
BE32,BE32B,39.6,51.9,72.7,,75.1,82.2,32.1,,36.1,30.6,42.6,35.2,53.9,,35.3,27.5,65.5,94.8,,36.3
BE32,BE32C,77.2,67.9,14.3,78.1,63.4,,,36.6,53.9,56.7,67.9,37.2,57.4,57.4,39.8,25.0,53.0,,49.9,56.2
BE32,BE32D,39.3,26.0,99.6,91.6,40.9,12.3,45.2,44.5,59.6,,84.6,34.7,58.9,,89.1,71.2,57.3,63.8,50.9,
BE33,BE331,49.4,13.9,2.6,36.9,48.9,55.2,8.6,100.0,67.5,52.6,82.3,,48.1,64.2,68.0,87.8,53.6,64.0,,43.3
BE33,BE332,5.5,5.5,,,17.5,,70.9,94.1,53.5,84.6,63.5,12.5,51.6,53.3,16.9,15.4,79.6,72.1,84.3,82.5
BE33,BE334,57.7,,,57.7,50.0,76.7,63.9,62.7,68.6,95.7,80.5,29.7,51.6,,,48.4,72.9,60.7,71.8,86.1
BE33,BE335,34.5,13.1,56.2,46.6,43.2,24.8,,38.4,32.9,24.8,16.0,57.8,65.6,76.3,51.5,30.9,36.0,,50.5,21.5
BE33,BE336,21.3,5.1,88.2,47.1,40.0,84.7,88.2,76.4,22.3,40.1,19.5,7.4,87.8,76.4,98.9,11.9,49.6,39.4,33.9,75.5
BE34,BE341,50.0,,50.0,,46.0,,47.4,60.6,41.0,32.8,16.3,73.9,52.3,33.6,53.2,30.0,71.5,36.8,98.0,79.7
BE34,BE342,82.8,68.8,,96.7,62.8,77.6,72.1,17.1,26.7,62.0,14.8,3.2,48.0,11.0,,15.1,68.9,41.0,92.1,73.6
BE34,BE343,32.5,,,32.5,67.0,52.5,17.3,34.2,67.5,77.2,64.3,61.0,29.2,,55.8,97.3,44.8,28.9,70.5,34.9
BE34,BE344,68.4,79.5,12.2,38.0,57.5,81.8,80.5,28.8,26.8,34.6,25.6,20.2,49.4,93.3,13.7,58.7,65.4,67.0,63.8,
BE34,BE345,36.1,71.7,,0.5,50.6,92.9,93.5,47.7,61.5,,32.1,90.8,29.9,,53.5,93.7,44.9,17.5,17.6,99.7
BE35,BE351,47.0,49.5,96.2,87.7,80.4,,10.7,28.5,65.0,54.3,93.9,46.8,,,,,52.4,25.7,,79.1
BE35,BE352,82.7,75.7,,89.7,66.5,51.5,,18.5,24.2,,24.8,23.6,83.8,95.4,72.3,,69.3,69.3,,
BE35,BE353,27.4,40.5,89.5,31.1,74.3,,29.5,21.9,60.6,,,60.6,62.3,54.9,53.8,21.8,51.4,75.5,8.2,70.4
BG31,BG311,72.2,,6.2,50.5,31.5,15.0,52.0,,69.6,58.3,,80.9,25.5,51.3,5.8,80.7,39.6,39.6,74.6,4.5
BG31,BG312,6.5,6.4,93.5,,9.5,3.2,76.9,97.8,57.0,42.0,38.2,90.7,62.5,68.3,53.9,34.8,37.6,,52.9,22.3
BG31,BG313,67.3,,,67.3,66.9,53.2,24.8,27.6,57.2,72.5,,41.9,89.2,88.4,,10.1,70.3,,70.3,
BG31,BG314,41.4,40.2,21.7,5.6,32.0,28.9,73.2,59.8,22.8,32.1,14.3,22.1,43.8,6.1,88.0,62.6,74.1,49.6,94.2,78.6
BG31,BG315,58.5,41.6,,75.4,40.9,84.9,70.8,91.5,43.5,96.8,13.4,20.3,60.8,92.2,9.2,19.0,77.4,67.4,87.4,
BG32,BG321,52.6,72.4,47.9,33.3,2.6,1.5,96.2,,66.6,47.9,60.4,91.5,68.3,77.6,53.4,26.2,48.3,49.7,,46.9
BG32,BG322,57.4,91.4,41.4,22.1,32.4,,93.5,41.8,44.0,,38.0,49.9,62.2,68.5,82.2,64.2,27.5,16.8,16.9,48.8
BG32,BG323,74.2,54.2,5.9,,44.6,94.5,76.4,84.3,54.0,70.7,,37.3,71.4,66.7,48.3,0.7,10.1,1.2,27.5,1.7
BG32,BG324,38.2,67.4,91.0,,,,,,53.9,81.5,39.7,40.6,67.3,99.0,68.4,65.4,65.7,76.0,,55.3
BG32,BG325,,,,,59.1,43.4,56.6,9.5,46.2,4.3,86.8,47.6,10.1,,,89.9,31.1,3.3,31.4,58.7
BG33,BG331,81.8,71.3,7.7,,39.4,83.5,89.7,75.6,84.9,,72.4,97.4,53.5,,83.9,76.9,47.3,39.7,3.0,99.3
BG33,BG332,52.8,35.6,43.2,66.1,56.0,,79.8,8.2,47.5,,63.4,31.7,64.0,,,36.0,34.4,13.3,,55.5
BG33,BG333,41.9,2.6,9.3,32.4,43.4,29.2,8.5,90.5,35.6,57.2,,13.9,53.6,49.3,,42.1,30.6,7.7,24.7,59.4
BG33,BG334,94.9,,,94.9,49.2,62.0,33.0,81.5,96.1,97.4,,94.7,52.9,31.4,96.9,69.5,44.8,57.6,37.6,39.3
BG34,BG341,54.5,,59.2,68.2,65.1,95.3,70.8,29.1,62.0,81.9,40.9,63.3,72.4,65.9,78.9,,55.9,47.9,50.7,69.2
BG34,BG342,51.1,79.1,89.6,63.8,34.8,,65.8,64.7,71.5,,67.7,75.3,46.0,43.0,,51.1,60.0,58.1,44.6,77.2
BG34,BG343,73.8,50.0,2.5,,91.0,96.2,,14.2,45.9,45.5,48.3,43.8,56.5,31.9,81.0,,35.2,64.8,16.4,24.4
BG34,BG344,95.8,,,95.8,48.6,40.5,,43.2,29.3,,19.7,38.9,50.8,20.6,80.9,,32.2,,18.7,45.8
BG41,BG411,61.2,86.3,63.9,61.1,34.2,34.8,61.7,70.6,61.4,61.4,,,33.6,,18.3,51.1,33.9,13.8,18.6,69.3
BG41,BG412,75.5,100.0,49.0,,72.0,45.1,,1.0,73.0,,96.4,49.5,45.2,41.6,48.9,,41.5,,29.2,53.8
BG41,BG413,40.4,,74.3,55.0,17.7,,,82.3,68.5,82.3,,54.6,28.5,10.2,75.1,99.9,52.1,34.9,43.9,77.6
AL01,AL011,69.8,81.1,35.1,63.3,79.3,,,20.7,30.2,,28.1,32.4,48.9,28.9,85.8,67.9,88.9,,78.6,99.2
AL01,AL012,56.8,12.7,25.0,82.8,56.2,67.6,57.7,41.4,33.5,63.4,9.3,27.8,34.8,36.9,32.7,,51.6,73.3,45.8,35.8
AL01,AL013,49.7,,21.8,21.2,58.8,82.8,57.8,48.5,68.3,68.3,,,51.0,46.0,,44.1,16.7,,20.2,13.2
AL01,AL014,37.8,15.9,27.4,25.0,79.9,90.4,,30.6,46.9,23.4,70.4,,40.6,13.3,68.0,,62.0,81.7,42.2,
AL01,AL015,26.9,,73.1,,56.4,88.1,,75.3,7.6,,14.3,0.8,53.4,44.0,62.8,,38.7,68.7,8.7,
AL02,AL021,25.6,59.0,96.3,14.0,23.5,8.4,60.0,77.9,55.3,84.8,30.2,51.0,17.1,29.6,,95.5,56.2,11.3,59.4,97.8
AL02,AL022,75.1,93.4,,56.8,57.1,68.3,95.4,1.7,4.0,,4.0,,43.5,50.7,50.1,70.2,46.3,,61.6,31.0
AL03,AL031,43.4,20.3,53.6,63.4,47.5,68.1,,73.0,25.5,5.8,,45.3,52.5,30.9,74.1,,61.2,70.1,,52.3
AL03,AL032,72.1,72.1,,,24.9,26.9,77.1,,42.5,27.2,,57.7,39.6,,36.0,56.7,48.9,25.5,,72.3
AL03,AL033,37.7,50.9,,24.5,26.3,38.3,,85.7,58.3,91.4,41.9,41.6,38.5,27.1,,50.2,41.0,17.9,98.1,6.9
AL03,AL034,32.1,28.2,32.7,0.8,45.0,56.4,62.3,59.2,76.7,77.3,,76.0,13.3,0.6,23.3,84.0,90.0,95.1,,84.9
AL03,AL035,30.9,10.4,23.8,6.0,40.8,71.2,,89.7,83.8,70.1,97.5,,92.5,,,7.5,32.9,43.5,23.7,31.5
AT11,AT111,48.6,70.1,31.8,7.5,81.2,78.0,15.5,,56.0,40.7,96.5,30.8,14.7,12.0,,82.6,18.4,4.0,32.8,
AT11,AT112,55.7,35.6,67.7,99.1,64.9,,45.2,25.0,80.4,80.4,,,80.5,98.3,,37.2,30.9,64.5,25.9,2.2
AT11,AT113,55.7,,44.3,,87.3,82.9,4.3,16.8,34.1,82.2,2.9,17.3,53.5,18.7,88.3,,24.0,24.6,41.2,6.1
AT12,AT121,33.1,13.7,,52.6,48.5,80.2,98.9,35.9,38.9,48.5,50.2,18.0,49.9,21.9,77.9,,54.3,52.9,100.0,10.0
AT12,AT122,17.5,26.7,91.7,,19.4,21.9,79.7,83.9,63.2,17.6,80.6,91.4,69.2,,94.8,56.3,59.5,,88.2,30.9
AT12,AT123,29.1,9.0,21.9,0.1,14.1,20.1,,91.9,62.0,32.4,,91.7,62.2,84.6,96.1,94.2,11.8,10.1,13.6,
AT12,AT124,57.1,79.2,64.9,,43.9,69.4,78.7,58.9,68.8,,68.8,,45.9,94.9,39.2,96.5,57.1,,92.1,22.1
AT12,AT125,58.8,93.7,,23.8,48.0,16.8,8.9,63.9,34.9,44.7,25.0,,18.8,10.8,,73.3,45.5,88.5,37.9,10.1
AT12,AT126,58.9,86.4,68.7,,37.6,,29.5,95.2,73.2,,,73.2,64.2,89.8,,61.4,11.8,3.1,16.5,15.7
CH03,CH032,76.6,,19.0,72.2,51.4,26.5,23.8,,63.4,84.0,,42.8,43.1,66.2,20.0,,19.5,,8.2,30.8
CH03,CH033,52.8,48.9,9.1,18.5,62.7,36.9,26.3,22.6,36.5,6.2,66.7,,43.0,54.1,59.0,84.1,72.3,41.9,86.7,88.2
CH04,CH040,42.2,7.9,71.4,90.0,79.5,67.8,12.0,17.3,69.5,97.2,12.6,98.8,64.0,99.7,83.4,91.1,24.7,6.7,39.7,27.6
CH05,CH051,55.7,87.3,62.3,42.0,15.5,14.8,75.8,92.5,34.9,10.1,53.6,41.1,46.0,48.6,3.7,14.4,51.2,69.4,,33.1
CH05,CH052,42.4,74.6,89.7,,57.1,30.3,49.2,9.8,28.2,13.4,44.3,26.9,41.1,64.6,,82.4,58.0,75.9,82.1,15.9
CH05,CH053,69.3,50.7,,87.9,16.3,,,83.7,66.2,45.6,70.5,82.4,63.5,63.5,,,59.0,59.4,,58.7
CH05,CH054,23.3,16.4,74.9,28.5,18.4,16.3,96.5,64.7,35.2,26.9,2.0,76.8,82.0,,64.7,0.8,73.2,80.5,96.7,42.4
CH05,CH055,56.9,34.9,46.7,82.4,35.5,10.2,66.2,37.4,35.9,60.9,10.8,,33.7,64.1,26.1,89.2,61.7,15.0,90.0,80.2
CH05,CH056,64.6,66.1,72.1,99.7,60.4,41.9,3.5,57.2,50.4,,22.2,78.5,54.7,67.2,84.5,87.6,,,,
CH05,CH057,65.4,80.8,18.3,33.6,23.4,,74.4,78.8,65.9,26.1,85.1,86.6,72.2,94.4,,50.0,19.1,38.2,5.4,13.7
CH06,CH061,27.3,40.9,90.7,31.6,57.4,77.9,63.1,,38.3,0.5,76.1,,31.5,49.0,8.8,63.3,50.1,96.5,3.8,
CH06,CH062,9.1,1.4,83.3,,60.1,62.7,69.4,12.9,44.4,58.9,,29.8,35.7,72.8,33.8,99.5,66.9,90.1,18.8,91.8
CH06,CH063,56.2,22.8,13.1,59.0,34.9,,65.1,,32.2,25.6,4.9,66.2,29.7,2.0,41.7,54.7,48.2,15.3,63.0,66.2
CH06,CH064,41.3,27.0,13.7,10.5,11.8,11.8,,,52.3,,,52.3,51.1,70.3,3.9,20.8,61.9,33.1,,90.7
CH06,CH065,66.9,66.9,,,74.7,72.4,,23.1,19.8,29.6,10.0,,53.1,,80.2,73.9,35.4,,4.6,66.3
CH06,CH066,72.0,,43.8,87.8,42.8,,18.3,96.2,66.1,38.6,80.0,79.7,45.0,,5.9,15.9,63.5,59.1,67.8,
CH07,CH070,59.9,35.9,,83.9,65.7,13.1,11.3,4.6,52.3,31.4,67.8,57.7,53.8,97.8,33.8,70.1,46.2,,24.9,67.6
CY00,CY000,42.6,83.9,98.8,,41.0,15.7,85.2,7.5,31.1,24.1,5.0,64.3,39.3,23.5,80.1,85.7,38.6,11.9,65.3,
CZ01,CZ010,55.7,55.7,,,48.0,61.9,50.8,67.1,40.8,36.3,,45.4,72.1,62.0,65.7,11.4,44.8,22.2,83.0,29.2
DE24,DE243,70.2,70.2,,,27.8,,72.2,,45.4,18.8,39.3,78.1,48.2,10.8,92.7,58.9,70.3,45.1,95.6,
DE24,DE244,68.5,53.0,,83.9,53.4,50.8,17.7,73.0,55.2,,60.1,50.4,59.3,98.0,76.2,96.4,57.6,45.3,,70.0
DE24,DE245,45.8,29.9,86.1,93.6,41.3,20.1,29.1,67.2,49.2,65.0,50.4,32.2,40.6,,48.0,66.7,61.4,74.8,28.6,80.8
DE24,DE246,11.2,2.5,,20.0,40.6,16.1,25.1,69.1,42.8,75.4,,10.2,74.8,73.9,74.2,23.8,61.7,79.9,66.4,38.8
DE24,DE247,71.2,97.6,55.2,,28.0,62.1,87.0,91.1,65.7,64.8,54.7,77.6,55.3,29.4,,18.7,46.7,,37.7,55.7
DE24,DE248,72.8,,25.5,71.0,94.9,,,5.1,48.8,61.6,49.1,35.8,25.1,31.8,18.4,,24.0,41.6,9.2,21.3
DE24,DE249,53.5,36.1,75.3,99.7,76.8,98.1,,44.6,63.1,61.4,95.9,32.1,52.5,94.5,54.0,91.1,41.0,37.5,44.6,
DE24,DE24A,12.3,19.3,94.8,,53.8,53.8,,,59.9,77.4,42.4,,51.3,70.3,77.5,94.0,24.3,15.4,33.2,
DE24,DE24B,33.5,,55.8,22.8,47.8,38.8,43.3,,58.0,53.5,61.8,58.6,29.3,7.3,10.6,30.1,54.9,,43.8,66.1
DE24,DE24C,66.5,53.3,,79.7,52.3,96.0,,91.4,74.4,72.9,94.9,55.5,46.3,,,53.7,54.1,30.5,90.4,41.3
DE24,DE24D,67.4,51.3,,83.5,14.8,,,85.2,56.1,93.2,46.1,29.1,51.3,,,48.7,37.6,12.8,10.0,90.0
DE25,DE251,57.0,45.1,30.6,56.6,69.6,31.6,0.5,22.2,48.3,43.6,13.4,87.8,45.5,35.9,55.2,,41.5,84.2,14.0,26.3
DE25,DE252,7.6,7.6,,,24.0,3.1,40.5,90.6,46.0,54.3,47.2,36.6,51.8,77.2,29.1,51.0,65.5,50.2,84.8,61.4
DE25,DE253,55.4,,44.6,,52.1,65.9,73.6,35.9,26.5,48.8,,4.3,77.7,90.8,47.0,4.6,56.0,32.4,52.1,83.5
DE25,DE254,45.5,54.4,,36.5,64.8,83.5,37.6,51.6,61.7,86.8,48.2,50.2,,,,,46.5,21.2,,71.7
DE25,DE255,33.6,,81.1,48.2,59.5,21.1,,2.2,10.0,,16.1,3.9,21.2,5.6,18.0,59.9,25.6,1.9,66.2,8.6
DE25,DE256,80.8,99.3,17.1,60.1,77.8,82.0,,26.5,44.0,34.3,59.1,38.5,72.0,,86.0,42.0,61.5,,,61.5
DE25,DE257,49.7,,50.3,,17.6,13.0,82.8,77.5,26.5,52.2,4.3,22.9,53.9,79.0,58.9,76.2,16.6,9.8,,23.3
DE25,DE258,43.7,28.3,40.9,,83.6,78.9,11.8,,52.5,68.8,36.2,,46.7,25.4,42.4,27.6,63.6,75.5,78.4,37.0
DE25,DE259,54.9,25.4,34.4,73.6,68.3,65.9,44.7,16.2,55.3,40.1,55.1,70.7,0.5,,0.5,,43.5,,43.5,
DE25,DE25A,53.2,8.0,,98.4,36.8,52.1,59.7,82.0,46.1,43.9,65.7,28.6,67.3,,51.6,16.9,0.0,,0.0,
DE25,DE25B,63.4,78.0,39.5,51.8,11.9,6.9,,83.0,27.3,34.8,27.7,19.5,49.1,57.5,40.7,,95.2,,94.7,95.7
DE25,DE25C,56.1,81.3,69.4,56.3,57.0,75.7,45.9,58.7,,,,,42.3,99.4,23.0,95.5,12.9,1.0,24.8,
DE26,DE261,64.9,82.1,,47.7,34.6,89.4,94.7,91.0,42.5,20.0,87.3,20.3,61.9,61.9,,,61.0,67.6,61.4,54.1
DE26,DE262,68.2,,62.1,98.5,53.5,86.9,98.4,28.0,52.8,57.7,,47.8,59.4,50.2,68.6,,69.3,69.8,68.9,
DE26,DE263,50.6,58.1,61.3,54.9,63.1,47.1,36.6,21.1,32.6,37.2,28.0,,22.9,,22.9,,30.9,23.6,38.1,
DE26,DE264,65.6,15.0,17.7,99.6,39.0,51.7,78.5,56.2,31.2,39.8,6.0,47.7,29.3,45.0,36.1,93.2,49.1,2.0,,96.3
DE26,DE265,35.1,,64.9,,32.6,35.5,48.7,89.0,21.6,28.7,14.5,,61.3,33.7,57.2,7.1,29.2,,31.7,26.7
DE26,DE266,33.2,27.1,86.3,58.7,41.4,41.4,,,68.2,66.2,70.1,,,,,,65.7,54.8,,76.5
DE26,DE267,86.5,,15.5,88.5,31.0,24.7,62.6,,45.5,2.9,86.0,47.6,42.9,54.1,44.5,69.8,59.8,,63.1,56.4
DE26,DE268,69.9,64.0,34.7,80.5,53.1,36.6,30.4,,65.8,84.8,46.9,,55.4,94.7,0.9,29.3,27.1,0.7,41.2,39.5
DE26,DE269,43.6,,39.0,26.3,21.5,24.0,91.0,68.5,44.6,74.3,41.3,18.2,57.4,63.7,27.2,18.8,18.6,,,18.6
DE26,DE26A,25.9,,71.5,23.3,42.9,,34.2,79.9,58.2,46.4,33.0,95.2,43.9,,7.1,19.2,39.6,81.7,12.2,24.9
DE26,DE26B,72.7,44.3,3.4,77.1,65.9,98.2,68.1,32.3,40.1,4.2,52.1,63.9,87.6,,86.4,11.3,22.2,32.5,,12.0
DE26,DE26C,24.2,0.9,,47.5,37.1,37.1,,,77.8,,93.1,62.5,78.8,,70.1,12.6,72.6,98.2,75.7,43.9
DE27,DE271,64.2,,35.8,,66.7,48.5,29.5,19.0,78.2,,73.2,83.1,55.5,55.5,,,21.4,26.3,0.1,37.9
DE27,DE272,77.6,,,77.6,55.3,72.1,53.9,52.4,32.8,55.1,32.3,11.0,33.2,6.7,13.0,20.2,48.7,9.9,83.6,52.6
DE27,DE273,32.5,25.6,60.6,,15.9,20.9,89.0,,45.6,6.1,93.8,36.9,43.2,82.4,4.1,,52.5,94.5,9.7,53.2
DE27,DE274,46.5,,24.9,17.9,52.9,41.5,,35.8,41.6,66.5,16.7,,44.8,33.8,,44.3,46.8,31.5,32.5,76.4
DE27,DE275,64.3,72.6,56.3,76.6,36.0,25.4,44.7,72.6,63.0,59.6,99.3,30.0,58.3,85.6,,69.0,74.0,55.4,92.6,
DE27,DE276,72.2,,13.8,58.2,44.6,81.1,,91.8,52.9,72.4,17.3,69.0,54.4,90.8,30.0,57.6,34.8,,,34.8
DE27,DE277,40.0,41.7,87.0,65.3,52.9,1.1,38.2,4.1,18.6,15.0,22.1,,58.9,39.3,59.5,22.2,39.4,39.4,,
DE27,DE278,57.9,4.9,8.5,77.4,51.2,,,48.8,33.5,19.6,73.6,7.2,33.0,32.3,9.0,42.4,44.4,32.1,2.4,98.8
DE27,DE279,92.2,99.0,14.6,,44.3,20.0,75.8,11.2,87.3,,92.7,82.0,54.4,,11.1,2.3,51.5,53.8,52.3,48.3
DE27,DE27A,59.6,14.1,1.8,66.4,21.1,,,78.9,11.1,5.3,0.8,27.1,34.3,66.0,1.9,64.9,44.9,38.1,10.0,86.7
DE27,DE27B,25.0,18.6,45.8,2.1,56.8,52.9,39.3,,36.3,35.2,23.6,50.1,82.9,62.6,89.0,2.9,46.9,28.0,,65.7
DE27,DE27C,33.2,,96.1,62.6,16.5,24.0,,91.0,49.4,54.2,13.9,80.0,41.6,30.9,52.4,,94.7,97.6,,91.7
DE27,DE27D,77.3,55.7,11.8,88.0,63.6,76.5,41.4,44.3,42.5,89.4,27.4,10.7,52.2,,61.2,56.7,35.6,23.2,35.9,47.7
DE27,DE27E,57.4,60.5,37.4,49.1,,,,,47.2,1.5,41.3,98.8,52.1,6.6,98.6,49.0,43.1,45.8,40.5,
DE30,DE300,45.4,38.0,61.2,59.4,50.9,87.6,52.1,82.7,62.7,,51.9,73.5,38.9,51.6,4.9,39.8,43.5,82.8,42.2,5.5
DE40,DE401,26.8,14.2,45.2,11.3,78.4,93.8,13.5,45.1,58.4,,71.3,45.5,78.8,69.2,79.6,12.4,37.3,,36.3,38.4
DE40,DE402,63.4,51.2,37.9,76.8,74.5,56.5,15.0,17.9,60.5,42.0,76.9,62.6,37.7,,,62.3,50.1,45.9,54.4,
DE40,DE403,28.0,23.8,47.6,7.9,26.7,24.5,62.0,82.5,3.7,,,3.7,63.9,66.7,29.8,4.9,46.1,17.8,61.1,59.5
DE40,DE404,23.0,17.7,57.9,9.3,58.4,36.9,6.8,55.0,31.1,13.5,27.4,52.5,49.2,61.2,,62.9,56.8,48.4,93.4,28.7
DE40,DE405,15.0,31.6,99.5,13.0,51.4,52.0,49.3,,35.6,70.9,0.2,,50.1,11.8,80.0,41.4,28.4,56.0,1.1,28.2
DE40,DE406,49.2,30.8,32.4,,36.2,34.1,61.6,,62.7,,33.8,91.6,57.9,64.6,62.7,53.7,60.9,78.4,74.3,29.9
DE40,DE407,63.6,31.6,20.8,80.0,53.7,35.4,28.0,,59.8,62.7,57.1,59.5,53.3,75.2,31.4,,38.8,49.7,45.2,21.6
DE40,DE408,25.9,11.2,77.8,44.4,50.0,,50.0,,75.4,73.2,77.6,,75.0,82.2,67.7,,49.0,45.9,52.2,
CZ02,CZ020,54.9,68.7,8.7,4.6,39.6,65.9,57.8,89.2,21.0,19.3,31.9,11.8,25.1,,1.5,51.4,25.8,35.0,14.2,28.3
CZ03,CZ031,28.7,7.1,33.9,13.0,67.5,67.5,,,49.0,17.9,59.3,69.9,49.7,31.2,71.3,53.3,60.3,75.6,13.2,92.0
CZ03,CZ032,32.6,45.6,71.0,23.2,41.6,86.1,91.3,70.0,62.1,78.9,45.3,,30.6,35.1,17.1,60.4,79.7,,,79.7
CZ04,CZ041,51.0,64.9,53.3,41.3,45.0,54.8,38.4,81.4,60.2,78.4,78.7,23.6,35.3,7.8,57.4,59.2,26.7,55.5,17.6,7.0
CZ04,CZ042,36.2,,77.1,49.4,18.9,9.1,88.7,63.6,,,,,42.3,39.0,19.6,31.7,94.6,91.3,94.3,98.3
CZ05,CZ051,24.6,8.9,,40.4,78.9,,36.9,5.3,63.9,82.1,86.1,23.5,41.1,39.4,38.3,54.5,70.0,47.5,,92.4
CZ05,CZ052,24.2,15.4,67.0,,51.3,,,48.7,70.3,99.0,,41.6,60.8,78.9,42.6,,45.4,55.2,35.5,
CZ05,CZ053,58.4,57.8,23.7,41.1,56.2,36.7,56.8,11.3,83.7,69.0,,98.4,59.0,77.9,7.8,8.8,53.9,74.2,7.8,79.8
CZ06,CZ063,26.2,5.3,77.9,51.3,49.5,73.4,96.1,28.9,65.7,,74.9,56.4,16.9,,16.9,,54.8,80.9,28.7,
CZ06,CZ064,85.9,85.1,13.3,85.8,,,,,55.3,15.1,80.8,70.1,57.1,79.9,34.3,,57.4,,15.4,99.4
CZ07,CZ071,44.5,23.8,63.8,73.4,76.3,64.2,11.6,,47.8,30.1,75.2,38.0,73.2,47.5,,1.2,48.4,44.9,96.2,4.1
CZ07,CZ072,68.8,63.7,43.2,85.8,43.8,26.7,,39.1,66.9,74.9,58.9,,50.9,69.0,,67.3,1.2,1.2,,
CZ08,CZ080,51.3,21.9,19.3,,19.6,,65.7,95.0,41.9,70.8,,13.0,72.4,90.0,96.7,69.6,46.1,46.7,63.9,27.6
DE11,DE111,79.0,90.3,32.3,,77.8,,38.3,6.0,45.6,26.5,49.2,61.0,46.3,,14.4,21.8,50.8,91.3,10.3,
DE11,DE112,17.7,25.1,89.7,,58.7,93.3,26.6,90.5,61.7,51.5,49.1,84.4,32.3,78.5,0.3,81.8,44.2,56.7,35.9,40.1
DE11,DE113,96.0,95.9,,96.1,52.8,,76.7,17.7,54.3,,19.1,89.6,31.2,35.9,,73.5,59.3,,,59.3
DE11,DE114,53.0,6.3,30.8,83.4,99.6,99.6,,,35.5,4.3,,66.7,30.1,67.8,14.9,92.5,47.1,,,47.1
DE11,DE115,45.8,4.6,13.1,,51.8,,79.4,17.1,80.8,81.8,,79.9,64.6,80.4,81.2,67.8,63.5,97.6,13.7,79.3
DE11,DE116,73.6,59.3,12.1,,73.9,69.6,43.9,4.1,31.4,,61.2,1.6,0.6,0.6,,,79.5,88.7,80.7,69.2
DE11,DE117,61.3,64.0,41.2,61.1,5.0,,,95.0,30.2,78.3,0.5,11.8,54.6,9.6,76.1,21.9,51.3,65.9,19.4,68.5
DE11,DE118,25.8,47.4,,4.3,39.8,28.5,33.4,75.8,92.5,,92.5,,38.2,48.5,,72.1,32.6,32.6,,32.6
DE11,DE119,59.8,32.6,,87.0,53.1,22.1,48.4,14.5,40.8,45.5,13.6,63.2,57.1,20.2,,6.0,45.9,,45.9,
DE11,DE11A,56.9,88.6,79.0,61.2,14.5,,85.5,,45.3,48.9,59.2,27.9,39.0,73.6,32.7,89.2,6.5,14.9,0.5,4.0
DE11,DE11B,62.4,76.9,,47.9,85.6,82.1,24.1,1.2,79.9,95.0,,64.8,22.4,,30.5,85.8,40.0,2.4,77.2,40.5
DE11,DE11C,26.9,37.0,63.3,7.1,53.1,33.3,,27.0,66.5,54.2,78.8,,53.0,73.6,,67.5,30.2,11.1,61.9,17.5
DE11,DE11D,36.7,6.7,20.5,23.9,5.1,,93.9,95.9,59.3,74.5,35.3,68.0,47.5,6.3,48.6,12.3,59.0,67.8,29.2,80.0
DE12,DE121,73.4,80.9,6.6,45.8,80.2,,28.8,10.9,73.3,69.7,87.5,62.7,55.3,97.0,13.2,44.4,26.2,29.2,,23.2
DE12,DE122,54.3,64.5,34.3,32.6,70.7,69.7,44.5,13.2,47.5,17.2,48.4,77.0,45.6,,45.6,,79.3,71.2,97.3,69.3
DE12,DE123,41.3,15.3,4.1,12.6,60.2,18.4,3.5,34.4,73.0,54.0,,92.0,59.0,49.9,,32.0,84.0,,97.6,70.5
DE12,DE124,15.2,29.0,98.1,14.7,43.9,90.7,68.9,90.0,57.4,,30.8,84.1,25.5,9.2,,58.3,46.8,93.6,2.3,44.5
DE12,DE125,49.9,8.7,19.4,60.5,79.7,90.8,14.8,37.0,45.0,28.5,97.8,8.8,48.1,44.4,80.4,80.6,21.7,42.4,14.0,8.6
DE12,DE126,24.4,47.5,98.7,,42.1,75.6,,91.4,65.5,55.6,75.5,,55.4,,55.4,,47.4,83.5,55.9,2.7
DE12,DE127,25.9,,95.6,47.3,71.9,89.3,49.2,24.5,99.4,,99.4,,65.8,58.1,86.8,47.6,28.6,12.0,57.5,16.3
DE12,DE128,12.2,,87.8,,61.2,,42.0,35.6,40.9,53.0,51.4,18.3,35.8,,54.4,82.7,49.5,30.1,68.8,
DE12,DE129,59.8,82.3,,37.3,61.9,34.0,10.2,,44.2,18.8,61.3,52.6,53.0,55.1,11.4,7.6,68.4,92.3,31.2,81.7
DE12,DE12A,42.8,59.8,34.2,2.9,65.2,22.2,14.2,12.5,78.4,,,78.4,75.7,,75.7,,51.3,,51.3,
DE12,DE12B,84.5,,6.6,75.5,51.0,92.0,90.1,,46.0,9.1,94.2,34.8,58.0,,72.9,57.0,10.3,,1.4,19.2
DE12,DE12C,46.4,90.2,97.4,,56.6,50.4,36.6,44.0,26.3,18.1,38.0,22.8,12.4,,12.4,,37.3,,70.5,4.1
DE13,DE131,49.7,11.6,60.0,97.6,35.0,55.4,85.5,,32.8,,47.6,17.9,41.6,49.2,,65.9,59.1,,,59.1
DE13,DE132,2.2,,97.8,,17.4,33.9,99.1,,57.0,72.5,71.3,27.3,57.2,64.4,47.6,40.4,29.5,27.9,10.8,49.7
DE13,DE133,13.5,13.5,,,17.4,,97.2,67.9,9.6,,9.6,,49.3,76.8,20.2,49.0,30.8,34.4,54.7,3.2
DE13,DE134,68.7,91.5,31.5,46.0,21.7,,86.0,70.6,31.1,13.4,48.7,,45.9,66.0,57.2,85.4,57.2,39.1,97.1,35.3
DE13,DE135,32.0,32.0,,,66.0,34.9,2.7,34.1,50.9,,35.7,66.1,77.9,64.8,91.0,,40.0,33.8,,46.1
DE13,DE136,63.0,56.8,26.7,58.8,56.8,37.8,57.3,10.0,57.2,33.6,76.5,61.5,48.1,43.6,84.7,84.0,34.5,28.7,,40.2
DE13,DE137,41.9,74.3,,9.5,26.5,6.7,47.5,79.6,31.2,30.2,43.3,20.0,69.4,62.5,76.3,,53.8,,86.3,21.3
DE13,DE138,47.3,74.2,93.7,61.4,48.1,43.4,62.7,36.4,30.0,,,30.0,32.4,31.9,6.4,41.2,45.4,64.6,60.1,11.4
DE13,DE139,36.6,,82.7,56.0,64.7,64.7,,,49.0,,80.4,17.6,63.3,96.4,2.0,8.4,64.4,86.7,40.7,65.7
DE13,DE13A,27.6,,72.4,,11.9,,93.3,82.9,64.6,93.2,88.5,12.2,49.4,32.9,39.0,23.6,29.1,14.4,,43.9
DE14,DE141,51.0,58.9,37.5,31.6,48.0,68.3,87.9,36.3,71.3,82.1,,60.6,70.4,66.2,69.1,24.0,26.5,30.9,36.3,12.2
DE14,DE142,64.2,85.8,91.0,97.8,32.2,9.0,23.5,89.0,47.7,63.1,76.7,3.4,48.4,82.3,47.1,84.1,73.6,87.7,82.4,50.6
DE14,DE143,29.7,60.2,73.8,2.7,61.7,,63.0,13.6,35.5,62.8,8.2,,68.2,97.0,76.3,68.6,58.0,31.9,73.5,68.7
DE14,DE144,49.1,80.0,,18.2,59.9,94.5,22.4,92.3,80.1,62.7,97.4,,50.3,16.9,42.9,8.9,69.1,94.7,,43.5
DE14,DE145,50.9,45.4,11.9,19.1,64.4,78.2,49.4,,43.4,60.0,28.3,41.8,16.7,14.6,26.2,90.7,34.7,68.4,1.0,
DE14,DE146,57.2,69.3,71.3,73.6,43.0,9.5,,23.5,90.4,99.7,96.7,74.8,61.2,,62.0,39.5,68.4,96.8,58.0,50.4
DE14,DE147,70.4,87.8,,53.0,,,,,88.0,,83.5,92.6,77.5,87.7,76.2,31.3,54.0,31.6,76.4,
DE14,DE148,80.2,65.7,5.3,,11.2,3.6,70.6,99.5,41.4,4.1,70.9,49.3,86.7,86.7,,,22.7,18.1,,27.3
DE14,DE149,39.5,58.6,97.2,57.1,45.8,7.7,67.7,2.6,70.3,68.1,59.0,83.7,34.0,,,66.0,53.9,95.5,0.6,65.6
DE21,DE211,38.7,32.5,73.4,56.9,36.3,4.9,32.3,,28.0,,38.1,17.8,85.2,86.6,,16.3,47.0,28.5,65.4,
DE21,DE212,41.8,43.2,31.0,13.1,62.2,83.2,49.0,47.6,55.6,42.3,81.1,43.4,27.3,4.0,46.4,68.6,46.0,,63.0,29.1
DE21,DE213,87.9,90.7,14.9,,77.3,84.2,29.5,,,,,,46.9,9.4,56.8,25.5,14.7,,11.4,18.0
DE21,DE214,60.8,,8.3,29.8,28.8,45.5,62.4,96.7,39.5,18.7,,60.4,5.6,10.6,0.6,,82.9,,69.2,96.6
DE21,DE215,39.6,48.7,97.4,67.4,63.5,39.5,12.5,,85.9,,,85.9,43.2,64.9,43.6,79.0,24.2,,46.3,2.2
DE21,DE216,96.4,,,96.4,60.8,86.0,20.1,83.4,71.3,,,71.3,71.8,84.9,59.6,29.1,63.8,48.6,61.1,81.7
DE21,DE217,45.2,71.4,42.2,6.4,52.5,41.7,49.5,34.7,14.8,2.1,19.2,23.2,61.8,90.9,60.2,65.7,77.2,,71.1,83.3
DE21,DE218,51.9,73.5,80.0,62.2,81.0,74.9,12.9,,43.5,10.1,99.4,20.9,64.3,,,35.7,89.4,,89.4,
DE21,DE219,38.2,,61.8,,45.1,25.8,35.5,,39.1,26.7,,51.5,43.4,70.6,43.8,84.2,78.2,,,78.2
DE21,DE21A,82.4,82.4,,,75.7,87.1,15.7,44.2,53.4,73.3,,33.5,33.5,,43.9,76.9,65.7,80.9,50.5,
DE21,DE21B,54.5,75.5,66.5,,40.4,42.2,80.2,40.9,60.7,85.2,36.2,,5.6,,,94.4,98.2,,98.2,
DE21,DE21C,62.1,,66.0,90.3,38.4,,71.3,52.0,56.6,40.2,55.4,74.3,27.9,0.8,52.8,70.0,56.3,20.5,78.8,69.7
DE21,DE21D,54.1,78.2,19.7,3.7,77.2,72.5,12.6,28.4,34.0,,52.1,16.0,40.9,,59.3,77.4,98.7,98.7,,
DE21,DE21E,56.8,62.7,4.8,12.5,25.5,73.7,98.3,98.9,59.2,89.4,53.3,35.0,64.6,78.5,67.2,52.0,41.6,32.8,82.3,9.8
DE21,DE21F,82.8,82.8,,,50.6,47.6,36.9,58.8,44.5,39.5,49.9,44.0,65.7,49.0,82.4,,49.6,,12.9,86.3
DE21,DE21G,73.6,,47.3,94.4,77.2,95.2,40.9,,51.5,4.0,,99.1,52.6,48.6,14.2,4.9,61.0,88.9,81.9,12.2
DE21,DE21H,73.2,87.0,57.3,90.0,45.5,47.5,60.6,50.5,70.5,45.0,86.6,80.0,28.2,41.0,39.5,95.8,72.5,73.6,86.6,57.2
DE21,DE21I,59.2,70.7,12.4,19.2,69.4,57.7,,18.9,53.9,89.7,,18.0,17.9,,24.5,88.8,60.5,80.7,40.2,
DE21,DE21J,30.8,2.3,41.5,31.7,11.5,11.5,,,24.9,,9.0,40.7,32.5,,32.5,,32.2,,32.0,32.4
DE21,DE21K,79.0,82.8,,75.2,55.4,49.3,38.5,,40.7,,40.7,40.7,86.8,88.6,96.3,24.6,59.6,78.5,40.7,
DE21,DE21L,53.7,20.3,37.3,78.2,48.6,42.4,45.2,,90.1,82.9,97.2,,65.7,48.2,83.9,35.1,39.8,58.5,4.5,56.3
DE21,DE21M,39.5,39.5,,,45.0,27.9,61.0,31.8,44.7,34.3,75.3,24.6,47.1,34.2,60.0,,77.3,64.6,,90.1
DE21,DE21N,41.6,41.3,70.3,53.8,64.9,64.9,,,61.7,67.2,35.3,82.7,43.7,17.7,69.7,,57.9,93.6,22.2,
DE22,DE221,71.1,92.1,9.0,30.3,32.2,23.4,36.3,90.5,30.2,20.9,,39.6,51.8,56.9,55.2,56.6,56.5,56.5,,
DE22,DE222,47.6,,57.0,52.3,22.2,19.2,99.2,53.3,81.4,56.0,93.8,94.3,57.9,,43.3,27.4,48.4,46.7,75.9,22.5
DE22,DE223,70.8,42.0,0.5,,49.9,,2.5,97.8,28.8,7.4,16.4,62.6,59.1,,80.8,62.6,29.6,25.0,,34.1
DE22,DE224,49.1,,79.4,77.6,59.2,76.4,57.9,,84.8,,,84.8,55.8,,,44.2,59.2,62.6,,55.9
DE22,DE225,30.7,38.1,,23.3,43.2,66.0,,79.5,67.0,61.9,93.8,45.4,56.2,19.2,,6.8,41.7,19.4,63.7,42.1
DE22,DE226,32.4,44.5,79.7,,26.6,43.6,75.4,88.5,16.6,14.7,34.3,0.8,42.1,67.8,,83.5,66.6,42.2,,90.9
DE22,DE227,41.6,34.2,69.5,60.0,60.0,57.8,61.6,16.2,39.7,78.9,,0.4,17.2,23.0,23.9,95.3,42.9,74.0,18.4,36.3
DE22,DE228,,,,,21.4,19.4,76.6,,,,,,63.7,71.9,55.5,,91.1,,91.1,
DE22,DE229,52.4,37.9,11.1,30.5,29.0,80.9,94.1,99.8,87.8,87.8,,,71.0,79.5,,37.4,40.4,97.7,4.6,18.9
DE22,DE22A,87.0,79.0,5.3,87.3,87.9,96.8,20.9,,70.8,66.4,,75.1,53.3,50.9,46.4,37.4,63.5,71.6,26.8,92.1
DE22,DE22B,41.0,3.7,20.3,39.6,46.8,88.9,93.5,55.1,35.2,,,35.2,49.4,46.5,42.6,40.9,38.1,31.7,18.0,64.5
DE22,DE22C,45.2,8.2,51.3,78.6,9.8,9.8,,,39.5,19.7,30.3,68.4,65.5,70.6,99.8,74.0,41.2,0.9,82.2,40.4
DE23,DE231,62.3,58.0,47.2,76.1,65.0,,22.7,47.4,76.7,78.6,72.3,79.2,47.9,18.8,69.8,45.0,17.1,37.5,12.8,1.0
DE23,DE232,60.6,83.4,41.9,40.3,53.1,53.8,2.3,92.2,46.6,,33.0,60.3,51.2,86.7,20.4,53.4,45.2,,,45.2
DE23,DE233,6.2,9.3,,3.2,48.9,48.9,,,47.2,28.4,66.0,,38.0,,17.2,41.1,47.8,,,47.8
DE23,DE234,13.4,,86.6,,33.9,43.2,47.5,93.9,38.9,50.2,27.5,,19.2,,,80.8,70.2,91.0,46.0,73.7
DE23,DE235,49.3,88.1,70.0,29.7,45.5,81.0,,90.0,34.5,45.8,18.3,39.4,40.7,24.0,27.4,29.2,63.6,69.8,21.7,99.2
DE23,DE236,99.5,99.5,,,53.7,32.6,25.3,46.2,74.8,,75.0,74.6,39.7,39.7,,,40.6,32.7,48.5,
DE23,DE237,64.8,24.2,14.0,84.2,,,,,43.0,53.5,7.8,67.7,21.7,,21.7,,56.5,21.6,83.7,64.1
DE23,DE238,79.5,89.7,30.8,,42.9,,76.7,37.5,42.4,9.1,98.9,19.2,61.7,22.1,79.7,16.8,33.5,,10.8,56.2
DE23,DE239,28.9,,54.2,12.1,52.1,35.7,,31.6,55.5,45.9,,65.0,12.9,6.7,30.2,98.3,58.1,,99.1,17.1
DE23,DE23A,62.5,60.0,69.6,97.2,19.9,33.2,88.4,85.2,52.0,33.5,58.5,64.1,30.8,58.7,23.3,89.7,67.9,73.8,62.0,
DE24,DE241,16.8,29.7,,3.8,52.7,59.8,73.9,27.8,67.5,76.0,97.8,28.8,39.6,,33.1,53.9,65.3,66.5,68.7,60.8
DE24,DE242,46.2,32.2,0.6,7.0,88.3,,14.2,9.2,53.3,83.1,23.6,,27.8,31.1,24.5,,56.7,28.5,63.6,78.1
BG41,BG414,60.2,,39.8,,31.7,50.5,76.0,79.4,88.8,,85.4,92.2,31.9,15.3,25.7,45.4,60.6,60.6,,
BG41,BG415,15.5,15.5,,,27.6,72.5,92.6,97.0,37.2,49.0,58.8,3.9,44.1,38.5,19.4,25.5,63.6,72.2,48.9,69.6
BG42,BG421,84.2,92.7,24.2,,55.8,63.1,69.7,26.1,70.8,68.1,60.2,84.2,62.3,,64.4,39.8,64.0,90.1,18.9,83.0
BG42,BG422,31.7,30.2,65.8,30.8,67.0,87.6,8.9,77.7,46.0,14.3,93.0,30.8,81.6,81.6,,,62.9,52.5,73.3,
BG42,BG423,70.4,70.4,,,63.2,45.1,18.6,,33.4,,25.9,40.9,47.1,62.4,16.6,37.8,30.7,34.2,47.8,10.1
BG42,BG424,99.0,,0.7,98.8,50.3,,0.7,98.7,54.7,93.2,33.7,37.1,85.4,99.9,94.1,37.8,33.0,,33.0,
BG42,BG425,40.5,69.8,88.8,,60.1,86.9,69.9,36.8,53.6,65.9,41.3,,64.3,95.8,1.7,4.6,51.5,32.6,60.7,61.3
CH01,CH011,52.8,,93.1,98.7,80.5,90.5,29.4,,53.9,,57.2,50.5,37.6,,30.1,54.9,17.5,16.8,11.6,24.1
CH01,CH012,79.3,75.3,8.9,71.6,43.9,,90.3,22.0,30.0,47.6,12.3,,42.6,72.5,,87.2,70.9,76.6,64.4,71.7
CH01,CH013,54.3,38.2,56.2,80.8,11.6,11.6,,,63.5,93.7,11.6,85.3,57.7,57.7,,,61.5,84.7,32.0,67.9
CH02,CH021,61.2,52.0,22.2,53.8,28.4,14.5,83.7,45.6,51.5,14.6,80.1,59.9,64.2,99.0,,70.7,83.8,82.9,70.4,98.1
CH02,CH022,59.8,82.8,73.3,70.0,71.4,,17.9,39.2,66.2,65.9,99.1,33.7,69.9,99.0,39.1,28.3,29.4,19.5,39.4,
CH02,CH023,39.6,58.0,85.0,45.8,70.9,,,29.1,37.9,,74.8,0.9,78.2,57.6,98.8,,67.7,42.7,92.6,
CH02,CH024,41.5,18.0,,65.0,78.3,97.0,40.4,,60.6,48.9,95.5,37.5,64.1,79.5,77.8,65.0,38.6,65.3,12.0,
CH02,CH025,74.0,66.9,2.3,57.3,64.0,74.5,18.1,64.5,57.1,57.1,,,88.8,79.5,,2.0,53.7,53.6,48.9,58.5
CH03,CH031,87.8,79.0,,96.6,40.0,18.1,18.0,80.1,16.1,,,16.1,67.2,85.1,,50.6,74.5,54.4,94.5,
DEA4,DEA42,53.6,94.6,78.3,44.5,39.0,69.5,98.6,53.8,16.8,9.9,23.7,,69.2,83.3,60.2,35.9,22.8,,7.4,38.2
DEA4,DEA43,41.2,40.0,,42.5,27.1,53.6,,99.5,48.5,19.3,65.7,60.5,29.4,15.3,43.4,,7.8,7.8,,
DEA4,DEA44,32.5,6.6,36.3,27.3,12.8,22.6,,96.9,19.6,10.5,17.6,30.7,54.6,49.0,70.0,55.2,64.3,89.7,,39.0
DEA4,DEA45,68.6,74.1,53.2,85.0,48.6,12.8,,15.5,73.5,,73.5,,50.5,97.4,24.9,70.7,53.7,,79.8,27.6
DEA4,DEA46,66.2,94.2,81.4,85.8,65.8,40.7,9.0,,94.5,94.5,,,66.8,55.4,87.4,42.4,71.1,73.1,51.5,88.8
DEA4,DEA47,40.3,40.5,91.1,71.4,39.6,75.0,73.9,82.3,60.3,52.8,60.7,67.5,36.2,52.4,7.5,51.4,39.8,42.3,37.3,
DEA5,DEA51,24.2,25.0,76.6,,44.6,29.4,73.8,21.7,87.9,93.3,82.6,,54.8,61.8,35.6,32.9,9.7,0.5,18.6,10.1
DEA5,DEA52,46.5,8.5,15.4,,54.4,15.6,22.6,29.9,37.7,18.2,10.9,83.9,28.2,,43.4,87.1,,,,
DEA5,DEA53,79.2,74.4,16.0,,48.1,66.5,42.1,80.0,71.0,32.5,88.2,92.4,38.9,38.9,,,76.7,,,76.7
DEA5,DEA54,37.9,67.8,97.6,43.4,61.9,48.6,24.8,,45.3,24.9,86.4,24.7,50.2,19.8,81.0,50.2,41.0,,59.1,22.9
DEA5,DEA55,92.9,,,92.9,61.6,61.6,,,33.9,30.6,23.1,47.9,52.1,64.4,26.9,35.1,32.0,32.0,,
DEA5,DEA56,84.8,,21.2,90.8,63.6,,,36.4,48.0,9.7,,86.2,71.6,74.1,77.9,37.2,54.9,21.0,88.7,
DEA5,DEA57,13.3,12.0,91.2,19.0,79.2,92.6,,34.3,85.5,99.0,72.1,,20.0,,25.3,85.3,77.8,97.5,44.8,91.1
DEA5,DEA58,4.6,,93.1,2.2,69.7,69.7,,,74.0,79.4,74.1,68.5,79.4,97.2,,38.4,29.2,40.1,18.4,
DEA5,DEA59,53.8,69.7,79.1,70.8,47.5,30.3,70.8,17.1,3.9,,3.9,,82.3,92.7,79.1,24.9,57.0,53.5,,60.5
DEA5,DEA5A,31.4,8.3,54.9,40.8,25.0,32.5,,82.4,75.1,96.5,,53.7,50.1,77.8,10.6,38.2,54.7,87.0,55.1,22.1
DEA5,DEA5B,41.5,58.2,75.3,,41.2,72.6,90.2,,18.9,,,18.9,37.5,72.9,2.1,,60.8,,60.8,
DEA5,DEA5C,9.5,,90.9,10.0,70.1,72.7,60.3,2.1,29.7,76.3,4.4,8.4,2.8,,1.3,95.8,27.0,,33.8,20.2
DEB1,DEB11,51.8,56.3,16.3,15.5,37.3,,62.7,,25.2,10.3,51.2,14.2,31.5,2.4,14.7,22.6,60.4,38.5,82.3,
DEB1,DEB12,,,,,44.0,35.7,11.8,92.0,60.2,60.5,,60.0,36.8,15.0,30.2,34.8,73.7,,66.2,81.1
DEB1,DEB13,11.2,7.6,,14.9,37.4,32.0,72.1,47.8,52.5,,96.0,9.0,26.9,18.2,31.9,69.3,61.4,79.4,80.2,24.6
DEB1,DEB14,45.0,49.7,53.2,38.5,34.2,42.2,69.3,70.3,32.6,0.3,1.7,95.8,36.3,6.0,84.9,81.9,45.3,14.4,97.2,24.2
DEB1,DEB15,38.0,5.6,,70.4,33.0,2.6,37.2,66.3,87.0,,87.0,,13.2,7.9,,81.4,74.8,,,74.8
DEB1,DEB17,55.3,30.0,33.7,69.5,54.0,15.6,3.2,50.3,61.7,,68.0,55.4,82.4,91.9,70.9,15.7,42.2,52.2,12.5,61.9
DEB1,DEB18,48.1,18.4,55.9,81.7,24.3,31.3,82.7,,64.7,64.7,,,84.7,,84.7,,65.0,54.2,,75.7
DEB1,DEB1A,83.2,55.2,3.2,97.7,52.5,56.4,4.6,94.4,23.9,,28.2,19.5,71.4,72.6,70.3,,44.5,74.1,,15.0
DEB1,DEB1B,22.7,38.2,85.2,15.2,50.0,88.5,,88.4,44.4,65.4,16.1,51.6,55.1,65.1,34.1,33.9,71.2,85.6,89.1,38.8
DEB1,DEB1C,61.0,61.0,,,60.3,49.8,14.3,54.7,78.1,78.1,,,78.6,93.4,,36.3,25.8,,,25.8
DEB1,DEB1D,30.3,25.6,65.0,,78.0,,4.0,40.1,88.1,91.7,,84.5,33.5,37.4,50.6,87.6,72.8,62.1,74.1,82.1
DEB2,DEB21,70.9,,29.1,,30.5,7.3,46.2,,55.4,64.2,46.5,,84.2,91.7,76.8,,42.6,31.7,48.6,47.6
DEB2,DEB22,33.9,3.8,,64.0,43.0,3.1,38.0,36.1,71.3,47.3,,95.3,17.7,27.0,8.4,,61.3,29.8,87.1,67.0
DEB2,DEB23,58.6,83.1,,34.2,35.2,16.5,41.9,68.9,37.2,,35.5,38.9,59.7,,59.7,,78.2,61.7,98.6,74.3
DEB2,DEB24,23.2,31.7,,14.7,56.8,11.4,40.6,0.4,90.1,83.3,,96.9,71.7,,97.9,54.6,66.0,,34.8,97.2
DEB2,DEB25,50.0,1.4,1.6,50.2,63.0,69.9,45.6,35.2,31.8,52.3,11.3,,29.2,17.7,54.3,84.5,63.8,43.7,62.0,85.7
DEB3,DEB31,71.1,80.6,,61.6,28.4,49.6,92.7,,50.1,58.1,,42.1,50.9,45.5,19.6,12.4,82.5,91.4,82.0,74.1
DEB3,DEB32,82.8,,22.4,88.0,50.8,83.8,41.5,90.0,41.6,1.6,,81.7,77.2,60.0,95.9,24.2,53.3,19.3,82.9,57.8
DEB3,DEB33,2.3,,97.7,,63.8,51.7,10.0,50.4,65.5,78.4,62.7,55.3,28.8,20.4,,62.9,47.4,2.8,92.1,
DEB3,DEB34,68.7,74.2,,63.2,56.6,24.0,29.7,24.5,79.3,78.6,65.9,93.5,38.2,63.8,10.3,59.6,89.5,,89.5,
DEB3,DEB35,33.1,36.1,39.1,2.2,77.5,,7.6,37.5,54.4,90.8,18.0,,60.7,,60.7,,58.9,99.4,61.4,15.8
DEB3,DEB36,92.7,92.7,,,86.7,,15.2,11.5,44.1,32.8,72.8,26.8,58.6,95.3,55.1,74.5,35.3,51.3,19.3,
DEB3,DEB37,75.3,88.7,39.3,76.6,62.7,79.4,48.8,42.4,66.3,81.6,60.7,56.7,63.3,63.3,,,70.7,,58.7,82.7
DEB3,DEB38,96.8,96.5,3.0,,78.2,79.1,7.3,37.2,19.9,12.2,1.1,46.5,58.6,89.9,38.6,52.7,73.4,,60.8,86.0
DEB3,DEB39,44.8,,42.2,31.8,42.6,19.7,49.9,42.1,38.3,,,38.3,41.0,28.5,85.6,91.2,59.2,84.2,89.6,3.9
DEB3,DEB3A,39.6,6.9,,72.3,52.9,75.4,55.6,61.2,55.5,69.6,84.9,12.1,61.8,61.8,,,68.8,,,68.8
DEB3,DEB3B,26.9,17.0,,36.9,44.6,99.0,86.8,78.5,34.4,,7.5,61.3,27.0,27.0,,,61.5,12.6,75.3,96.6
DEB3,DEB3C,51.2,44.7,,57.8,66.0,97.6,73.1,26.4,56.4,8.3,87.3,73.5,6.9,7.8,6.0,,81.9,81.9,,
DEB3,DEB3D,34.8,59.1,85.8,31.2,29.2,15.4,91.4,36.4,82.4,86.8,78.0,,62.9,16.4,87.0,14.7,82.0,74.5,89.4,
DEB3,DEB3E,73.7,,45.3,92.7,67.1,,15.1,50.8,41.5,,9.8,73.2,46.5,29.4,59.4,49.4,56.4,68.1,95.9,5.3
DEB3,DEB3F,93.4,,6.6,,61.4,62.0,39.2,,47.8,88.0,20.6,34.8,33.0,59.6,9.4,70.0,20.4,30.5,23.9,6.9
DEB3,DEB3G,85.8,,14.2,,62.8,33.4,,7.7,77.0,85.3,97.0,48.8,28.0,10.9,56.7,83.5,16.7,16.7,,
DEB3,DEB3H,41.9,73.6,73.5,25.7,32.7,36.4,,71.0,59.7,77.5,90.2,11.3,43.6,72.8,,85.6,45.3,14.2,24.4,97.3
DEB3,DEB3I,69.2,74.4,,63.9,34.0,87.7,89.9,95.8,52.3,26.5,88.8,41.7,48.3,30.9,,34.3,56.3,43.3,96.8,28.8
DEB3,DEB3J,51.6,49.9,46.6,,50.7,62.4,30.4,80.0,59.3,,,59.3,71.5,,43.0,0.1,65.9,35.0,85.9,76.9
DEB3,DEB3K,99.6,,,99.6,72.3,,8.1,47.3,44.4,81.2,42.3,9.8,51.5,30.2,56.4,32.2,68.3,68.3,,
DEC0,DEC01,46.5,30.1,,62.8,47.0,37.6,43.7,,48.5,31.3,71.3,42.8,22.6,41.0,,95.7,52.3,75.6,30.2,51.2
DEC0,DEC02,59.5,,56.6,75.5,26.4,40.3,,87.5,35.2,5.4,,65.0,50.6,9.7,48.1,6.1,29.0,67.4,5.3,14.4
DEC0,DEC03,37.3,49.5,67.6,30.1,65.1,98.9,,68.8,12.1,,,12.1,51.5,,47.4,44.4,98.3,,,98.3
DEC0,DEC04,62.6,84.2,82.2,85.9,53.0,43.2,18.5,65.7,41.9,,54.7,29.0,64.3,95.9,66.8,69.8,42.5,,42.5,
DEC0,DEC05,60.5,56.4,,64.5,32.9,62.0,,96.3,85.4,72.3,98.2,85.6,37.0,34.9,39.1,,49.3,35.2,33.9,78.7
DEC0,DEC06,67.1,76.3,39.4,64.5,37.4,47.2,57.6,77.5,56.7,12.9,95.5,61.7,10.2,4.5,15.9,,72.8,,47.6,98.1
DED2,DED21,41.6,73.3,90.0,,85.9,75.6,6.4,11.4,53.5,7.3,60.7,92.4,82.9,69.9,98.9,20.0,31.9,43.8,20.1,
DED2,DED2C,71.9,80.9,,62.9,30.1,20.4,89.3,40.8,49.1,7.2,,91.1,57.1,49.6,57.0,35.2,55.9,55.9,,
DE40,DE409,37.6,37.6,,,34.9,29.8,,60.1,61.6,22.4,92.2,70.3,96.8,,96.8,,47.0,85.3,50.0,5.7
DE40,DE40A,7.5,11.1,91.7,3.0,24.8,26.1,76.5,,54.4,73.4,66.3,23.6,56.9,,90.4,76.6,78.1,,95.0,61.2
DE40,DE40B,4.7,,94.7,4.2,52.4,,65.0,30.3,97.1,97.1,,,64.4,81.1,86.0,73.8,39.1,5.2,69.5,42.7
DE40,DE40C,23.5,,89.7,36.8,67.7,,5.8,58.9,84.4,74.7,79.3,99.1,81.3,,81.3,,,,,
DE40,DE40D,61.4,65.5,29.2,47.9,45.6,,,54.4,78.8,73.5,91.5,71.3,72.2,78.0,65.4,26.8,60.4,50.3,,70.6
DE40,DE40E,45.8,28.0,13.7,23.1,19.8,21.1,81.6,,57.6,69.8,45.4,,44.5,3.4,38.4,8.4,50.6,61.0,86.3,4.4
DE40,DE40F,55.8,18.4,5.2,54.2,7.5,2.6,89.3,90.7,45.5,59.1,34.1,43.4,39.3,72.9,5.7,,68.1,72.1,85.9,46.4
DE40,DE40G,71.7,56.8,16.3,74.6,9.1,13.2,,95.1,46.9,,54.3,39.5,51.2,36.2,78.2,60.8,25.0,,32.1,17.9
DE40,DE40H,43.9,44.0,96.6,84.4,49.0,5.9,27.6,31.4,27.6,,,27.6,40.8,12.7,14.7,5.0,86.1,,,86.1
DE40,DE40I,41.3,4.2,6.1,25.9,57.5,67.8,35.3,60.1,30.5,7.7,51.1,32.6,77.4,82.3,64.2,14.3,55.6,78.8,40.8,47.1
DE50,DE501,62.2,62.2,,,55.2,91.2,,80.8,52.6,78.1,58.1,21.5,44.5,3.3,38.1,7.8,40.0,,22.5,57.4
DE50,DE502,20.7,41.8,84.8,5.1,65.4,52.4,26.9,29.3,45.1,24.3,36.2,74.8,68.5,,73.3,36.2,53.6,50.6,65.3,44.9
DE60,DE600,74.0,56.9,12.5,77.6,64.9,58.5,,28.7,56.6,8.2,98.3,63.3,45.8,90.0,1.6,,64.9,55.5,74.3,
DE71,DE711,22.1,,69.0,13.2,66.9,91.9,35.4,55.7,54.5,11.9,89.8,61.7,33.0,4.5,35.5,40.9,65.6,83.5,47.7,
DE71,DE712,8.4,,91.6,8.4,50.2,59.4,64.9,43.9,34.2,58.8,9.7,34.1,80.6,89.7,84.4,32.3,45.6,17.8,,73.5
DE71,DE713,24.5,21.1,57.5,9.9,46.4,11.9,43.9,28.8,68.5,98.9,92.5,14.1,30.2,83.9,2.7,96.0,41.2,79.9,,2.6
DE71,DE714,68.0,94.2,73.2,83.1,27.8,11.0,84.5,43.2,79.8,86.5,73.2,,43.3,7.9,72.7,50.7,57.4,63.1,77.7,31.5
DE71,DE715,49.3,43.3,79.4,84.1,93.5,87.8,,0.8,60.4,,94.3,26.5,76.8,,73.4,19.9,85.0,95.1,74.9,
DE71,DE716,79.1,,20.9,,39.8,26.3,58.4,48.4,29.9,18.0,23.2,48.5,43.7,39.2,48.1,,86.2,,75.5,96.9
DE71,DE717,49.0,66.2,,31.9,40.5,,70.5,48.4,41.0,48.9,23.5,50.7,76.0,78.3,,26.2,35.3,39.1,39.9,26.8
DE71,DE718,53.5,34.0,30.9,57.3,38.1,,62.5,61.3,70.3,60.5,,80.2,68.0,,91.2,55.3,35.9,51.9,19.8,
DE71,DE719,46.4,86.0,80.1,33.2,84.8,73.3,3.6,,29.4,10.3,48.5,,45.1,23.0,24.7,12.4,46.2,65.5,,27.0
DE71,DE71A,76.2,,,76.2,20.5,1.5,60.5,,55.2,79.3,,31.2,65.5,51.2,,20.3,47.3,65.6,29.1,
DE71,DE71B,29.9,56.1,90.8,24.5,53.0,,39.4,54.7,60.4,,97.5,23.2,30.6,56.3,33.2,97.6,49.0,,,49.0
DE71,DE71C,41.1,14.1,47.4,56.7,76.8,76.7,31.1,15.1,44.2,56.5,0.6,75.5,49.6,54.6,65.2,70.9,47.0,85.9,8.1,
DE71,DE71D,46.0,37.6,16.2,16.6,90.1,97.2,,17.1,44.4,48.7,54.7,29.7,45.2,29.4,67.7,61.5,42.7,65.0,,20.4
DE71,DE71E,80.0,71.4,25.1,93.6,58.5,72.0,13.5,82.9,15.0,,15.0,,38.7,31.2,,53.8,25.9,6.1,15.6,55.9
DE72,DE721,74.1,62.9,27.5,86.8,45.4,30.6,40.3,54.1,17.9,7.7,,28.0,45.3,10.2,58.7,33.0,68.9,59.2,80.7,66.8
DE72,DE722,8.9,16.8,98.9,,41.1,14.6,,32.3,27.3,5.2,44.0,32.7,34.0,11.7,37.7,47.4,78.7,52.2,88.3,95.5
DE72,DE723,49.5,83.4,84.0,49.0,74.2,68.5,43.5,2.5,58.5,46.6,72.8,56.0,70.2,93.9,17.9,1.1,31.0,52.6,,9.4
DE72,DE724,32.3,25.4,60.7,,61.3,47.9,,25.3,94.4,97.1,86.3,99.7,51.9,49.0,87.5,80.7,15.3,,,15.3
DE72,DE725,85.8,87.1,,84.6,93.8,,6.2,,50.0,98.3,,1.7,65.7,84.8,70.9,58.7,53.0,51.6,40.3,67.0
DE73,DE731,29.1,,50.2,8.4,55.2,27.6,,17.3,59.5,83.8,,35.1,67.3,56.8,56.6,11.6,57.6,,18.6,96.6
DE73,DE732,70.7,78.9,37.5,,47.1,24.7,64.2,19.1,15.6,13.3,,17.8,22.6,,22.6,,45.5,17.7,69.8,49.0
DE73,DE733,57.7,34.9,45.0,83.2,70.2,,38.6,21.1,61.4,34.7,79.6,70.0,55.4,83.0,9.1,25.8,10.9,3.1,,18.6
DE73,DE734,60.8,,37.2,58.8,68.2,,62.9,0.8,24.7,33.5,10.0,30.6,36.5,18.6,,45.6,54.7,43.5,83.4,37.3
DE73,DE735,49.0,67.9,97.1,76.3,44.4,50.7,77.4,40.1,94.3,,92.2,96.5,47.5,19.8,75.2,,69.0,96.0,30.9,80.1
DE73,DE736,16.5,16.5,,,54.9,30.1,,20.3,53.0,,68.5,37.4,37.3,34.5,68.7,91.3,79.7,83.1,76.3,
DE73,DE737,88.2,,13.4,89.8,66.8,73.0,39.4,,57.7,74.0,22.2,76.8,34.5,34.0,61.1,91.5,28.6,13.8,,43.5
DE80,DE803,73.0,65.4,28.5,82.1,57.8,,42.2,,33.9,83.4,8.3,10.1,61.5,80.4,,57.5,72.9,45.5,96.0,77.1
DE80,DE804,36.8,25.9,60.4,45.0,38.5,47.4,53.5,78.5,60.4,53.2,67.5,,46.8,93.4,19.8,72.8,17.9,4.9,12.2,36.7
DE80,DE80J,72.3,68.6,33.7,81.9,50.8,17.9,1.8,63.6,30.3,35.7,,24.9,36.7,,,63.3,59.7,27.5,68.9,82.6
DE80,DE80K,63.8,73.3,45.8,,37.6,14.7,63.8,38.2,28.3,7.9,74.9,2.2,56.9,25.7,88.3,43.3,30.3,,,30.3
DE80,DE80L,50.9,85.4,79.9,47.3,32.9,43.7,77.8,67.1,40.1,91.0,27.3,1.9,47.0,13.0,59.9,31.8,26.5,1.8,6.4,71.2
DE80,DE80M,73.0,58.8,32.9,93.0,59.6,,34.6,46.2,30.5,21.1,67.3,3.2,77.4,96.8,56.1,20.8,23.8,36.9,31.5,3.0
DE80,DE80N,25.3,16.7,43.2,2.3,73.0,55.6,23.5,13.2,92.1,85.0,,99.2,22.2,17.9,,73.4,38.2,40.9,41.8,31.9
DE80,DE80O,15.5,10.6,96.0,31.8,35.7,39.2,49.5,82.6,72.8,92.4,,53.3,54.0,46.4,,38.3,58.3,97.4,63.6,13.9
DE91,DE911,53.1,99.9,73.2,32.5,57.8,56.9,9.1,74.3,55.9,65.4,86.3,16.1,47.7,87.5,,92.1,24.8,29.3,20.7,24.5
DE91,DE912,37.6,99.0,97.3,11.1,40.3,33.1,15.9,96.2,86.7,,,86.7,80.1,86.2,,26.0,26.4,12.1,64.7,2.4
DE91,DE913,69.9,72.6,39.8,76.9,64.8,71.7,65.0,12.4,46.9,,82.5,11.2,27.2,,34.0,79.6,22.1,9.7,7.4,49.2
DE91,DE914,50.5,26.0,44.5,70.0,74.2,59.4,14.8,22.1,65.4,36.3,94.5,,35.8,47.5,29.5,69.5,20.6,,38.4,2.8
DE91,DE916,59.6,30.3,25.9,74.5,69.3,40.6,17.0,15.6,44.9,31.4,86.5,16.9,28.2,17.5,1.4,34.2,55.1,22.4,77.8,65.0
DE91,DE917,46.6,45.9,90.6,84.6,64.1,52.4,20.3,39.8,30.1,,6.7,53.5,56.0,87.3,5.6,24.8,69.3,73.9,65.1,69.0
DE91,DE918,24.4,4.0,55.2,,70.7,,6.4,52.3,52.5,,58.6,46.4,70.8,78.1,63.4,,,,,
DE91,DE91A,50.2,21.5,56.9,86.1,22.3,,77.7,,40.5,61.4,0.0,60.1,46.4,17.7,51.4,30.0,41.7,24.9,56.1,44.0
DE91,DE91B,69.9,94.6,31.9,47.1,69.5,,,30.5,49.1,44.3,53.9,,57.8,76.3,50.2,53.0,38.2,,61.0,15.5
DE91,DE91C,41.2,,78.6,61.0,11.5,,98.1,78.9,34.8,26.9,47.2,30.4,45.2,,35.4,45.0,70.8,39.4,76.2,96.9
DE92,DE922,51.9,80.5,76.7,,53.1,20.9,29.5,32.2,34.3,32.6,19.9,50.3,23.7,10.7,32.5,72.1,82.9,97.1,,68.8
DE92,DE923,32.7,48.7,60.7,10.1,17.6,27.6,92.4,,37.0,,32.5,41.4,80.0,,,20.0,41.7,,57.3,26.1
DE92,DE925,17.9,29.1,,6.8,47.1,71.1,85.3,44.6,44.1,18.4,46.1,67.8,13.9,25.5,2.3,,45.2,39.6,4.8,91.3
DE92,DE926,59.4,1.6,3.2,79.8,43.1,49.2,63.4,56.5,55.6,78.1,79.9,8.8,64.4,61.0,75.2,43.1,42.1,45.1,73.9,7.3
DE92,DE927,36.0,34.0,69.3,43.2,98.8,,0.6,1.9,32.6,42.7,22.3,32.7,45.3,66.5,57.4,88.0,18.0,15.3,20.6,
DE92,DE928,34.8,,84.5,54.0,59.8,32.7,23.0,30.3,20.8,27.1,21.7,13.7,35.7,44.0,37.5,74.4,38.7,38.0,39.9,38.1
DE92,DE929,40.9,9.3,,72.5,63.8,,12.0,60.5,55.9,31.7,,80.0,62.4,25.5,,0.7,53.1,40.0,35.5,83.7
DE93,DE931,42.4,84.8,100.0,,26.4,39.0,95.1,64.7,35.3,14.1,56.5,,76.2,,76.2,,46.5,86.6,37.2,15.7
DE93,DE932,42.2,,96.5,81.0,89.1,,10.9,,51.2,30.6,90.9,32.1,15.1,33.2,3.4,91.4,37.9,,59.9,15.8
DE93,DE933,51.0,,9.2,11.2,72.3,98.3,53.7,,41.1,63.7,46.9,12.8,44.4,36.6,71.6,74.9,18.4,19.6,13.0,22.6
DE93,DE934,88.7,,,88.7,74.3,,18.5,32.9,66.8,66.8,57.7,76.0,36.3,,66.1,93.5,38.5,,38.5,
DE93,DE935,,,,,63.3,,16.2,57.2,53.8,34.4,81.7,45.2,32.3,62.1,11.8,76.9,36.0,33.7,25.5,48.7
DE93,DE936,46.1,66.3,34.2,6.3,68.6,64.2,12.6,45.7,30.1,,29.6,30.7,74.0,98.4,,50.5,45.3,94.1,19.5,22.2
DE93,DE937,39.9,,35.4,15.2,40.5,52.5,36.3,94.7,37.4,37.4,,,68.4,61.8,75.1,,61.2,61.0,27.8,94.9
DE93,DE938,38.1,90.1,89.4,13.6,17.4,0.0,55.6,92.3,55.2,95.9,,14.4,64.3,76.5,95.1,78.6,23.1,39.1,,7.1
DE93,DE939,69.9,27.6,12.3,94.4,65.8,,67.2,1.1,28.7,,10.3,47.1,42.2,29.9,,45.4,59.1,,91.1,27.2
DE93,DE93A,61.8,38.2,11.3,58.5,61.0,69.1,75.8,10.3,54.4,60.3,36.3,66.5,77.4,96.3,63.8,28.0,54.0,27.6,50.8,83.6
DE93,DE93B,16.3,8.3,,24.3,59.3,59.1,10.4,70.9,58.0,83.7,51.9,38.3,80.9,59.0,95.4,11.7,55.3,36.1,90.4,39.4
DE94,DE941,33.9,34.7,85.2,52.3,67.0,81.3,77.8,2.6,30.8,2.4,9.9,80.2,56.4,84.9,81.8,97.4,71.8,44.6,,99.1
DE94,DE942,44.8,79.4,77.1,32.2,39.0,34.9,84.5,33.4,35.6,74.0,22.8,10.1,56.8,63.9,49.7,,50.4,26.5,35.1,89.6
DE94,DE943,91.9,95.9,11.1,90.9,44.2,56.0,53.8,69.6,87.7,,,87.7,29.2,26.3,53.3,92.1,55.5,,81.5,29.4
DE94,DE944,32.0,8.2,44.3,,39.7,66.8,49.4,98.3,22.1,22.6,21.6,,43.6,2.1,83.8,55.1,62.7,41.2,58.1,88.9
DE94,DE945,34.3,74.7,98.2,26.4,54.1,90.0,32.0,95.8,76.2,,98.6,53.8,65.4,,78.4,47.6,72.4,80.7,72.0,64.5
DE94,DE946,70.5,98.5,57.4,,27.2,49.7,95.3,,71.3,55.9,,86.8,24.8,,6.5,57.0,72.1,72.8,49.1,94.3
DE94,DE947,33.6,21.5,53.8,33.1,68.4,87.6,14.4,68.1,28.0,0.7,71.2,12.0,69.8,61.4,73.0,24.9,75.9,75.9,,
DE94,DE948,49.5,49.5,,,49.7,57.4,38.7,69.6,40.1,,9.6,70.7,63.6,50.0,,22.7,46.8,63.3,75.2,2.0
DE94,DE949,57.5,98.2,,16.9,75.0,52.9,,2.8,75.9,56.3,95.6,,20.5,18.2,34.5,91.3,48.6,57.4,70.6,17.7
DE94,DE94A,97.0,,3.0,,62.0,95.8,80.7,29.1,56.1,18.0,90.0,60.4,82.0,92.0,92.9,38.9,23.1,11.6,33.8,23.9
DE94,DE94B,58.4,18.8,35.8,92.1,53.5,91.0,83.9,,57.4,66.4,52.7,53.2,55.6,54.6,32.0,19.8,25.4,42.6,8.2,
DE94,DE94C,69.1,,61.0,99.2,62.1,77.1,52.8,,61.6,30.7,90.0,64.1,67.3,53.4,,18.8,48.3,5.2,87.4,52.4
DE94,DE94D,20.0,,69.9,9.9,87.1,89.2,7.3,20.7,38.2,1.6,20.6,92.4,41.5,,81.4,98.4,83.2,82.7,83.8,
DE94,DE94E,37.7,,66.9,42.3,64.1,86.4,20.5,73.7,66.8,69.0,41.4,90.1,47.3,48.8,62.7,69.6,65.0,66.3,63.8,
DE94,DE94F,71.7,48.9,,94.4,66.6,68.1,39.8,28.5,49.6,10.8,,88.4,40.4,55.5,12.7,46.9,83.3,,83.3,
DE94,DE94G,44.5,80.6,61.5,14.3,13.7,4.1,76.7,,73.9,31.8,94.9,95.0,61.4,35.0,64.4,15.3,6.4,6.4,,
DE94,DE94H,63.3,43.9,6.9,52.9,55.9,14.3,5.7,41.0,49.5,61.9,,37.0,61.9,,,38.1,52.1,81.4,12.0,62.8
DEA1,DEA11,26.9,7.4,91.1,64.5,41.8,61.6,74.8,61.3,95.3,98.8,91.9,,59.3,36.0,,17.4,68.3,99.9,36.8,
DEA1,DEA12,22.0,14.4,71.1,22.7,49.3,84.0,94.2,41.8,40.2,44.4,36.4,39.9,19.9,20.6,19.1,,77.4,65.9,90.0,76.4
DEA1,DEA13,75.2,64.4,14.1,,49.1,30.0,77.5,5.1,53.5,55.2,,51.8,51.4,,69.4,66.7,56.1,74.6,15.6,78.2
DEA1,DEA14,33.1,,46.9,13.1,27.6,31.6,61.2,87.6,78.7,78.7,,,38.8,5.3,31.3,20.3,87.5,,84.1,90.9
DEA1,DEA15,40.8,82.8,70.4,10.1,68.4,90.1,,53.2,43.9,15.8,47.0,69.0,45.6,97.6,14.7,75.6,37.9,,37.9,
DEA1,DEA16,38.4,,81.8,58.5,23.1,,97.0,56.7,52.9,98.8,6.9,,30.2,39.4,,79.1,58.5,96.2,71.1,8.3
DEA1,DEA17,60.9,79.9,,41.8,64.4,,19.2,52.0,28.3,49.0,5.2,30.7,33.6,43.3,,76.0,27.8,8.0,13.1,62.4
DEA1,DEA18,5.0,1.9,90.5,3.6,37.0,69.7,80.3,78.4,51.7,34.2,71.9,48.9,56.0,91.3,8.5,31.9,46.0,11.4,80.6,
DEA1,DEA19,81.2,,15.4,77.9,7.0,1.0,,87.0,63.3,15.6,87.1,87.3,45.3,10.6,,20.0,4.2,8.1,,0.4
DEA1,DEA1A,23.3,23.3,,,57.6,52.9,19.7,60.5,36.8,,67.6,6.1,,,,,97.3,,,97.3
DEA1,DEA1B,70.3,70.3,,,70.0,99.2,,59.2,55.6,50.7,42.7,73.5,61.4,65.5,25.2,6.5,77.5,,73.3,81.8
DEA1,DEA1C,28.4,,71.6,,16.4,8.8,91.6,68.1,54.9,6.6,84.0,74.2,54.1,50.0,31.3,19.0,47.7,4.3,46.5,92.3
DEA1,DEA1D,40.5,97.2,89.9,14.2,42.0,42.0,,,69.5,99.0,39.9,,73.9,66.2,,18.4,8.6,,15.0,2.2
DEA1,DEA1E,41.4,30.4,54.9,48.7,73.8,43.3,16.0,6.0,26.0,6.7,47.7,23.5,55.3,80.4,1.3,15.9,40.3,68.4,12.2,
DEA1,DEA1F,61.0,72.5,86.4,97.0,62.9,,41.7,32.6,85.8,87.2,91.6,78.7,38.5,57.7,19.4,,36.6,63.3,22.9,23.7
DEA2,DEA22,52.2,48.9,1.9,9.6,51.0,62.4,,60.3,73.3,95.8,44.9,79.1,19.0,14.3,5.9,63.3,43.0,82.5,14.6,32.0
DEA2,DEA23,58.0,60.5,82.4,95.8,19.2,12.0,73.5,,23.9,28.2,42.3,1.1,19.1,14.4,,76.2,91.0,,91.0,
DEA2,DEA24,39.9,55.5,75.8,,41.2,27.6,45.3,,33.9,,12.4,55.3,40.6,31.5,55.0,64.6,30.9,32.7,3.5,56.6
DEA2,DEA26,50.8,88.3,,13.2,,,,,67.8,94.0,75.5,33.8,55.1,75.1,54.5,64.2,36.1,15.5,81.4,11.5
DEA2,DEA27,22.3,26.1,64.5,5.2,49.7,22.6,,23.3,62.8,,50.1,75.6,27.1,1.9,49.2,69.7,8.5,4.0,20.9,0.7
DEA2,DEA28,34.1,58.2,89.9,,41.2,53.6,74.4,55.6,36.5,16.0,60.8,32.7,16.6,11.9,2.9,65.1,40.6,40.6,,
DEA2,DEA29,76.3,74.3,20.0,74.7,60.1,67.4,81.8,5.4,37.6,56.7,25.2,31.0,32.0,18.1,50.0,72.0,63.6,39.1,92.1,59.7
DEA2,DEA2A,79.5,66.7,7.8,,,,,,36.5,,0.0,72.9,33.4,9.7,64.6,74.2,28.9,28.0,29.7,
DEA2,DEA2B,93.2,,,93.2,48.1,91.5,,95.2,52.8,88.0,17.5,,70.9,45.5,69.5,2.3,21.8,6.3,21.5,37.7
DEA2,DEA2C,53.4,,46.6,,23.4,,65.7,87.6,65.0,71.9,26.7,96.3,88.3,,81.0,4.4,75.9,85.7,70.3,71.6
DEA2,DEA2D,55.4,28.7,,82.1,44.2,37.3,72.6,32.1,51.5,40.7,37.2,76.7,74.1,,88.9,40.8,29.0,8.6,13.8,64.5
DEA3,DEA31,52.2,53.9,89.0,91.8,22.0,14.5,63.3,85.1,87.5,97.7,82.5,82.3,75.2,99.1,52.0,25.5,70.5,94.2,68.4,48.9
DEA3,DEA32,57.3,83.6,93.7,81.9,29.9,35.1,75.2,,67.5,45.4,89.5,,50.5,,50.5,,24.2,,,24.2
DEA3,DEA33,58.4,82.5,9.7,2.4,,,,,46.0,7.1,95.1,35.8,55.2,69.8,38.8,42.9,18.4,47.8,4.2,3.2
DEA3,DEA34,23.6,3.1,86.1,53.9,20.5,,62.0,97.1,46.6,2.7,,90.6,41.4,54.4,,71.6,24.3,45.5,24.1,3.4
DEA3,DEA35,52.3,77.7,21.7,1.0,38.8,,78.1,44.4,50.2,46.3,38.8,65.4,39.8,,69.8,90.2,24.7,16.3,33.1,
DEA3,DEA36,40.3,,19.9,0.6,51.8,80.7,77.2,,45.6,,68.3,22.9,40.1,70.1,10.2,,69.5,94.7,43.8,69.9
DEA3,DEA37,20.6,,69.4,10.6,42.8,27.9,42.2,,75.2,94.9,40.1,90.7,22.8,12.1,,66.5,63.0,99.7,26.3,
DEA3,DEA38,25.8,18.6,56.0,14.7,98.9,,1.1,,35.0,11.3,58.6,,60.3,13.7,86.1,18.9,55.6,47.9,,63.3
DEA4,DEA41,80.4,80.4,,,43.7,86.1,,98.7,43.7,24.7,84.0,22.5,63.4,6.0,87.1,2.8,76.2,93.1,60.6,74.9
DEF0,DEF03,42.8,,79.0,64.6,47.9,15.7,28.8,43.3,,,,,35.0,14.6,37.0,46.5,58.7,91.7,53.5,30.8
DEF0,DEF04,44.5,51.1,87.1,69.5,64.7,60.5,57.4,9.1,41.4,34.2,63.1,26.8,23.2,28.9,31.3,90.7,52.9,34.9,82.6,41.2
DEF0,DEF05,26.5,42.4,76.8,13.9,53.8,29.5,36.1,32.1,72.9,58.2,,87.6,51.8,20.6,83.0,,51.6,49.7,48.4,56.8
DEF0,DEF06,56.9,14.6,25.3,81.3,3.8,0.3,,92.8,48.9,99.1,27.7,19.9,75.3,,98.2,47.6,46.0,11.9,,80.1
DEF0,DEF07,49.5,,27.7,26.8,71.8,92.6,20.5,56.7,52.7,,62.4,43.0,34.8,61.8,26.7,84.1,56.1,,31.7,80.6
DEF0,DEF08,12.4,20.3,95.4,,74.7,97.9,48.6,,19.4,22.1,16.6,,27.2,10.7,30.8,60.0,21.3,21.3,,
DEF0,DEF09,48.0,44.3,38.4,38.0,41.9,27.2,49.2,52.4,57.0,49.9,83.8,37.3,59.1,60.1,37.8,20.7,43.2,40.5,29.1,60.0
DEF0,DEF0A,41.1,2.4,24.4,45.2,42.8,38.9,38.1,72.4,43.8,8.9,22.9,99.7,33.5,16.9,64.5,81.0,87.0,97.9,76.1,
DEF0,DEF0B,52.1,9.2,5.0,,22.6,45.3,85.9,91.6,27.2,31.2,23.2,,42.1,,78.4,94.2,58.9,,94.2,23.6
DEF0,DEF0C,56.4,19.5,6.7,,20.9,17.9,,76.1,20.0,15.3,24.6,,57.7,76.6,2.1,5.7,,,,
DEF0,DEF0D,22.2,,83.4,27.9,26.8,17.5,,64.0,28.9,6.7,0.1,79.9,27.9,39.5,40.4,96.2,60.8,35.4,71.8,75.2
DEF0,DEF0E,37.2,40.8,50.0,20.7,46.3,36.8,60.4,37.6,31.5,31.5,,,42.4,63.8,,79.1,44.7,64.9,24.4,
DEF0,DEF0F,61.8,43.9,46.6,88.2,25.9,41.6,,89.7,34.1,29.5,,38.7,43.7,43.3,35.5,47.7,61.1,86.9,35.2,
DEG0,DEG01,43.0,16.6,14.6,27.0,47.9,,52.1,,49.1,79.9,62.2,5.1,52.5,12.3,48.8,3.6,57.6,72.9,6.7,93.3
DEG0,DEG02,36.0,66.1,72.3,14.2,35.0,9.3,39.4,,68.6,95.4,,41.8,46.9,15.2,25.5,0.1,16.6,,26.6,6.6
DEG0,DEG03,74.4,98.1,49.3,,32.1,89.9,97.9,95.6,67.9,55.9,81.4,66.5,48.4,66.8,59.0,80.6,54.0,24.5,43.4,94.0
DEG0,DEG05,90.8,97.3,5.1,80.2,34.1,82.4,84.4,95.6,25.8,15.3,,36.3,25.0,41.9,8.1,,90.8,92.8,,88.9
DEG0,DEG06,42.3,81.5,,3.1,9.4,11.8,87.9,95.8,28.5,40.5,28.6,16.5,37.7,,37.7,,25.0,,0.8,49.3
DEG0,DEG07,59.2,,80.8,99.2,,,,,58.9,36.7,82.7,57.2,33.0,,33.0,,90.4,98.8,82.1,
DEG0,DEG09,0.7,,99.3,,57.3,61.5,83.2,6.5,48.0,26.0,70.0,,51.2,68.9,,66.5,67.5,81.0,50.9,70.6
DEG0,DEG0A,38.3,80.7,98.5,32.7,14.9,14.9,,,13.4,11.8,,14.9,48.4,,68.8,71.9,55.1,12.3,94.3,58.8
DEG0,DEG0C,58.8,21.0,3.4,,,,,,45.5,25.2,,65.8,29.2,70.9,13.3,96.7,29.6,31.5,56.7,0.7
DEG0,DEG0D,53.8,95.4,48.7,14.8,18.7,24.0,95.7,72.1,61.8,77.1,71.1,37.3,80.7,,82.4,21.1,68.5,65.9,50.5,89.0
DEG0,DEG0E,65.9,61.2,43.5,80.0,71.2,71.9,53.9,4.5,69.2,40.7,79.2,87.8,51.8,91.4,23.1,59.1,41.4,30.0,3.9,90.4
DEG0,DEG0G,55.8,26.5,4.1,44.9,27.1,43.0,80.2,81.4,67.0,41.7,95.3,64.0,69.3,60.0,,21.3,63.9,28.8,,98.9
DEG0,DEG0J,40.3,32.9,20.0,8.0,94.7,94.7,,,61.2,25.8,67.2,90.6,42.8,16.4,,30.9,71.1,54.9,,87.3
EL54,EL541,38.9,0.3,77.9,94.4,40.4,11.3,12.1,78.0,20.0,12.2,27.8,,27.2,35.3,18.9,72.5,51.6,62.0,76.6,16.2
EL54,EL542,69.5,52.2,19.4,75.7,29.1,34.0,75.7,,59.2,81.2,19.0,77.3,12.7,6.7,22.7,91.3,70.7,77.1,64.3,
EL54,EL543,99.2,,0.4,98.8,31.6,64.9,83.8,86.2,35.5,,59.5,11.6,82.8,,99.6,34.1,39.0,3.2,31.7,82.2
EL61,EL611,91.2,85.9,,96.4,62.0,,38.0,,24.4,41.2,,7.5,48.6,30.0,,32.8,61.2,87.0,60.3,36.3
EL61,EL612,42.4,,33.4,18.3,65.8,80.0,27.7,55.0,69.9,85.9,54.9,69.0,80.2,55.2,89.5,4.1,34.5,42.0,26.9,
EL61,EL613,41.2,,58.8,,44.5,46.9,54.2,59.1,79.4,79.4,,,60.0,56.9,63.1,,78.6,70.8,,86.4
EL62,EL621,63.1,99.0,,27.3,85.8,77.6,,5.9,50.5,66.7,,34.4,34.1,59.1,28.8,85.6,81.3,,64.8,97.8
EL62,EL622,53.2,19.1,12.8,,49.4,12.0,13.2,,71.5,74.5,68.4,,59.4,95.9,65.2,83.0,14.4,,,14.4
EL62,EL623,70.7,78.6,32.5,66.0,48.5,44.3,63.5,35.3,59.5,85.8,49.0,43.7,29.9,43.3,,83.4,30.6,52.4,11.0,28.3
EL62,EL624,29.6,,47.3,6.5,42.1,30.3,20.1,83.9,35.4,27.0,43.8,,66.3,64.5,98.6,64.2,23.5,,37.1,9.9
EL63,EL631,55.6,51.6,40.4,,29.9,10.7,25.2,95.8,80.3,85.6,92.4,62.8,25.9,0.3,32.7,55.4,0.1,0.1,,
EL63,EL632,52.9,76.4,80.5,62.9,66.0,96.1,35.7,62.5,40.5,32.5,35.7,53.2,56.0,43.1,69.0,,47.7,23.1,20.5,99.6
EL63,EL633,8.0,,97.6,13.6,15.0,21.8,,91.8,65.8,99.1,89.0,9.3,50.7,61.2,,59.8,52.7,93.8,47.6,16.7
EL64,EL641,67.8,72.9,49.0,79.6,62.4,10.0,22.9,0.0,74.5,93.5,55.6,,82.4,98.1,66.7,,23.4,23.4,,
EL64,EL642,58.5,19.8,6.1,61.9,25.9,,72.4,75.7,56.1,83.5,68.8,15.9,17.1,17.1,,,42.0,42.0,,
EL64,EL643,36.5,,43.5,16.6,53.0,71.4,53.1,59.2,54.4,58.6,45.3,59.4,31.4,21.6,17.2,44.5,53.3,60.6,79.8,19.6
EL64,EL644,82.6,77.3,9.1,79.7,46.6,,,53.4,67.6,56.0,65.0,81.7,20.1,,,79.9,29.8,5.1,54.4,
EL64,EL645,51.3,8.4,9.4,54.9,10.3,4.4,83.8,,69.9,69.9,,,34.7,42.2,8.0,46.1,51.3,99.3,3.3,
EL65,EL651,50.3,,2.4,3.0,58.6,75.8,58.6,,31.9,,9.8,53.9,46.8,78.7,60.5,98.8,48.9,67.2,50.4,29.2
EL65,EL652,69.6,,14.8,54.0,69.4,52.2,15.1,28.9,3.6,4.2,4.0,2.6,30.3,0.3,24.6,34.1,38.6,51.6,40.5,23.6
EL65,EL653,71.7,,22.8,66.1,72.3,82.2,37.5,,51.8,62.5,,41.0,67.2,55.8,78.7,,78.0,63.6,92.5,
ES11,ES111,95.3,,4.7,,65.3,83.5,,52.9,21.8,,25.9,17.7,41.7,49.8,51.6,76.4,10.9,6.4,15.5,
ES11,ES112,70.6,61.9,17.1,66.9,49.4,40.8,,42.0,40.2,36.8,52.8,31.0,30.7,8.2,82.2,98.2,38.5,35.5,75.8,4.2
ES11,ES113,39.4,22.9,34.0,29.4,91.1,91.1,,,50.6,41.1,29.1,81.5,69.8,91.8,73.1,55.6,32.5,17.8,33.2,46.6
ES11,ES114,36.1,6.2,3.8,5.8,55.8,23.9,20.9,35.5,39.6,25.8,70.9,22.2,,,,,64.0,52.6,78.7,60.6
ES12,ES120,36.9,,63.1,,44.1,40.5,22.6,85.5,77.5,95.6,61.2,75.8,44.6,38.9,50.1,55.3,89.2,89.2,,
ES13,ES130,99.7,99.7,,,9.4,11.2,,92.4,45.5,37.7,70.3,28.4,26.8,12.0,41.6,,50.3,21.4,79.2,
ES21,ES211,92.9,,7.1,,61.2,77.2,53.9,39.7,58.9,83.8,75.7,17.1,72.4,94.2,50.6,,37.4,33.5,9.2,69.5
ES21,ES212,57.2,29.4,40.7,83.0,61.7,77.8,49.2,43.5,8.1,4.6,11.7,,1.8,1.8,,,33.3,52.0,39.1,8.8
DEG0,DEG0K,17.4,2.7,,32.0,10.1,10.0,,89.7,49.5,81.7,18.3,48.5,44.7,42.4,90.2,98.4,32.0,29.0,11.6,55.5
DEG0,DEG0L,83.5,98.5,34.3,86.3,56.2,73.7,40.7,64.5,40.8,12.4,,69.1,46.3,,50.7,58.1,64.5,,57.4,71.5
DEG0,DEG0M,47.5,25.5,40.3,57.3,31.9,42.1,80.8,65.7,71.6,64.2,74.6,76.1,21.9,9.0,14.5,57.9,43.1,56.9,,29.4
DEG0,DEG0Q,68.3,88.7,79.2,95.3,17.3,10.8,80.7,78.1,69.5,43.0,96.1,,24.0,2.3,15.5,45.7,54.3,89.2,17.4,56.2
DEG0,DEG0R,60.3,22.8,32.6,90.8,74.2,89.9,65.7,1.7,34.6,28.5,,40.7,83.9,98.2,56.6,3.0,56.5,78.4,76.3,14.7
DEG0,DEG0S,38.3,9.3,57.3,63.0,20.4,21.7,80.9,,67.5,88.2,80.7,33.7,58.3,12.0,77.7,14.9,63.3,77.3,27.2,85.5
DEG0,DEG0T,55.9,16.4,0.1,51.4,45.5,90.7,99.8,,23.4,38.7,8.1,,49.1,82.4,2.5,37.5,7.7,,8.0,7.3
DEG0,DEG0U,35.8,5.4,17.7,19.6,69.3,44.3,14.4,22.1,20.7,1.7,44.3,16.2,29.3,44.9,,86.3,57.5,59.6,55.5,
DEG0,DEG0V,59.5,72.5,92.3,98.2,95.5,93.2,,2.3,82.2,67.5,97.0,,36.6,8.9,,35.8,51.0,20.3,40.1,92.7
DK01,DK011,12.5,20.5,90.8,7.9,47.8,,21.9,82.5,41.3,31.8,54.6,37.6,79.2,,89.1,30.7,38.7,72.6,,4.8
DK01,DK012,36.2,29.4,,43.1,32.4,5.3,68.2,39.8,72.7,92.8,74.1,51.3,27.3,7.5,63.9,89.4,82.7,82.7,,
DK01,DK013,85.5,97.4,,73.5,55.7,73.1,23.4,82.6,69.3,53.9,84.8,,28.4,31.8,,75.0,34.7,2.3,58.9,42.9
DK01,DK014,74.4,99.4,70.0,93.8,63.1,40.5,14.7,36.5,13.2,,8.4,18.0,32.4,32.8,,67.9,56.4,1.5,98.9,68.7
DK02,DK021,54.4,15.0,,93.7,60.8,,32.7,45.7,41.4,3.9,77.3,43.0,15.2,28.9,1.6,,26.7,3.8,3.4,73.0
DK02,DK022,48.4,54.2,59.8,50.7,42.7,13.0,33.8,51.2,51.9,64.7,45.2,45.8,72.5,91.3,44.1,17.9,41.8,40.2,19.6,65.7
DK03,DK031,84.5,,27.5,96.4,24.8,,97.3,53.2,59.5,15.0,91.5,71.9,41.3,,32.0,49.4,73.7,79.1,68.2,
DK03,DK032,73.2,68.2,36.9,88.3,71.5,86.8,39.0,33.2,12.7,3.8,16.8,17.6,52.5,85.2,18.3,46.1,37.5,14.0,61.1,
DK04,DK041,66.8,95.2,73.9,79.0,36.8,22.2,54.6,57.3,58.8,,26.1,91.6,77.2,,72.2,17.8,26.1,38.9,17.2,22.2
DK04,DK042,32.9,34.3,68.6,,78.5,94.0,,36.9,73.5,,51.9,95.0,22.6,1.6,48.8,82.5,27.5,19.4,12.0,51.2
DK05,DK050,70.5,92.6,,48.4,51.3,,70.5,26.9,26.8,,21.0,32.5,35.6,32.7,10.7,36.6,63.4,81.8,84.6,23.8
EE00,EE001,55.9,85.2,,26.6,59.9,69.7,10.9,79.2,70.2,,45.7,94.8,47.3,,47.3,,20.2,13.2,27.2,
EE00,EE004,59.0,52.7,34.8,,38.1,,80.9,42.8,78.2,,77.3,79.2,42.4,44.2,16.8,33.8,62.3,74.1,54.1,58.8
EE00,EE008,42.1,79.7,71.3,17.8,13.9,,91.0,81.2,60.7,33.2,,88.2,36.3,,37.3,64.7,92.0,95.8,,88.3
EE00,EE009,86.5,79.9,6.9,,40.6,3.4,63.3,18.2,61.7,,85.1,38.3,50.2,99.5,50.0,99.0,51.1,44.9,44.1,64.3
EE00,EE00A,51.5,,,51.5,47.8,16.8,20.9,52.6,39.3,17.3,81.6,19.0,56.8,,14.3,0.7,5.1,9.3,0.8,
EL30,EL301,36.2,26.2,,46.3,48.1,,,51.9,63.4,,78.7,48.0,66.5,74.7,62.8,37.9,77.9,94.2,61.9,77.6
EL30,EL302,43.1,45.4,55.4,39.2,66.6,18.2,12.1,6.3,52.7,19.8,72.8,65.5,64.2,95.7,32.6,,75.4,56.7,74.1,95.5
EL30,EL303,48.3,79.9,58.5,23.6,26.7,23.6,,70.2,36.3,57.8,20.3,30.8,66.9,48.9,73.7,21.9,37.2,29.0,57.1,25.4
EL30,EL304,52.5,77.5,72.5,,69.3,82.5,43.9,,,,,,77.2,90.1,52.7,11.3,79.7,89.5,58.0,91.5
EL30,EL305,19.8,14.9,75.3,,45.4,39.7,86.3,17.3,58.6,26.5,60.7,88.5,37.2,50.6,34.9,74.0,31.7,37.2,18.5,39.4
EL30,EL306,50.9,,75.1,76.9,18.0,27.8,92.3,81.5,57.4,57.4,,,34.1,16.3,72.8,86.8,77.9,,,77.9
EL30,EL307,68.0,58.7,2.4,47.8,77.0,73.5,,19.6,53.1,,47.0,59.3,14.5,,14.5,,11.8,,,11.8
EL41,EL411,42.9,70.0,46.7,5.4,74.6,74.6,,,13.0,13.0,,,44.9,44.6,66.2,76.0,46.4,19.8,73.0,
EL41,EL412,45.0,43.1,53.6,45.5,80.8,81.1,10.4,28.2,70.8,,79.0,62.5,1.3,,0.9,98.2,36.0,,12.9,59.1
EL41,EL413,23.7,36.7,72.2,6.6,61.5,65.5,21.5,59.6,49.7,,49.7,,34.8,,11.9,42.4,28.2,32.7,30.7,21.2
EL42,EL421,6.9,,88.8,2.6,78.4,93.0,36.2,,27.9,49.5,,6.2,91.3,96.4,86.2,,37.3,12.6,65.0,34.2
EL42,EL422,46.7,86.4,68.4,22.2,41.7,28.5,12.5,90.8,67.6,49.6,64.0,89.3,45.7,6.5,67.7,37.2,32.6,17.2,48.0,
EL43,EL431,63.6,25.1,11.1,76.9,51.4,51.4,,,55.2,79.3,10.0,76.3,45.6,,,54.4,63.0,81.2,44.8,
EL43,EL432,24.4,,97.4,46.3,75.3,,,24.7,22.9,22.9,,,27.9,36.1,27.6,80.1,10.3,,2.5,18.2
EL43,EL433,45.2,52.8,42.6,25.4,,,,,63.8,,87.2,40.3,59.3,91.9,25.4,39.4,43.4,7.9,52.5,69.9
EL43,EL434,31.3,3.2,40.3,31.1,39.7,58.9,79.5,,34.4,66.7,,2.0,76.3,58.6,94.1,,46.4,75.7,63.1,0.3
EL51,EL511,52.0,99.7,,4.2,46.1,50.2,29.8,82.2,67.8,39.5,99.0,64.8,65.2,,68.5,38.2,33.8,29.3,38.2,
EL51,EL512,27.6,28.7,,26.6,34.1,17.4,18.3,96.7,65.1,59.5,91.2,44.6,91.1,,91.1,,51.0,98.8,2.6,51.6
EL51,EL513,54.1,54.1,,,97.3,,,2.7,78.2,62.8,,93.7,63.7,79.9,68.4,57.2,66.7,88.5,44.9,
EL51,EL514,28.8,,96.3,53.8,53.5,96.5,50.8,85.1,61.6,92.8,30.4,,29.3,45.1,35.6,92.7,43.9,44.0,43.8,
EL51,EL515,74.0,,26.0,,31.5,47.3,,84.2,8.7,8.5,9.2,8.4,44.2,,67.4,79.1,32.2,42.3,15.0,39.2
EL52,EL521,50.2,67.0,66.5,,24.9,,71.3,79.0,37.0,42.4,4.4,64.2,66.8,,89.4,55.8,47.9,37.7,,58.1
EL52,EL522,78.7,65.9,18.2,88.5,61.4,70.2,61.0,24.9,46.2,61.2,,31.2,89.8,,,10.2,59.1,,35.6,82.6
EL52,EL523,55.8,54.3,,57.4,35.8,22.2,53.3,61.4,45.7,13.7,48.0,75.3,60.0,57.6,62.3,,50.8,21.4,58.6,72.5
EL52,EL524,60.4,75.5,81.5,87.3,34.9,10.8,72.0,34.2,30.0,4.4,55.6,,83.0,83.0,,,21.1,27.8,14.5,
EL52,EL525,96.8,,3.2,,31.3,2.8,40.2,,45.3,48.4,74.8,12.7,40.4,53.8,63.0,95.6,70.8,86.6,55.1,
EL52,EL526,63.5,,51.7,78.7,48.3,62.3,62.7,54.6,39.4,53.8,24.9,39.6,30.9,44.0,38.1,89.3,46.0,,26.1,66.0
EL52,EL527,16.8,,72.2,5.9,36.2,47.8,69.7,69.5,6.6,7.0,,6.2,67.7,53.8,80.8,31.4,48.5,70.9,,26.0
EL53,EL531,55.3,5.6,4.9,65.1,27.8,13.6,58.0,,66.1,37.6,86.5,74.1,40.8,43.5,5.0,26.2,33.8,,31.1,36.4
EL53,EL532,35.9,34.0,57.1,30.9,20.8,22.1,80.5,,62.3,,37.0,87.6,57.7,85.4,,70.1,28.1,,33.4,22.9
EL53,EL533,32.5,,67.5,,3.7,,,96.3,50.8,42.8,69.4,40.1,35.9,61.3,10.4,,67.6,10.0,97.2,95.7
DED2,DED2D,81.2,51.7,6.0,97.9,38.7,,51.6,71.1,41.4,12.8,17.3,94.2,67.0,78.6,,44.6,21.6,40.9,16.4,7.6
DED2,DED2E,57.5,92.0,,22.9,58.2,47.9,34.6,38.6,46.3,4.8,97.4,36.8,29.5,51.4,12.3,75.1,55.9,87.9,75.2,4.7
DED2,DED2F,46.7,42.9,36.7,33.9,88.9,,,11.1,40.5,15.4,44.7,61.5,83.8,97.7,62.1,8.5,55.3,77.4,24.3,64.2
DED4,DED41,52.2,48.9,,55.5,22.8,17.0,,71.4,30.5,6.1,60.7,24.7,63.5,,63.5,,55.2,79.3,71.9,14.5
DED4,DED42,17.4,22.9,88.1,,46.9,86.3,74.0,71.5,57.5,47.4,90.5,34.5,82.8,,91.7,26.2,47.6,82.6,53.5,6.6
DED4,DED43,33.2,21.7,55.2,,49.7,75.6,67.0,59.6,68.8,,50.2,87.4,57.2,80.4,42.6,51.4,69.1,,69.1,
DED4,DED44,48.5,31.5,13.3,27.4,55.1,13.8,3.6,,41.6,59.8,38.1,26.8,71.2,83.2,59.2,,77.7,56.8,,98.5
DED4,DED45,41.7,50.0,81.7,56.7,51.5,51.7,4.9,92.4,1.5,,,1.5,75.2,88.9,,38.6,43.1,11.5,50.8,67.1
DED5,DED51,70.8,80.2,38.6,,66.9,,37.3,28.9,60.2,23.5,92.9,64.1,31.3,,4.7,42.1,63.9,85.6,19.5,86.6
DED5,DED52,89.8,83.2,3.5,,30.7,1.7,40.4,,73.5,81.6,95.2,43.8,56.4,,,43.6,38.0,66.8,9.2,
DED5,DED53,91.4,91.6,8.7,,72.3,99.3,28.2,54.2,84.7,,92.2,77.2,38.1,52.3,,76.0,41.9,54.8,14.1,56.7
DEE0,DEE01,30.5,15.9,78.5,54.0,57.3,52.0,11.8,68.2,78.2,78.2,,,45.9,42.9,84.4,89.7,13.0,,12.7,13.3
DEE0,DEE02,49.7,76.4,84.9,57.7,31.7,18.7,,55.3,51.8,,89.7,13.9,18.9,,33.6,95.7,56.4,45.7,67.1,
DEE0,DEE03,78.0,60.2,9.7,83.5,41.7,28.0,59.2,43.6,33.4,,,33.4,68.9,44.9,88.2,26.4,30.7,26.6,,34.7
DEE0,DEE04,43.1,48.6,31.9,12.6,35.5,14.2,36.7,71.0,49.4,,6.3,92.5,57.8,41.0,45.9,13.6,47.0,47.0,,
DEE0,DEE05,27.0,32.8,78.8,,43.6,,94.5,18.3,41.4,71.7,13.6,38.9,74.6,92.4,37.3,5.9,75.6,56.2,94.9,
DEE0,DEE06,41.3,97.5,84.4,10.9,8.6,8.6,,,53.8,74.4,81.7,5.3,20.0,20.0,,,28.5,31.4,,25.6
DEE0,DEE07,88.7,98.8,,78.5,25.8,32.7,81.1,,48.4,46.8,57.3,41.2,77.2,,95.7,41.3,73.7,95.9,51.5,
DEE0,DEE08,81.6,80.5,8.3,72.5,69.7,,4.5,56.1,25.9,22.2,,29.7,44.7,78.4,43.8,88.1,63.8,87.1,,40.6
DEE0,DEE09,37.0,54.6,,19.4,53.2,99.0,89.1,50.3,66.5,96.8,22.8,79.8,49.4,85.0,13.8,,36.1,44.6,27.7,
DEE0,DEE0A,48.7,62.0,36.4,20.6,53.7,,59.4,33.3,49.1,10.7,70.0,66.6,88.9,88.9,,,94.1,,94.1,
DEE0,DEE0B,46.9,1.9,29.5,68.2,83.2,,16.8,,62.9,37.1,81.8,69.9,,,,,31.4,,,31.4
DEE0,DEE0C,75.3,56.6,6.0,,86.7,81.2,7.9,,84.3,71.9,,96.7,76.3,68.6,63.4,3.2,85.5,95.6,76.5,84.5
DEE0,DEE0D,40.3,55.1,70.8,36.6,24.9,,75.1,,96.3,,95.7,97.0,29.6,1.2,57.9,,68.8,93.8,42.8,69.9
DEE0,DEE0E,46.4,6.4,62.7,95.5,36.2,33.7,89.2,35.9,40.5,24.4,56.7,,25.1,7.1,,56.9,63.2,64.4,42.8,82.4
DEF0,DEF01,16.3,,71.7,4.4,41.9,24.2,26.7,71.7,63.8,66.2,28.9,96.3,42.4,22.5,,37.7,40.1,15.7,21.8,82.8
DEF0,DEF02,76.0,,37.9,89.9,81.6,,,18.4,70.2,,,70.2,61.9,,30.8,7.0,22.7,3.2,,42.2
FI1C,FI1C1,44.9,35.6,,54.1,75.7,51.0,15.1,8.8,25.1,22.0,,28.2,47.3,95.8,45.7,99.6,64.2,98.2,85.7,8.8
FI1C,FI1C2,71.3,59.4,16.7,,15.8,24.0,88.2,88.5,52.1,,52.1,,73.1,46.3,,0.1,26.8,9.1,16.2,55.1
FI1C,FI1C5,4.3,,95.7,,40.8,72.6,,91.0,60.4,52.2,72.3,56.6,47.8,77.3,21.1,55.0,50.1,,31.3,69.0
FI1C,FI1C6,37.4,70.4,,4.4,56.2,,34.0,53.5,69.8,60.4,54.7,94.3,47.5,58.2,80.4,96.1,11.1,5.3,,16.8
FI1C,FI1C7,38.9,16.3,,61.5,74.7,62.5,22.9,15.5,22.9,27.7,27.9,13.2,28.6,52.5,,95.3,60.2,60.2,,
FI1D,FI1D5,98.7,,1.3,,40.8,5.1,69.6,13.1,29.0,49.8,12.7,24.4,8.6,4.1,13.1,,35.6,4.7,19.7,82.5
FI1D,FI1D7,44.0,79.3,82.8,35.6,48.2,9.6,13.2,,41.6,,,41.6,51.6,68.6,47.0,60.8,34.5,15.9,53.1,
FI1D,FI1D8,19.6,26.4,74.2,6.7,41.4,16.2,80.1,11.9,63.3,50.1,55.7,84.1,75.9,90.7,75.3,38.3,66.2,93.0,,39.4
FI1D,FI1D9,39.9,30.3,76.3,65.6,51.9,43.1,68.5,18.9,39.7,41.7,,37.7,12.9,12.9,,,22.5,11.7,14.7,41.1
FI1D,FI1DA,67.5,,34.4,69.5,11.5,15.1,85.0,95.5,72.8,49.3,95.0,74.0,45.8,14.8,31.1,8.5,37.4,68.3,20.1,23.9
FI1D,FI1DB,49.2,,98.9,97.4,85.8,,5.8,22.5,36.3,20.2,80.9,7.9,51.2,84.8,40.6,71.9,55.1,46.7,91.6,26.9
FI1D,FI1DC,27.6,45.4,89.5,26.8,57.1,90.1,94.7,24.0,48.7,47.2,39.3,59.5,84.1,96.2,,28.0,63.9,,37.0,90.8
ES21,ES213,36.5,92.5,91.7,8.8,62.0,76.0,32.3,57.6,54.2,84.4,,24.0,63.2,98.1,,71.7,73.2,26.6,93.3,99.8
ES22,ES220,78.1,65.1,24.8,94.1,64.5,30.1,30.9,5.6,37.6,22.0,22.6,68.1,68.6,,68.6,,48.2,82.2,14.2,
ES23,ES230,41.5,54.9,,28.1,6.8,,96.9,89.6,60.5,90.6,26.0,65.0,34.6,4.9,64.3,,80.7,81.6,,79.7
ES24,ES241,65.1,82.0,44.5,57.7,60.7,32.4,,11.1,67.3,64.6,,70.0,50.3,81.4,6.3,36.7,65.8,65.8,,
ES24,ES242,82.2,,17.8,,18.8,32.0,94.5,,54.5,,96.8,12.3,69.5,76.3,62.8,,90.8,90.8,,
ES24,ES243,26.4,35.1,,17.6,37.2,60.1,,85.6,73.4,34.4,96.6,89.3,20.4,21.3,16.9,77.1,65.3,69.9,,60.8
ES30,ES300,71.0,,47.4,89.4,68.3,78.2,22.7,50.7,47.0,47.0,,,12.9,4.6,,78.8,27.0,,15.8,38.1
ES41,ES411,84.4,,15.6,,68.4,95.2,22.2,67.8,42.4,18.3,,66.6,30.6,43.5,26.2,77.9,47.5,32.4,13.1,97.0
ES41,ES412,80.5,69.1,,92.0,66.6,63.5,29.2,34.6,75.3,85.8,71.7,68.5,25.4,17.9,40.5,82.1,63.0,99.3,65.6,24.2
ES41,ES413,49.5,79.0,79.9,,58.1,53.2,68.4,10.5,70.5,48.6,85.7,77.2,55.2,32.4,,22.0,53.2,40.1,,66.4
ES41,ES414,73.2,82.8,36.5,,61.1,79.1,,56.9,67.5,93.7,36.8,72.0,74.5,,91.8,42.8,34.1,,9.1,59.2
ES41,ES415,48.2,32.1,35.8,,28.3,0.1,,43.5,65.2,,,65.2,7.5,,9.0,94.1,74.4,75.2,94.7,53.2
ES41,ES416,34.9,40.6,52.3,16.5,35.7,48.4,,77.0,67.5,,67.5,,56.2,69.5,53.5,54.5,89.4,84.1,94.1,90.0
ES41,ES417,30.9,30.9,,,32.8,32.9,,67.2,63.7,63.7,,,,,,,57.2,77.5,37.8,56.3
ES41,ES418,60.6,92.2,71.1,,60.6,56.1,30.9,43.5,52.8,57.2,92.3,8.9,53.8,38.6,69.1,,28.5,3.3,35.3,47.0
ES41,ES419,32.0,,97.5,61.6,39.5,44.1,,65.0,45.9,,22.3,69.5,77.8,71.9,,16.2,59.7,,20.6,98.7
ES42,ES421,52.1,61.4,62.1,57.0,56.0,39.3,41.4,29.9,49.7,26.2,92.3,30.7,25.2,7.3,61.2,92.8,57.8,75.3,70.6,27.6
ES42,ES422,29.2,22.6,87.7,52.6,75.6,65.7,14.6,,62.8,42.0,47.7,98.8,59.5,53.3,52.2,27.0,33.8,10.4,,57.1
ES42,ES423,46.4,,11.5,4.3,64.1,89.9,19.3,78.4,66.6,47.3,85.9,,18.2,4.3,43.3,92.9,35.4,,56.7,14.1
ES42,ES424,35.6,35.6,,,33.4,46.1,86.4,59.5,79.6,,62.8,96.4,47.0,43.0,92.3,94.4,33.6,36.0,25.9,38.8
ES42,ES425,67.2,,54.2,88.5,63.0,18.4,15.8,13.6,34.5,19.5,18.3,65.6,47.4,,45.1,50.4,55.2,80.1,82.2,3.3
ES43,ES431,61.6,98.9,71.1,56.9,83.7,75.3,15.3,9.0,51.5,48.7,6.4,99.4,52.3,84.1,,79.4,77.8,94.7,,61.0
ES43,ES432,56.0,39.1,,73.0,75.9,75.9,,,38.0,62.4,13.6,,88.4,99.2,87.8,21.9,56.9,46.8,,67.0
ES51,ES511,52.9,45.6,1.1,14.2,74.6,61.0,31.5,5.7,27.1,37.0,,17.3,69.9,58.2,81.6,,48.2,,91.8,4.7
ES51,ES512,48.5,45.8,80.0,79.7,42.6,1.6,16.3,,35.8,29.3,5.8,72.2,54.0,25.9,46.3,10.2,35.6,64.2,32.1,10.6
ES51,ES513,33.8,60.1,92.6,,31.1,54.2,92.0,,75.0,62.9,87.2,,55.8,,80.3,68.8,58.4,75.8,25.5,73.9
ES51,ES514,37.0,48.5,45.1,7.6,,,,,96.6,,96.6,,91.3,98.3,80.7,5.0,91.9,97.6,,86.3
ES52,ES521,37.1,69.4,93.3,35.3,51.0,61.9,35.5,73.5,10.9,10.9,,,67.1,94.5,25.0,18.2,15.0,,15.0,
ES52,ES522,59.7,,68.5,87.9,60.9,95.8,74.0,,46.5,19.6,29.4,90.5,47.0,,51.9,58.0,27.1,27.1,,
ES52,ES523,57.3,61.4,50.7,61.2,26.3,18.9,49.7,90.4,63.3,63.5,94.8,31.7,50.0,18.5,47.4,16.0,37.5,15.4,88.6,8.4
ES53,ES531,23.7,13.4,57.3,15.1,29.9,7.1,95.5,21.8,58.0,,75.7,40.2,26.3,46.3,15.4,82.7,34.7,66.4,4.3,33.5
ES53,ES532,48.1,51.4,55.1,,17.4,10.7,76.0,,61.9,53.4,70.4,,13.2,8.4,9.4,78.2,57.2,29.6,88.3,53.8
ES53,ES533,18.7,54.3,99.1,0.8,27.7,11.0,55.6,,15.4,30.6,,0.1,48.5,17.8,91.6,63.8,74.9,83.2,77.6,63.8
ES61,ES611,54.8,87.0,77.5,,41.1,12.9,18.0,71.5,14.5,14.5,,,29.3,6.4,61.2,79.6,75.3,,93.8,56.8
ES61,ES612,65.7,86.6,,44.7,24.6,40.6,97.7,69.1,11.1,,,11.1,24.0,5.7,42.2,,16.8,16.8,,
ES61,ES613,80.9,74.8,19.3,87.3,67.3,,32.7,,59.7,52.9,71.0,55.3,81.0,,81.0,,65.0,76.7,,53.4
ES61,ES614,35.5,82.3,93.4,17.7,57.2,89.0,50.2,67.3,37.3,20.4,40.8,50.6,67.6,88.3,91.3,76.8,60.6,,24.8,96.5
ES61,ES615,80.0,,19.0,79.1,54.0,22.6,9.9,50.8,53.8,34.9,,72.8,38.4,,70.8,94.1,56.6,,48.2,65.1
ES61,ES616,52.3,62.9,58.2,,63.6,53.8,,26.6,50.9,62.1,44.5,46.1,29.6,11.1,41.9,64.3,48.9,29.9,17.8,99.1
ES61,ES617,39.4,15.1,36.9,39.9,29.8,17.1,57.5,,32.0,20.4,59.3,16.3,61.5,60.2,62.8,,16.0,29.8,,2.2
ES61,ES618,68.7,47.5,41.2,99.7,41.0,,61.9,56.2,54.2,59.5,68.0,35.2,28.1,57.1,7.5,80.3,56.8,84.7,,28.9
ES62,ES620,78.4,94.4,39.9,80.8,48.0,,77.6,26.5,79.9,79.2,,80.6,17.0,32.7,,98.7,39.7,,,39.7
ES63,ES630,39.0,60.2,,17.9,24.1,25.3,77.0,,30.7,57.3,,4.1,47.7,66.7,23.7,47.4,86.4,74.4,,98.4
ES64,ES640,13.6,14.9,78.8,4.7,44.3,68.0,76.0,59.2,32.3,59.6,1.7,35.7,40.3,55.8,19.2,54.1,68.0,99.1,56.9,48.0
ES70,ES703,21.7,2.0,,41.4,30.4,3.5,,42.8,67.0,12.3,91.9,96.9,18.9,,4.3,66.5,56.0,55.9,81.9,30.1
ES70,ES704,11.7,,,11.7,56.9,61.1,47.8,42.5,25.7,,18.1,33.2,53.8,63.5,44.0,,44.9,48.0,54.1,32.6
ES70,ES705,57.9,60.1,9.6,23.2,10.3,0.6,96.9,72.9,53.2,16.6,89.9,,75.8,39.4,94.7,6.8,52.5,47.2,64.0,46.3
ES70,ES706,35.5,,53.6,24.6,38.4,32.1,55.4,,32.1,30.5,34.6,31.3,67.2,97.7,36.8,,5.0,,5.2,4.7
ES70,ES707,51.7,9.3,30.7,76.5,41.4,35.7,,52.9,59.7,73.2,,46.1,43.5,30.0,57.1,,58.9,90.1,33.3,53.4
ES70,ES708,57.7,12.5,8.3,68.8,54.2,64.4,98.0,3.7,30.1,53.5,,6.8,35.2,48.0,1.0,43.5,18.4,6.3,,30.6
ES70,ES709,57.9,66.1,72.9,80.6,50.6,10.2,10.7,47.8,66.1,86.9,73.5,37.9,58.9,,58.9,,56.2,21.0,58.8,88.9
FI19,FI196,55.5,43.0,34.1,57.5,56.8,68.9,,55.4,50.7,57.7,23.4,70.9,50.9,,54.0,52.2,40.8,17.0,27.7,77.6
FI19,FI198,55.5,75.1,67.0,58.3,46.9,56.1,82.4,32.9,71.2,34.9,94.5,84.3,41.6,,,58.4,75.8,60.9,84.6,82.0
FI19,FI199,23.8,54.0,90.7,8.2,22.7,,58.1,96.5,70.1,81.1,79.5,49.6,52.3,52.3,52.3,,66.3,63.8,50.3,84.9
FI19,FI19A,98.6,,,98.6,24.5,53.9,91.6,88.8,75.1,,65.7,84.4,64.0,84.6,44.5,37.0,57.3,,92.5,22.1
FI19,FI19B,50.9,8.9,31.3,75.1,50.0,46.5,76.9,19.5,24.2,2.0,12.2,58.4,27.4,,53.3,98.5,27.0,64.6,12.1,4.2
FI1B,FI1B1,51.5,,82.6,85.6,15.0,4.3,87.9,71.5,42.1,7.0,69.7,49.6,32.4,40.2,7.9,51.0,50.5,56.8,24.2,70.4
FRC1,FRC11,33.3,54.5,97.7,43.0,61.6,95.6,24.6,86.1,43.4,23.9,18.6,87.7,67.5,,39.3,4.3,34.9,,24.0,45.7
FRC1,FRC12,26.1,54.5,76.6,0.5,61.6,29.5,37.8,6.9,41.2,41.2,,,52.1,46.2,63.5,53.5,71.6,91.9,26.6,96.3
FRC1,FRC13,45.3,,54.7,,29.3,0.8,,42.2,59.2,50.9,,67.6,39.8,52.9,59.2,92.7,41.8,57.5,,26.0
FRC1,FRC14,43.1,91.7,62.7,0.4,31.1,,76.4,61.4,61.5,27.0,96.1,,74.4,83.1,53.8,13.6,42.7,45.4,2.1,80.6
FRC2,FRC21,68.3,98.5,75.8,82.1,77.9,76.6,,20.8,53.5,52.3,,54.8,52.1,74.7,22.2,40.5,38.3,45.0,9.4,60.5
FRC2,FRC22,59.8,11.3,19.3,87.3,18.6,18.6,,,41.1,16.7,,65.5,58.5,,89.4,72.4,26.4,46.2,,6.6
FRC2,FRC23,29.1,,68.9,27.2,24.5,16.0,78.1,64.3,61.6,,61.6,,36.7,14.4,54.4,58.7,67.7,47.5,98.3,57.4
FRC2,FRC24,23.8,17.7,,29.9,54.5,,26.5,64.6,23.6,41.9,,5.2,60.9,,43.2,21.5,42.2,14.9,69.4,
FRD1,FRD11,46.5,15.1,,77.9,85.3,89.3,13.6,19.7,59.4,58.3,,60.5,66.6,,,33.4,79.0,96.6,,61.5
FRD1,FRD12,56.2,,3.5,16.0,61.9,,38.1,,69.0,88.5,49.6,,27.2,,31.6,77.3,45.1,79.2,11.1,
FRD1,FRD13,73.4,96.4,0.6,24.5,44.1,,82.5,29.3,90.2,90.2,,,15.8,1.5,21.5,75.5,76.0,,93.7,58.3
FRD2,FRD21,67.5,82.3,47.4,,42.8,20.8,,35.3,47.0,,47.0,,56.9,81.8,2.4,13.4,68.3,82.7,54.0,
FRD2,FRD22,11.0,,,11.0,63.5,53.7,9.1,54.0,59.3,75.7,60.7,41.4,76.1,42.8,98.1,12.7,65.2,99.9,50.0,45.6
FRE1,FRE11,76.9,,43.8,97.6,13.2,11.0,,84.6,39.1,,4.4,73.7,75.6,93.3,94.2,60.8,17.9,12.8,,23.0
FRK2,FRK23,28.2,51.0,94.5,,38.0,,96.5,27.4,1.0,,1.0,,67.2,,49.2,14.8,11.0,,0.1,21.8
FRK2,FRK24,24.9,,,24.9,73.8,71.4,23.9,,78.6,,57.2,99.9,97.7,,,2.3,80.8,85.0,75.3,82.0
FRK2,FRK25,32.4,,93.4,58.2,54.8,77.3,74.0,38.8,88.8,73.3,98.9,94.3,58.5,54.8,25.8,5.1,52.7,81.6,51.5,24.9
FRK2,FRK26,95.3,,,95.3,68.2,,,31.8,52.4,55.5,25.9,75.9,21.7,30.9,18.9,84.8,36.8,,32.4,41.3
FRK2,FRK27,15.4,,94.3,25.0,63.6,70.4,43.2,,,,,,77.8,72.1,70.6,9.2,73.4,92.1,51.3,76.7
FRK2,FRK28,50.3,14.9,14.1,50.1,67.5,,32.5,,68.6,91.3,19.3,95.1,91.8,99.6,,15.9,64.1,,95.0,33.2
FRL0,FRL01,67.8,68.7,62.8,97.5,6.3,1.8,89.2,,17.3,,17.3,,25.1,2.4,,52.2,38.8,3.0,74.6,
FRL0,FRL02,18.4,12.7,92.5,35.1,68.1,,26.4,37.4,51.5,42.9,22.4,89.1,72.5,75.4,72.5,30.5,98.8,,,98.8
FRL0,FRL03,53.6,30.0,2.5,33.3,52.5,,74.4,20.5,52.5,49.2,,55.8,30.1,49.1,16.9,75.7,68.9,12.6,95.3,98.7
FRL0,FRL04,72.0,84.7,38.7,69.9,9.9,15.3,,95.6,71.7,44.2,85.2,85.6,62.5,62.4,83.0,57.8,23.6,36.2,,10.9
FRL0,FRL05,60.0,50.1,30.1,,71.2,86.4,30.8,41.9,37.8,37.8,,,34.8,,43.3,73.8,39.6,35.7,17.2,66.0
FRL0,FRL06,25.9,28.3,76.6,,48.1,49.3,,53.1,30.5,0.3,23.4,67.7,59.3,50.0,80.6,52.8,88.7,80.1,99.3,86.6
FRM0,FRM01,18.2,,81.7,18.2,70.5,,31.1,27.9,20.5,18.6,11.8,31.1,51.5,52.8,,49.7,93.0,,87.2,98.7
FRM0,FRM02,59.5,6.2,10.5,82.8,91.2,91.2,,,65.8,93.8,91.9,11.7,64.0,,74.8,46.7,30.3,41.5,10.5,38.8
FRY1,FRY10,60.9,76.1,68.4,75.1,52.8,,9.9,84.5,59.3,82.1,36.5,,45.4,,43.8,53.0,47.3,2.3,55.8,83.7
FRY2,FRY20,38.1,0.3,,76.0,68.1,46.8,10.6,,54.3,11.1,97.6,,67.1,67.7,58.8,25.1,17.4,12.1,,22.7
FRY3,FRY30,25.9,41.9,90.0,,49.3,54.7,71.6,35.2,58.5,50.1,,66.9,41.7,79.8,,96.4,39.1,,39.1,
FRY4,FRY40,43.7,60.2,55.1,26.0,30.0,2.0,68.2,43.7,63.6,24.6,91.4,74.9,32.8,14.2,73.6,89.5,30.3,38.8,,21.8
FRY5,FRY50,74.1,97.9,64.9,89.3,33.9,,70.3,62.0,55.1,57.8,85.5,22.0,46.5,,73.9,80.9,17.8,31.6,14.7,7.1
HR02,HR021,36.9,36.5,55.0,29.1,35.9,24.5,93.6,23.3,39.6,9.3,82.0,27.6,38.9,26.0,49.1,58.5,65.0,95.9,24.7,74.4
HR02,HR022,50.9,11.1,7.6,49.3,42.4,13.4,76.5,9.8,53.5,15.5,63.9,81.2,31.5,22.7,15.4,43.5,51.8,99.1,42.3,14.1
HR02,HR023,63.5,44.2,,82.7,20.4,36.2,75.5,99.5,33.5,48.1,21.7,30.7,9.8,1.6,,82.1,48.1,50.3,45.9,
HR02,HR024,53.1,,33.2,39.4,83.2,98.1,18.6,30.0,25.1,,25.1,,42.8,37.7,47.8,,44.5,20.7,72.7,40.1
HR02,HR025,54.7,13.8,21.8,72.2,46.8,60.7,67.2,,49.6,91.9,39.3,17.6,67.2,78.0,26.0,2.5,68.3,83.4,47.4,74.2
HR02,HR026,30.2,32.7,42.9,0.9,47.0,,32.2,73.7,55.2,88.2,33.9,43.6,25.0,,2.8,52.7,40.2,,,40.2
HR02,HR027,69.8,45.5,6.0,,15.6,14.7,,83.6,45.5,65.1,60.7,10.7,39.3,,15.8,37.2,69.5,83.7,55.3,
HR02,HR028,57.9,,,57.9,85.6,85.6,,,75.5,,96.1,55.0,49.8,,26.6,26.9,60.4,6.1,86.8,88.4
HR03,HR031,76.3,92.2,8.0,44.6,58.3,88.8,94.1,19.8,28.1,,18.4,37.7,27.6,11.3,16.0,44.4,73.9,91.6,,56.3
HR03,HR032,77.0,75.6,6.1,61.6,56.1,98.7,69.9,60.5,76.6,,99.1,54.1,38.5,,11.8,34.8,34.4,,56.3,12.5
FRE1,FRE12,54.5,42.0,33.1,,43.7,55.3,97.7,26.5,54.6,58.6,,50.6,15.3,30.1,,99.4,84.6,84.6,,
FRE2,FRE21,87.1,,10.3,84.4,10.6,16.6,90.4,94.4,40.5,23.8,,57.2,85.3,,89.9,19.2,2.4,0.7,,4.1
FRE2,FRE22,55.9,90.6,34.4,11.4,33.3,22.6,32.9,89.7,55.1,40.5,55.4,69.5,19.4,19.4,19.3,,20.1,39.4,,0.7
FRE2,FRE23,31.0,34.7,53.8,12.2,88.0,78.9,9.0,5.8,75.8,75.1,90.8,61.5,30.7,11.8,49.6,,28.4,30.9,16.0,38.4
FRF1,FRF11,54.8,86.7,56.6,34.2,51.1,9.8,,7.6,57.9,48.2,40.1,85.5,52.5,31.9,50.9,25.2,56.3,,70.1,42.6
FRF1,FRF12,46.2,76.6,,15.8,48.9,53.3,87.5,19.1,41.4,6.3,86.0,31.8,80.8,72.0,,10.5,58.1,84.1,44.2,46.1
FRF2,FRF21,38.3,,97.4,74.1,22.2,15.3,,70.8,77.4,79.8,93.2,59.1,69.4,96.9,54.3,43.1,53.2,83.0,,23.4
FRF2,FRF22,40.0,,55.8,35.8,12.7,5.7,71.6,96.0,70.7,88.3,50.3,73.5,78.9,83.0,97.3,43.7,18.4,13.5,1.8,39.8
FRF2,FRF23,52.5,,16.8,21.7,87.5,87.5,8.0,16.9,75.5,,,75.5,51.0,35.3,93.4,75.7,50.6,44.7,18.9,88.1
FRF2,FRF24,19.1,9.1,79.3,27.4,37.7,57.3,78.8,65.5,40.9,83.1,13.4,26.2,70.4,34.3,96.3,19.4,64.7,,64.7,
FRF3,FRF31,45.4,7.5,8.4,37.1,57.8,61.9,,46.4,38.2,,38.2,,93.2,,93.2,,39.5,3.7,40.0,74.8
FRF3,FRF32,13.4,5.5,87.0,21.8,85.6,93.9,,22.8,37.5,,9.0,65.9,77.0,67.3,86.7,,24.1,1.2,61.7,9.3
FRF3,FRF33,64.6,13.7,9.9,90.0,91.5,91.5,,,76.4,89.5,47.7,91.9,45.8,,20.8,29.2,23.7,4.5,42.9,
FRF3,FRF34,57.8,34.0,44.1,83.6,71.6,61.5,,18.3,22.4,28.7,30.8,7.8,50.0,21.9,78.1,50.1,62.7,25.6,99.7,
FRG0,FRG01,56.2,77.3,22.5,13.7,37.8,4.1,17.3,73.4,38.6,65.3,0.3,50.1,91.5,88.6,94.4,,43.5,27.9,59.0,
FRG0,FRG02,49.2,58.2,53.4,42.7,55.1,84.6,73.7,45.6,45.2,52.3,45.7,37.5,68.4,45.1,85.6,25.6,46.9,46.7,38.8,55.3
FRG0,FRG03,92.3,96.5,,88.2,72.4,,51.8,3.4,92.5,,92.5,,23.2,1.1,33.5,65.0,50.1,38.5,23.6,88.2
FRG0,FRG04,52.0,,22.8,26.7,48.2,50.9,39.6,66.6,41.0,,70.1,12.0,16.2,18.3,,85.8,56.9,64.2,61.4,45.2
FRG0,FRG05,49.3,43.1,76.0,80.8,74.5,,20.5,30.5,68.2,69.6,86.8,48.2,90.5,74.2,99.4,2.2,49.9,30.3,,69.4
FRH0,FRH01,60.2,,56.1,76.5,72.8,40.1,3.0,18.7,57.8,,,57.8,89.6,89.6,,,58.8,58.1,50.9,67.3
FRH0,FRH02,53.7,53.7,,,13.1,,96.6,77.3,61.1,9.0,92.2,82.2,27.7,26.2,29.2,,44.8,59.1,66.5,8.7
FRH0,FRH03,32.9,95.8,99.0,1.9,67.8,77.5,41.9,,33.4,18.0,82.0,0.2,68.8,60.7,,23.2,74.2,74.2,78.6,69.7
FRH0,FRH04,57.7,69.4,7.5,11.2,45.3,86.0,,95.4,37.5,22.2,,52.8,53.6,75.9,10.3,25.3,63.8,92.1,90.1,9.3
FRI1,FRI11,22.5,,77.5,,90.1,,15.6,4.3,54.7,20.4,53.9,89.8,6.6,6.6,,,66.0,,55.0,77.0
FRI1,FRI12,30.5,84.2,94.7,1.9,42.8,,57.9,56.5,32.2,46.7,7.5,42.3,61.2,11.2,89.4,17.1,39.2,39.2,,
FRI1,FRI13,45.6,,,45.6,50.0,80.4,42.1,88.2,41.4,21.8,38.1,64.2,50.4,52.2,48.5,,47.6,,29.5,65.8
FRI1,FRI14,62.5,65.8,40.8,,39.7,,95.7,24.9,69.3,,57.0,81.6,50.5,25.0,76.1,,37.2,29.4,13.3,69.0
FRI1,FRI15,40.2,,69.8,50.1,30.9,,44.0,94.2,89.2,97.1,82.7,87.7,45.5,14.7,71.7,49.8,54.9,27.6,41.1,96.1
FRI2,FRI21,51.5,3.8,46.4,97.0,50.9,58.5,,56.7,90.8,91.1,90.5,,72.0,,60.5,16.6,34.6,62.0,,7.3
FRI2,FRI22,71.0,93.1,17.7,37.7,62.6,90.9,65.7,,63.4,60.3,54.8,75.1,64.3,86.5,51.5,45.1,34.0,,43.4,24.7
FRI2,FRI23,35.2,4.9,80.7,81.3,47.2,,52.8,,24.4,8.5,40.2,,29.6,29.0,,69.8,44.7,14.7,74.7,
FRI3,FRI31,54.0,74.1,85.3,73.1,20.3,21.8,,81.2,34.8,15.2,54.4,,73.8,54.0,83.3,16.0,63.5,94.0,,33.0
FRI3,FRI32,64.9,64.9,,,38.0,23.2,48.4,60.9,81.4,62.2,90.6,91.5,95.5,97.7,92.1,3.4,62.5,37.0,87.9,
FRI3,FRI33,29.9,24.6,44.9,10.1,50.1,57.2,15.3,91.5,57.2,77.1,0.7,93.9,52.4,12.1,,7.3,16.4,,31.6,1.3
FRI3,FRI34,59.1,49.6,7.3,35.0,42.5,8.6,66.3,14.7,61.0,62.2,59.8,,21.0,,21.0,,54.3,18.4,99.6,44.9
FRJ1,FRJ11,50.9,0.0,43.1,95.9,8.6,12.9,98.6,88.5,67.8,47.0,77.7,78.6,91.3,97.7,85.3,9.0,65.4,96.1,,34.7
FRJ1,FRJ12,63.5,38.4,3.7,55.8,15.0,0.1,74.2,80.8,74.1,83.5,71.8,66.9,41.3,66.6,4.7,47.3,82.9,,,82.9
FRJ1,FRJ13,10.7,,89.3,,28.9,1.8,60.4,54.6,20.3,,2.4,38.3,29.7,76.7,4.0,91.5,34.9,39.9,62.8,2.1
FRJ1,FRJ14,57.4,54.0,,60.8,69.1,97.1,69.2,20.7,18.4,23.7,13.2,,39.9,,30.0,50.3,24.2,5.3,43.2,
FRJ1,FRJ15,22.6,60.5,96.9,4.1,40.1,11.7,9.3,82.2,52.9,97.9,7.9,,32.3,14.5,10.0,27.6,11.7,4.7,,18.6
FRJ2,FRJ21,52.6,,40.3,45.5,69.3,98.8,,60.1,19.2,0.7,27.3,29.6,53.4,95.9,,89.2,42.9,91.9,8.0,28.9
FRJ2,FRJ22,50.5,82.3,72.9,42.1,80.8,80.4,13.2,24.8,35.9,57.6,36.3,13.8,43.8,74.0,13.0,55.6,47.7,21.6,40.1,81.3
FRJ2,FRJ23,30.4,4.2,43.4,,11.3,,88.7,,19.4,26.6,,12.1,78.8,58.7,98.8,,63.9,63.9,,
FRJ2,FRJ24,31.4,33.9,76.7,37.1,76.6,59.7,11.2,18.7,24.0,5.0,43.0,,50.7,34.9,49.3,32.2,62.2,98.1,13.7,74.7
FRJ2,FRJ25,35.9,28.2,32.9,12.4,46.7,,71.8,34.8,48.5,21.1,84.5,39.8,77.7,86.7,68.6,,45.1,49.5,40.7,
FRJ2,FRJ26,33.0,40.8,84.0,42.3,40.7,29.6,15.4,92.2,6.3,,,6.3,11.3,2.7,19.9,,28.8,67.9,9.0,9.4
FRJ2,FRJ27,64.2,34.7,6.2,,49.5,7.5,32.6,26.5,66.7,96.9,36.5,,58.1,69.4,46.8,,24.3,12.3,8.0,52.5
FRJ2,FRJ28,28.9,39.8,93.7,40.5,38.8,33.0,55.4,,60.8,60.7,67.1,54.7,4.9,,4.9,,58.7,74.6,47.4,54.2
FRK1,FRK11,22.1,0.6,56.4,,51.7,43.2,19.0,69.0,49.1,47.9,13.3,86.1,40.0,4.0,92.2,76.3,66.3,93.5,46.0,59.4
FRK1,FRK12,23.7,,,23.7,41.5,15.9,86.7,4.7,16.6,18.2,25.1,6.5,51.1,22.8,51.6,21.2,39.8,66.0,52.5,0.9
FRK1,FRK13,64.6,33.1,8.4,69.0,32.5,,91.5,43.6,79.1,62.2,95.9,,78.8,,78.9,21.3,60.6,,43.2,77.9
FRK1,FRK14,56.3,49.3,21.8,41.4,38.5,70.0,,92.9,2.8,2.8,0.3,5.2,30.0,3.5,16.9,30.4,34.1,8.5,64.0,29.8
FRK2,FRK21,80.0,,27.0,86.9,65.3,75.9,42.8,37.1,41.6,84.2,16.0,24.5,45.1,80.5,35.7,81.0,68.3,95.5,41.2,
FRK2,FRK22,38.1,26.7,64.6,52.3,35.6,58.7,67.9,83.9,54.2,84.2,7.7,70.6,34.6,58.9,31.5,86.7,68.7,80.0,82.4,43.7
FI20,FI200,21.4,13.2,59.0,10.1,44.0,,58.6,53.4,64.1,66.1,33.0,93.3,15.2,1.6,18.2,74.1,87.6,87.6,,
FR10,FR101,47.3,53.1,93.9,82.7,40.3,16.2,46.1,49.2,84.2,77.4,90.9,,24.3,64.3,5.8,97.3,68.8,38.8,,98.7
FR10,FR102,36.5,,57.6,30.6,56.0,57.5,87.0,2.5,64.5,51.5,62.4,79.7,24.1,,24.1,,51.9,91.8,,11.9
FR10,FR103,25.8,5.9,41.7,13.2,20.8,,90.1,68.4,50.9,27.8,92.7,32.2,40.1,35.8,10.0,25.5,17.2,0.6,,33.8
FR10,FR104,54.6,41.5,13.3,35.7,44.6,35.3,15.4,86.2,46.2,77.0,47.2,14.4,69.9,20.2,91.2,1.7,71.9,83.6,86.7,45.3
FR10,FR105,60.9,40.8,,81.0,75.2,91.6,41.1,,43.4,33.3,,53.5,83.0,,87.3,21.3,37.5,1.2,63.8,47.6
FR10,FR106,70.3,84.5,57.6,84.1,55.8,15.3,21.0,27.0,39.8,,4.2,75.4,54.2,69.1,50.9,57.3,44.5,63.9,25.1,
FR10,FR107,73.8,82.8,4.5,43.2,46.0,,27.0,80.9,34.5,,9.0,60.0,58.7,33.2,84.2,,4.1,,4.1,
FR10,FR108,58.1,66.5,53.3,61.0,44.5,11.4,51.3,26.7,52.3,52.3,,,39.0,72.4,32.0,87.4,68.8,80.6,57.1,
FRB0,FRB01,38.4,22.0,42.9,36.1,69.0,71.6,16.6,48.1,34.6,21.0,44.3,38.4,48.8,,65.7,68.1,78.2,98.2,89.4,46.9
FRB0,FRB02,32.9,29.5,,36.2,35.9,31.2,59.4,,18.6,15.3,,22.0,38.2,45.0,57.9,88.4,49.3,67.9,3.6,76.3
FRB0,FRB03,51.9,82.4,71.4,44.8,28.8,55.2,98.4,70.3,31.2,,42.1,20.3,83.1,98.9,54.5,4.0,28.1,21.0,35.3,
FRB0,FRB04,48.3,5.8,37.0,76.2,48.2,16.8,21.0,51.2,62.8,52.5,95.9,39.9,68.1,,68.1,,50.2,78.6,63.2,8.8
FRB0,FRB05,66.8,54.7,,78.9,49.7,38.7,76.2,13.4,77.5,64.9,91.5,76.0,45.2,3.7,,13.2,25.5,14.7,38.8,23.1
FRB0,FRB06,48.8,70.6,85.0,60.7,51.4,4.6,4.4,46.0,63.9,86.2,86.5,19.1,37.4,44.6,44.2,76.6,46.3,65.8,10.0,63.2
ITF3,ITF34,50.2,76.8,90.5,64.4,38.9,61.8,73.9,71.1,50.9,4.5,50.9,97.2,41.9,30.9,5.1,10.2,34.9,,64.8,4.9
ITF3,ITF35,69.2,99.0,,39.4,53.4,53.4,,,66.2,87.8,44.6,,56.0,23.2,80.4,35.7,58.4,26.3,57.5,91.5
ITF4,ITF43,59.2,81.9,85.6,81.4,82.3,,13.5,21.9,46.1,66.2,35.5,36.6,53.2,16.0,66.9,23.4,58.5,96.2,20.8,
ITF4,ITF44,27.0,8.9,92.2,64.3,22.7,22.7,,,73.8,73.6,,73.9,46.7,58.3,2.4,20.7,31.9,38.4,25.5,
ITF4,ITF45,53.9,,57.2,65.0,38.0,48.7,92.3,42.5,61.8,33.7,89.8,,38.6,40.4,64.6,89.1,39.0,,30.0,48.0
ITF4,ITF46,24.3,5.9,81.7,48.7,43.7,2.6,59.1,12.5,55.5,66.4,97.1,2.9,44.2,,63.4,74.9,73.2,64.6,81.9,
ITF4,ITF47,76.1,41.6,12.3,99.0,60.3,95.3,,74.7,60.0,27.8,92.2,,50.6,12.8,97.9,58.8,31.6,,20.9,42.3
ITF4,ITF48,34.0,42.1,74.0,,52.5,61.4,63.6,40.4,44.2,2.7,,85.8,25.6,,39.5,88.2,81.4,,81.4,
ITF5,ITF51,52.9,49.0,,56.8,54.7,35.7,38.1,33.5,26.7,15.8,,37.6,33.3,81.2,4.5,85.8,70.7,81.4,97.3,33.5
ITF5,ITF52,88.1,,20.8,96.9,73.2,92.5,54.9,18.1,23.5,22.9,,24.1,51.6,25.3,37.8,8.4,22.1,29.2,14.9,
ITF6,ITF61,52.7,78.2,51.7,31.7,99.2,,0.8,,34.0,24.4,43.5,,87.2,,80.4,6.0,23.5,53.6,8.6,8.4
ITF6,ITF62,48.1,,,48.1,84.6,63.1,1.5,7.8,32.6,4.5,63.1,30.1,40.1,45.4,,65.2,53.3,,82.2,24.4
ITF6,ITF63,30.2,7.2,17.9,1.2,,,,,66.3,43.2,64.7,91.0,83.1,,83.1,,5.3,9.6,2.7,3.7
ITF6,ITF64,34.5,25.6,56.6,,68.5,40.2,20.6,14.1,,,,,43.8,23.2,13.0,4.7,63.5,65.5,,61.4
ITF6,ITF65,25.6,,,25.6,52.5,22.4,,17.4,56.5,,97.3,15.8,51.3,25.4,41.2,12.6,57.8,50.1,80.4,42.8
ITG1,ITG11,37.8,,51.2,26.8,64.0,73.0,35.7,45.4,47.3,62.5,24.3,55.0,21.2,17.7,23.2,77.4,49.0,17.8,96.0,33.3
ITG1,ITG12,43.9,26.8,39.0,,65.1,87.2,62.0,30.0,57.7,78.3,24.9,69.8,42.6,,77.7,92.4,58.6,72.0,33.8,69.9
ITG1,ITG13,47.2,40.8,88.1,88.8,28.5,15.4,91.1,38.8,15.4,15.1,,15.7,68.3,64.5,95.1,54.7,35.3,27.1,28.7,50.0
ITG1,ITG14,53.1,66.9,,39.3,30.2,29.6,63.9,75.2,78.7,78.7,,,42.0,67.4,10.2,51.5,2.9,,2.9,
ITG1,ITG15,50.1,47.4,47.2,,29.0,0.4,,42.4,55.5,55.4,55.6,,29.7,57.4,,97.9,38.8,19.6,78.3,18.4
ITG1,ITG16,41.2,83.8,99.1,38.9,21.3,34.4,91.7,,86.1,,,86.1,66.3,89.9,,57.3,49.3,66.5,11.0,70.3
ITG1,ITG17,44.8,29.2,62.0,67.2,84.2,88.9,32.9,3.3,44.0,10.7,77.3,,41.0,71.8,27.2,76.1,37.4,,27.2,47.6
ITG1,ITG18,72.0,83.3,20.5,53.3,20.3,,,79.7,60.3,72.8,86.5,21.7,54.4,,54.4,,65.6,,65.4,65.8
ITG1,ITG19,7.4,4.8,89.9,,11.4,15.1,88.2,92.6,71.0,54.4,,87.6,23.8,24.6,,77.0,45.1,89.5,30.2,15.6
ITG2,ITG2D,92.5,,7.5,,52.8,98.4,,92.8,38.2,,38.2,,32.7,9.9,8.6,20.3,71.5,,58.3,84.8
ITG2,ITG2E,66.9,,,66.9,69.5,,52.1,8.8,85.1,,,85.1,40.9,13.7,69.7,60.8,46.5,47.6,49.1,42.9
ITG2,ITG2F,55.3,23.9,8.0,49.9,56.8,11.1,12.2,28.6,51.5,15.2,87.7,,51.3,92.0,5.1,43.3,27.0,38.9,25.3,16.7
ITG2,ITG2G,72.3,75.8,31.2,,28.9,,48.7,93.4,57.6,54.3,27.6,91.0,53.5,60.5,98.2,98.1,70.1,,,70.1
ITG2,ITG2H,29.9,45.1,91.7,36.4,87.2,88.7,18.4,8.6,56.4,,76.0,36.7,76.8,87.4,66.3,,74.7,65.4,83.9,
ITH1,ITH10,54.4,50.9,42.1,,33.9,,44.5,87.7,70.7,,81.3,60.0,54.4,98.8,10.0,,14.0,,16.9,11.1
ITH2,ITH20,67.2,79.3,,55.2,62.2,,28.4,47.1,38.8,52.6,60.6,3.2,39.7,3.9,26.8,11.6,58.3,78.2,93.6,3.0
ITH3,ITH31,85.9,77.4,,94.4,52.2,16.5,59.2,0.8,57.1,28.9,93.6,48.9,42.0,59.9,24.0,,73.7,85.1,,62.2
ITH3,ITH32,76.1,71.2,30.1,87.2,23.9,,76.1,,65.7,28.8,80.0,88.4,,,,,30.7,55.5,2.3,34.4
ITH3,ITH33,66.6,55.9,2.5,46.5,22.7,11.5,,66.1,78.6,71.9,91.8,72.0,21.7,1.4,55.3,91.5,54.6,59.2,76.8,27.8
HR03,HR033,59.1,73.7,60.3,63.8,40.8,35.9,,54.3,,,,,44.1,46.0,75.6,89.4,44.4,,44.4,
HR03,HR034,60.8,66.4,,55.2,75.0,,2.0,47.9,58.8,61.4,84.9,30.1,60.4,49.9,32.3,0.9,54.2,18.4,90.1,
HR03,HR035,0.5,0.5,,,52.3,30.8,34.2,39.8,63.6,,31.5,95.7,59.5,38.4,56.3,16.2,23.0,,23.9,22.2
HR03,HR036,25.3,,67.6,18.1,8.0,8.3,92.2,,32.5,4.6,,60.5,80.2,90.5,60.0,9.9,15.7,15.7,,
HR03,HR037,33.2,40.7,76.9,35.9,19.4,17.6,60.4,99.1,7.9,,12.6,3.3,52.0,83.9,50.0,78.0,33.9,0.8,,67.1
HR05,HR050,48.8,,64.3,61.9,76.7,48.7,0.2,18.4,34.2,34.2,,,38.1,37.7,28.1,51.4,77.3,97.0,72.7,62.2
HR06,HR061,47.5,22.7,78.0,97.7,28.4,,96.2,46.9,41.2,53.4,,29.0,81.0,83.8,78.2,,83.5,75.7,,91.2
HR06,HR062,55.7,67.0,42.8,42.8,10.4,,,89.6,14.2,12.5,16.0,,36.4,32.1,40.7,,6.0,6.0,,
HR06,HR063,23.8,,54.7,2.4,57.1,47.8,33.5,,30.6,,53.9,7.2,50.2,,51.7,51.3,53.2,91.2,,15.2
HR06,HR064,23.8,2.2,,45.4,74.0,90.8,53.8,14.9,53.9,69.7,26.0,65.9,18.1,38.0,12.7,96.4,23.9,10.3,20.2,41.3
HR06,HR065,57.1,88.2,21.0,4.1,16.2,,87.1,80.4,57.9,,29.3,86.6,56.1,87.2,80.5,99.3,69.6,34.5,91.0,83.4
HU11,HU110,32.0,31.4,61.4,26.0,51.7,29.4,16.5,57.8,48.4,83.0,,13.8,40.1,,13.0,32.7,19.4,33.4,,5.4
HU12,HU120,43.5,12.6,41.8,59.7,27.1,32.0,,77.8,41.7,87.7,7.3,30.1,51.7,65.7,18.6,29.3,73.8,55.0,93.5,73.0
HU21,HU211,24.6,,97.2,46.4,54.1,37.4,29.1,45.9,47.5,65.0,9.4,68.1,77.0,98.5,,44.5,42.9,15.6,,70.3
HU21,HU212,44.3,71.8,40.0,1.2,27.2,,67.1,78.4,42.6,42.6,,,15.6,,15.2,84.1,53.7,72.0,50.3,38.8
HU21,HU213,72.8,96.5,20.5,42.3,70.5,57.6,,16.6,65.4,54.0,72.4,69.7,40.5,85.2,25.3,89.1,75.8,59.9,,91.7
HU22,HU221,43.0,71.5,,14.6,77.5,76.4,,21.5,89.0,,89.0,,30.2,,39.2,78.7,32.3,69.1,6.0,21.7
HU22,HU222,39.1,51.0,72.8,,39.8,6.8,27.2,,59.1,89.4,68.7,19.1,33.3,10.3,21.7,32.0,24.2,19.7,1.2,51.6
HU22,HU223,36.6,28.2,,45.1,42.1,9.1,3.7,79.0,43.4,40.5,69.4,20.4,52.4,43.6,,38.9,47.6,51.7,8.5,82.7
HU23,HU231,33.2,35.6,52.1,16.0,47.4,,71.9,33.3,37.3,20.7,,53.9,40.2,42.2,15.0,36.5,43.3,24.7,77.0,28.2
HU23,HU232,68.0,65.9,,70.0,36.0,4.3,53.9,42.5,47.5,60.5,81.5,0.6,58.1,34.1,,17.9,38.2,43.0,64.7,7.0
HU23,HU233,80.7,73.9,,87.5,24.8,30.0,,80.4,39.9,19.0,53.5,47.2,58.1,84.2,76.6,86.5,79.0,95.0,46.9,95.0
HU31,HU311,49.9,,50.1,,57.5,,65.2,19.8,7.2,6.1,8.3,,47.3,71.6,19.3,48.9,77.2,96.4,65.9,69.2
HU31,HU312,51.3,47.0,83.4,90.3,49.8,67.8,47.5,71.0,61.1,77.2,45.5,60.7,51.9,37.8,19.5,1.6,32.5,36.7,,28.2
HU31,HU313,54.9,,68.2,78.0,68.9,95.7,,57.9,12.8,24.4,1.3,,26.4,47.8,5.0,,48.5,64.1,,32.9
HU32,HU321,50.3,9.6,,91.0,23.5,3.1,,56.1,81.4,66.9,91.0,86.4,45.1,20.3,50.8,35.8,53.6,60.0,,47.2
HU32,HU322,63.1,,24.2,50.5,60.0,63.4,67.9,15.6,29.4,9.2,49.5,,55.6,42.3,,31.0,55.5,26.4,90.2,49.8
HU32,HU323,68.9,,,68.9,80.4,65.8,,5.0,54.2,74.6,32.0,55.9,40.4,20.8,,40.1,71.3,73.0,69.6,
HU33,HU331,56.7,89.9,91.0,71.3,57.2,20.1,,5.7,58.9,,,58.9,11.4,,11.4,,62.7,85.4,4.5,98.2
HU33,HU332,65.5,69.9,33.5,60.0,22.8,,62.2,92.3,37.2,63.3,8.9,39.4,72.7,64.3,81.1,,75.2,,52.0,98.4
HU33,HU333,35.5,30.3,69.7,45.8,28.2,,71.8,,77.3,99.8,,54.8,57.1,78.0,86.2,93.0,58.2,61.9,14.0,98.7
IE04,IE041,54.7,14.0,23.3,73.3,38.1,2.9,40.6,47.9,69.0,50.9,87.0,,73.7,81.0,92.7,52.6,61.9,35.8,,87.9
IE04,IE042,49.5,16.1,17.2,,37.2,43.5,69.1,,36.6,19.5,8.6,81.7,46.3,,64.1,71.4,38.4,0.1,58.4,56.6
IE05,IE051,26.5,,62.2,15.2,70.6,60.3,29.6,18.8,73.2,96.0,31.7,91.8,33.7,29.1,10.9,38.8,76.8,58.3,95.3,
IE05,IE052,75.6,86.3,35.1,,27.7,8.0,,52.6,36.1,,36.1,,44.4,18.4,70.4,,32.0,56.1,35.0,5.0
IE05,IE053,1.7,1.7,,,89.3,,15.0,6.4,70.4,83.6,,57.2,52.8,40.2,34.5,16.2,30.4,40.8,11.9,38.4
IE06,IE061,18.8,1.4,63.9,,55.8,,17.3,71.1,52.2,,57.4,47.0,48.3,63.5,69.7,88.4,69.1,80.7,30.5,96.1
IE06,IE062,45.6,40.8,49.6,,53.4,90.3,36.2,94.0,38.0,33.0,,42.9,56.4,53.6,35.4,19.9,50.4,26.8,,74.1
IE06,IE063,51.8,94.0,54.7,16.0,59.7,49.5,39.2,31.3,66.8,,81.1,52.5,41.8,,60.9,77.3,41.4,77.1,21.8,25.2
IS00,IS001,63.8,97.5,59.7,53.6,72.2,76.3,31.9,,24.8,3.2,,46.3,17.7,0.8,28.0,75.8,50.1,56.7,44.7,49.0
IS00,IS002,80.3,,31.5,92.2,97.0,96.9,,2.9,22.2,33.5,11.0,,49.1,,0.5,2.3,59.9,,31.2,88.5
ITC1,ITC11,70.3,,26.5,67.2,39.3,22.4,85.8,18.8,72.5,72.5,,,75.3,57.6,86.9,18.5,42.9,26.4,84.0,18.3
ITC1,ITC12,16.7,11.1,,22.3,34.8,,35.0,95.5,72.7,75.7,79.8,62.6,20.1,32.4,,92.3,20.3,35.7,22.0,3.1
ITC1,ITC13,27.6,13.6,,41.6,73.8,,38.5,14.0,59.8,,47.6,71.9,50.2,74.7,25.7,,26.8,2.9,11.9,65.5
ITC1,ITC14,34.6,1.4,5.9,8.4,55.6,24.0,23.5,33.6,48.6,,94.1,3.2,28.2,61.6,14.3,91.4,72.5,41.9,80.4,95.2
ITC1,ITC15,73.6,78.2,53.1,95.7,54.3,34.4,65.8,5.7,44.2,81.6,36.6,14.5,31.8,,10.7,47.1,52.4,44.2,60.6,
ITC1,ITC16,27.6,29.3,,25.9,33.0,52.1,64.7,88.3,91.5,91.5,,,32.0,15.7,48.4,,50.2,32.1,68.3,
ITC1,ITC17,71.4,46.8,,96.0,87.4,91.0,16.2,,68.5,68.5,,,38.0,22.9,15.7,24.6,35.7,7.6,21.8,77.8
ITC1,ITC18,,,,,55.2,45.1,,34.6,49.6,61.9,37.3,,65.6,31.8,,0.6,41.1,37.7,24.4,61.3
ITC2,ITC20,70.0,74.5,34.6,,44.2,50.3,39.7,77.9,50.0,60.5,20.6,69.0,57.6,29.8,,14.6,54.2,54.2,,
ITC3,ITC31,54.9,54.9,,,76.2,,10.0,37.5,14.9,,14.9,,39.2,54.7,23.6,,53.4,19.7,88.1,52.3
ITC3,ITC32,45.4,63.7,84.1,56.5,40.9,8.6,47.9,38.0,54.0,,59.3,48.6,4.6,4.6,,,71.4,71.7,96.7,45.7
ITC3,ITC33,38.2,26.9,79.4,67.1,39.6,32.1,,52.9,75.3,,,75.3,48.4,79.9,26.0,60.6,46.9,,33.8,60.0
ITC3,ITC34,39.0,49.9,44.6,11.6,59.2,50.1,14.1,58.5,46.8,13.4,82.9,44.1,11.6,2.5,20.7,,43.5,85.2,28.6,16.6
ITC4,ITC41,18.1,,92.8,28.9,39.5,6.9,39.1,49.4,44.9,21.8,68.0,,52.6,77.9,17.4,37.5,47.5,22.7,99.0,20.7
ITC4,ITC42,28.8,26.2,,31.3,48.2,56.5,90.2,21.6,43.1,77.9,2.8,48.6,36.7,64.1,22.7,76.6,63.6,18.1,77.9,94.8
ITC4,ITC43,51.7,,48.3,,58.6,22.3,,5.0,29.9,68.6,8.2,12.8,51.9,,51.9,,49.6,44.6,98.9,5.3
ITC4,ITC44,48.3,33.5,61.3,72.7,64.1,83.3,28.5,62.4,10.6,,,10.6,43.3,,85.4,98.8,63.6,73.8,53.5,
ITC4,ITC46,72.0,96.8,49.3,68.5,75.5,70.7,24.3,20.0,66.7,,98.1,35.2,41.3,74.5,10.3,60.9,40.5,91.4,8.9,21.1
ITC4,ITC47,41.2,71.1,88.7,,67.0,94.8,11.4,82.3,26.2,42.6,18.9,17.2,61.2,80.2,42.2,,21.4,7.7,52.7,3.7
ITC4,ITC48,47.2,31.0,5.6,16.3,42.3,29.6,33.3,69.5,72.6,82.0,59.8,75.9,33.7,,27.8,60.4,44.1,,77.7,10.6
ITC4,ITC49,40.4,7.0,74.0,88.1,38.2,,98.1,25.4,62.0,42.1,,81.9,45.0,70.7,3.7,39.5,54.7,26.1,82.5,55.5
ITC4,ITC4A,10.9,9.4,77.6,0.9,28.4,47.0,66.1,95.8,78.9,,69.6,88.2,69.0,46.5,91.5,,65.0,61.1,70.3,63.6
ITC4,ITC4B,30.4,32.9,92.6,50.8,5.1,,96.3,93.4,35.2,47.8,,22.6,22.4,1.1,30.6,64.6,91.2,94.5,,88.0
ITC4,ITC4C,33.4,23.0,41.2,18.5,52.3,31.3,9.4,64.9,50.4,26.8,97.2,27.1,42.9,66.8,,80.9,44.7,0.7,43.9,89.4
ITC4,ITC4D,73.2,,51.5,98.0,34.9,27.4,57.6,,45.5,19.2,70.7,46.7,42.0,83.1,,99.0,50.8,62.4,82.5,7.6
ITF1,ITF11,78.0,78.0,,,31.4,61.7,,99.0,31.2,,24.2,38.2,55.5,93.7,17.3,,40.0,23.2,56.9,
ITF1,ITF12,21.8,,78.2,,59.1,83.6,78.3,28.0,16.4,14.9,,17.8,29.8,27.0,,67.5,45.9,23.0,20.9,93.9
ITF1,ITF13,56.3,38.1,25.4,,69.0,80.8,17.6,56.2,32.0,62.0,,2.1,31.5,34.0,57.8,97.4,68.3,63.4,80.7,60.9
ITF1,ITF14,49.4,92.1,86.6,42.7,81.7,87.4,32.7,9.6,60.4,40.5,,80.3,55.6,0.5,79.8,13.6,68.4,45.5,98.6,61.1
ITF2,ITF21,51.9,37.7,43.0,61.1,30.5,1.6,45.8,64.2,51.3,86.7,5.1,62.1,16.7,8.1,21.5,79.6,54.2,93.2,33.7,35.8
ITF2,ITF22,55.7,32.6,7.7,42.2,70.7,,,29.3,46.5,72.3,,20.7,67.6,61.1,43.5,1.9,87.2,92.6,90.9,78.2
ITF3,ITF31,50.8,70.7,22.9,4.6,83.3,74.9,17.8,7.2,49.2,53.7,,44.6,3.3,3.3,,,71.9,85.9,87.1,42.8
ITF3,ITF32,48.0,,83.1,79.0,45.2,76.1,64.7,75.9,44.1,55.9,,32.3,2.0,1.9,2.2,,52.0,43.9,60.1,
ITF3,ITF33,78.5,64.9,,92.1,30.5,14.7,70.8,52.4,18.8,4.9,32.8,,47.4,74.7,30.4,62.9,49.6,50.9,74.7,23.3
ITI1,ITI16,55.7,67.4,,44.0,45.2,47.7,90.2,22.0,37.1,,28.0,46.2,54.0,67.5,38.8,44.4,51.8,4.1,90.9,60.5
ITI1,ITI17,25.5,26.5,77.3,27.3,38.3,23.9,50.2,58.7,24.2,44.6,25.4,2.7,54.5,24.0,42.0,2.5,25.1,2.3,42.1,30.8
ITI1,ITI18,33.5,20.0,,47.1,49.4,77.7,,78.9,38.6,4.7,73.8,37.3,51.8,50.6,29.1,24.4,72.6,80.0,42.3,95.4
ITI1,ITI19,92.5,86.5,,98.4,88.1,91.5,1.3,26.0,73.7,,73.7,,71.6,81.5,75.3,42.1,66.7,,59.8,73.6
ITI1,ITI1A,99.4,99.4,,,55.1,50.2,44.8,40.2,28.1,,47.0,9.3,61.8,64.8,66.9,46.2,68.9,40.0,78.2,88.5
ITI2,ITI21,62.0,1.6,13.3,97.8,41.6,1.7,6.8,70.1,25.0,0.4,,49.6,69.0,85.5,83.8,62.3,91.5,91.5,,
ITI2,ITI22,38.8,,53.2,30.8,63.8,86.8,59.1,,43.5,74.1,26.1,30.2,71.8,,,28.2,87.4,,87.4,
ITI3,ITI31,54.6,78.3,22.6,8.2,47.0,68.2,40.6,86.7,44.9,30.2,96.9,7.6,14.6,0.9,37.4,94.5,53.4,31.8,34.9,93.6
ITI3,ITI32,36.5,36.5,,,26.0,32.8,80.7,,54.9,30.4,79.4,,58.6,,97.9,80.8,86.5,97.3,,75.8
ITI3,ITI33,5.8,,94.2,,55.8,53.2,9.2,76.5,48.1,99.3,6.5,38.5,59.1,70.4,17.3,10.3,68.6,37.0,84.1,84.7
ITI3,ITI34,73.6,73.6,,,47.2,47.2,,,21.0,,8.8,33.2,75.8,36.2,95.2,3.9,4.9,,1.0,8.8
ITI3,ITI35,54.0,89.4,88.8,61.4,64.3,76.8,40.7,43.2,45.0,30.5,30.4,74.2,14.2,,14.1,85.8,21.1,34.1,,8.2
ITI4,ITI41,42.0,73.4,,10.5,34.6,38.2,69.0,,68.3,,84.0,52.6,36.5,,13.4,40.4,92.5,,92.5,
ITI4,ITI42,40.7,,35.6,17.0,72.8,83.6,38.1,,72.6,63.1,80.0,74.6,25.3,,13.9,63.3,61.7,63.4,76.0,45.6
ITI4,ITI43,40.9,15.8,,66.1,38.7,26.7,49.3,,33.2,55.7,14.5,29.5,26.6,,4.5,51.2,43.5,64.3,14.7,51.6
ITI4,ITI44,71.2,,28.8,,70.4,83.2,41.9,30.0,49.5,45.1,69.3,34.1,35.8,2.3,63.5,58.4,29.8,39.2,20.4,
ITI4,ITI45,46.0,62.7,80.5,55.9,45.0,92.7,88.0,69.7,54.9,61.3,7.4,95.9,48.5,12.8,84.3,,19.4,,,19.4
NO06,NO060,59.3,92.2,58.9,44.7,77.0,75.4,21.4,,80.5,76.0,85.7,79.8,79.1,73.0,95.1,30.8,84.0,75.3,80.9,95.7
NO07,NO071,60.3,44.0,58.9,95.7,24.3,21.5,,72.9,37.5,,49.3,25.6,40.4,51.7,52.9,83.5,52.9,68.9,,36.8
LI00,LI000,39.5,66.2,87.3,,47.9,71.7,76.0,,34.2,24.5,43.7,34.3,36.0,29.8,42.2,63.9,47.2,61.1,32.4,48.0
LT01,LT011,26.2,28.1,57.5,7.9,36.4,20.1,32.2,78.7,62.2,62.9,70.0,53.7,12.3,27.6,6.4,97.1,47.9,88.7,42.9,12.0
LT02,LT021,28.3,11.8,49.3,22.4,38.4,35.6,76.8,43.6,64.4,61.1,59.9,72.3,40.6,5.0,35.1,18.4,39.6,39.6,,
LT02,LT022,34.4,32.7,63.9,,42.7,12.6,54.1,30.5,41.3,16.7,55.3,52.0,65.5,65.5,,,50.6,50.6,,
LT02,LT023,90.3,91.0,7.2,87.0,32.3,24.2,52.7,74.7,13.9,,26.1,1.6,30.4,15.4,61.5,85.6,52.5,82.5,70.1,4.8
LT02,LT024,30.9,20.6,85.3,57.3,47.0,,71.1,34.9,49.1,62.7,80.3,4.3,66.6,87.9,97.0,85.0,65.7,65.6,86.1,45.4
LT02,LT025,54.9,54.9,,,29.0,,94.2,47.8,52.2,28.9,44.6,83.2,63.4,83.0,,56.3,20.8,10.0,45.6,6.9
LT02,LT026,35.3,68.8,79.3,16.5,24.0,10.0,62.0,,62.7,76.0,64.4,47.6,42.4,43.4,31.9,48.1,53.0,30.3,64.9,63.9
LT02,LT027,61.6,98.4,47.1,33.6,52.4,56.4,72.6,26.6,71.4,89.8,94.7,29.8,30.0,,59.4,99.4,53.7,11.0,64.3,85.9
LT02,LT028,53.7,61.5,66.3,65.9,50.8,48.4,,46.8,52.5,40.1,,64.8,30.6,48.8,,87.6,30.1,21.4,15.2,53.6
LT02,LT029,55.0,35.0,,75.0,62.6,83.7,59.8,36.2,44.7,65.4,15.5,53.1,62.8,62.8,,,68.7,,73.6,63.8
LU00,LU000,68.2,30.1,25.2,99.7,41.6,71.6,97.9,48.9,60.9,82.1,29.1,71.4,61.3,99.5,21.7,37.3,11.0,3.7,19.1,10.1
LV00,LV005,18.1,,67.8,3.9,13.5,,94.0,79.1,36.7,3.3,70.1,,57.9,31.4,,15.6,46.4,36.5,23.6,79.1
LV00,LV009,54.6,44.5,35.3,,60.0,100.0,67.4,52.7,29.7,48.9,13.3,27.0,52.4,,80.1,75.3,49.2,7.4,,91.1
LV00,LV00A,57.6,49.2,61.4,85.1,27.3,31.4,72.7,76.9,95.7,95.1,96.3,,65.4,97.3,66.4,67.4,45.3,36.4,84.3,15.3
LV00,LV00B,61.3,51.4,34.3,66.9,32.8,72.9,94.6,80.0,85.2,,76.4,93.9,43.8,,67.2,79.7,40.9,,65.8,15.9
LV00,LV00C,64.6,92.3,79.0,80.6,20.2,,61.9,97.7,48.4,45.2,62.9,37.2,51.5,37.5,28.0,10.9,71.8,,53.2,90.5
ME00,ME000,57.1,21.4,18.8,68.7,53.7,,82.6,10.0,32.5,44.5,42.9,10.0,40.8,27.9,8.0,13.5,24.4,,,24.4
MK00,MK001,26.7,26.7,,,61.1,,,38.9,58.5,,87.8,29.1,51.8,4.6,99.1,48.3,75.8,,77.5,74.0
MK00,MK002,39.7,48.3,68.9,,69.0,95.8,4.2,84.6,25.7,4.9,50.1,22.2,58.6,82.7,,65.4,21.3,25.7,29.9,8.3
MK00,MK003,49.9,,68.5,68.2,54.1,91.2,56.9,71.9,59.1,64.5,13.1,99.8,36.0,59.6,12.3,,55.2,55.9,,54.5
MK00,MK004,29.1,46.5,,11.8,49.0,24.7,63.8,13.9,47.8,95.3,0.3,,63.9,73.5,55.0,36.7,57.0,1.0,92.8,77.3
MK00,MK005,51.8,23.1,29.8,62.2,61.2,,44.9,32.6,56.8,,91.8,21.8,34.5,34.5,,,8.8,,,8.8
MK00,MK006,37.9,24.5,,51.3,62.9,70.7,1.2,80.8,54.9,45.4,49.3,69.9,30.4,,50.0,89.3,41.5,13.0,69.9,
MK00,MK007,54.7,,54.1,63.5,39.3,32.1,38.5,75.6,58.7,83.3,86.6,6.1,41.6,22.4,95.4,93.1,64.5,45.5,84.2,63.9
MK00,MK008,49.3,23.6,17.7,42.0,33.0,72.5,75.5,98.0,39.2,34.0,30.2,53.3,53.5,,87.3,80.2,59.1,54.1,38.7,84.5
MT00,MT001,84.9,,,84.9,35.2,36.0,89.0,41.4,99.3,,,99.3,39.3,30.7,29.0,41.8,41.4,51.2,15.2,57.7
MT00,MT002,41.3,33.8,68.0,58.0,43.8,25.8,52.8,41.7,64.3,37.9,59.7,95.4,33.1,40.8,13.2,54.8,45.0,,44.3,45.6
NL11,NL112,69.6,46.8,20.5,82.5,53.2,,46.8,,71.5,75.9,67.0,,48.8,75.9,12.3,41.9,53.0,,40.7,65.3
NL11,NL114,77.2,,23.2,77.6,7.1,,,92.9,67.6,37.9,81.4,83.5,24.0,37.8,25.9,91.7,44.1,34.4,,53.8
NL11,NL115,64.4,77.9,9.0,24.2,21.9,4.9,86.1,53.1,40.8,33.6,78.0,10.7,57.6,63.2,52.0,,31.1,,31.1,
NL12,NL126,62.8,32.4,41.0,97.1,46.3,80.1,86.0,55.1,56.3,44.7,67.9,,93.8,95.1,,7.5,90.3,90.2,,90.4
NL12,NL127,55.8,96.4,95.1,66.2,49.0,47.2,48.4,51.9,80.2,79.8,,80.6,66.2,79.7,,47.4,52.6,39.2,42.7,76.0
NL12,NL128,74.4,50.7,1.9,,76.9,,31.2,15.0,36.8,,73.1,0.4,71.8,48.9,94.7,,28.3,49.8,,6.8
NL13,NL131,37.8,26.9,87.4,74.0,46.6,35.6,68.1,27.6,35.1,23.0,5.5,76.7,36.6,54.3,18.9,,54.2,50.8,90.2,21.6
NL13,NL132,39.5,64.4,79.6,33.6,44.3,15.4,,26.8,35.3,34.2,62.1,9.6,39.1,,,60.9,41.6,48.3,,35.0
NL13,NL133,41.5,4.6,15.5,35.3,62.8,70.5,45.0,,49.4,64.7,,34.0,35.6,,34.4,63.2,26.7,32.3,,21.1
NL21,NL211,64.0,44.4,16.5,,34.5,33.4,30.3,99.5,77.0,91.5,81.1,58.3,48.3,,,51.7,82.2,69.3,,95.2
NL21,NL212,70.4,91.5,23.6,43.4,61.1,48.0,25.8,,48.4,63.0,30.4,51.9,51.9,,37.6,33.8,75.1,71.1,89.4,64.8
NL21,NL213,59.3,61.3,76.3,92.8,38.8,64.1,,86.4,59.7,62.6,56.8,,67.8,,48.3,12.7,50.0,40.6,96.9,12.6
NL22,NL221,37.7,15.4,,60.0,22.6,,71.8,83.0,66.8,91.2,14.8,94.4,45.5,,82.0,91.1,80.4,96.0,57.2,87.9
NL22,NL224,37.2,52.2,,22.3,72.5,61.1,27.3,16.4,64.1,63.7,96.3,32.3,70.7,41.5,78.8,8.2,86.3,86.3,,
NL22,NL225,61.7,91.3,46.5,40.3,64.1,,14.3,57.5,78.1,63.6,84.2,86.5,36.1,30.1,48.9,70.6,41.8,65.9,,17.6
NL22,NL226,43.9,40.1,14.4,6.1,68.7,95.0,26.8,62.2,55.7,23.1,58.7,85.4,76.3,67.2,79.1,17.5,57.3,69.4,19.8,82.6
NL23,NL230,62.9,,2.0,27.7,80.8,89.8,5.0,42.3,47.6,,,47.6,55.6,63.4,19.1,15.7,21.0,34.7,7.3,
NL32,NL321,13.2,13.2,,,34.3,36.6,53.4,80.4,15.9,26.7,5.2,,89.8,81.8,94.6,7.1,50.6,15.6,85.6,
NL32,NL323,65.9,80.1,,51.7,40.3,84.4,73.3,90.3,66.2,74.3,31.0,93.2,28.9,61.6,11.0,85.8,46.4,49.6,,43.2
NL32,NL325,69.1,95.9,13.1,24.6,54.2,43.1,13.4,67.1,50.1,65.7,71.6,13.1,3.7,0.1,7.3,,68.6,,56.2,80.9
NL32,NL327,41.0,42.0,87.7,68.6,44.1,42.2,50.5,59.3,75.4,,,75.4,64.6,85.0,60.0,51.3,34.4,9.8,3.8,89.6
NL32,NL328,45.7,38.6,52.3,50.8,69.1,73.4,,35.3,53.5,59.6,62.8,38.2,46.5,75.9,16.0,52.4,71.5,,71.5,
NL32,NL32A,69.5,,55.4,94.4,36.7,15.4,,42.0,37.8,,72.7,2.9,24.4,5.0,44.3,76.0,63.8,98.9,64.2,28.4
NL32,NL32B,57.2,41.2,26.0,56.4,36.4,37.9,41.8,86.8,42.2,49.1,,35.4,79.4,,79.6,20.7,92.6,92.6,,
NL34,NL341,47.6,43.9,14.7,13.5,47.7,96.1,75.8,77.1,58.0,48.2,67.7,,35.9,55.7,,84.0,48.0,,48.0,
NL34,NL342,60.8,14.4,13.8,81.8,21.7,2.4,,59.0,65.3,,72.0,58.6,36.3,20.9,40.1,52.0,25.6,31.0,,20.2
NL35,NL350,25.5,28.2,77.2,,84.3,,,15.7,56.9,93.7,49.2,27.8,52.3,56.8,41.3,41.3,35.4,51.2,19.5,
NL36,NL361,37.8,37.8,,,63.2,63.2,,,38.7,13.0,28.7,74.4,51.6,84.8,18.4,,74.3,56.4,,92.3
NL36,NL362,14.2,16.6,88.3,,92.1,,4.3,11.5,62.9,,48.8,77.1,49.8,61.4,38.2,,32.3,,,32.3
NL36,NL363,75.5,81.2,30.3,,74.5,,26.0,25.1,36.6,39.3,24.4,46.2,32.2,4.2,83.8,91.3,63.1,,,63.1
NL36,NL364,63.0,92.0,60.4,57.4,6.9,,,93.1,81.1,87.3,74.4,81.5,60.2,61.6,84.7,65.8,69.1,88.8,40.9,77.7
NL36,NL365,94.6,96.9,7.8,,33.0,51.6,,85.5,32.7,31.2,34.2,,53.3,15.7,44.5,0.2,27.7,3.9,0.1,79.2
NL36,NL366,68.9,90.3,29.6,45.9,33.4,2.2,,35.4,60.9,27.2,94.6,,83.3,97.7,79.1,26.8,56.8,85.8,26.6,58.1
NL41,NL411,38.6,52.5,,24.7,48.1,,74.8,28.9,96.3,,96.3,,28.3,1.7,,45.1,35.3,6.5,4.5,94.8
NL41,NL414,68.5,68.5,,,50.0,40.6,40.7,,34.2,39.6,28.9,,72.4,95.1,59.9,37.9,30.8,58.4,27.2,6.9
NL41,NL415,59.5,,40.5,,66.9,92.1,46.9,44.5,51.8,76.5,48.0,31.0,99.0,,99.0,,43.7,11.1,44.2,75.9
NL41,NL416,74.6,99.3,2.4,26.8,72.1,94.5,33.4,44.8,31.4,23.3,30.3,40.7,36.4,34.2,22.9,48.0,68.5,81.9,36.0,87.6
NL42,NL421,36.2,31.1,58.6,,79.7,98.0,38.6,,31.0,47.8,23.5,21.6,57.4,30.3,91.3,49.5,74.5,92.9,,56.0
NL42,NL422,39.3,52.6,97.0,62.2,60.3,65.9,45.3,,46.3,99.1,27.3,12.4,83.0,91.7,93.7,36.5,35.0,10.1,82.5,12.5
NL42,NL423,12.1,12.1,,,46.3,58.7,93.4,26.3,33.5,20.9,69.4,10.2,66.9,97.7,36.1,,70.0,59.9,66.1,84.0
NO02,NO020,59.4,,39.5,58.3,67.0,,60.4,5.5,38.9,,38.9,,18.1,,,81.9,41.2,75.0,,7.4
ITH3,ITH34,53.0,,19.3,25.2,74.2,62.3,13.9,,25.1,4.7,51.2,19.3,61.9,66.6,57.3,,74.9,95.0,82.0,47.8
ITH3,ITH35,59.4,,7.4,26.2,21.4,,94.4,62.8,39.8,41.3,36.3,41.9,28.9,12.6,,54.7,16.7,2.1,8.2,39.8
ITH3,ITH36,72.8,48.1,,97.5,45.7,2.9,,11.6,46.9,60.8,18.9,60.9,43.5,,43.5,,17.4,22.5,6.8,22.8
ITH3,ITH37,54.9,,78.8,88.6,56.6,40.2,10.2,60.3,33.1,26.0,56.8,16.5,23.8,,,76.2,79.7,68.4,96.1,74.7
ITH4,ITH41,69.3,70.3,50.7,88.4,77.7,,22.3,,33.7,60.5,32.0,8.5,53.0,70.2,66.0,77.1,58.9,69.9,,47.9
ITH4,ITH42,53.7,17.2,9.8,,51.5,26.6,23.5,,64.0,88.6,39.5,,64.5,,29.7,0.7,56.1,34.5,56.8,77.0
ITH4,ITH43,91.7,97.0,19.6,97.7,53.5,31.6,56.4,14.6,26.9,26.9,,,63.9,98.8,45.6,52.8,69.5,,95.8,43.1
ITH4,ITH44,30.2,,55.6,16.0,80.1,79.6,36.1,3.2,50.1,69.9,16.6,63.7,89.6,,96.2,17.1,44.3,,68.3,20.3
ITH5,ITH51,52.3,,71.6,76.2,67.1,34.9,,0.7,60.4,84.5,13.8,83.0,36.5,,16.0,43.0,37.1,62.9,15.7,32.7
ITH5,ITH52,78.5,68.4,,88.5,46.2,,,53.8,10.5,12.9,17.3,1.3,97.9,99.6,,3.8,60.0,52.9,,67.0
ITH5,ITH53,82.9,87.7,19.7,80.7,93.6,98.1,14.2,3.0,66.4,87.1,22.1,90.0,62.1,38.6,72.7,24.9,29.9,25.4,25.3,39.0
ITH5,ITH54,50.8,26.4,3.1,29.0,72.8,55.2,,9.5,48.6,14.3,83.0,,,,,,56.2,31.8,,80.6
ITH5,ITH55,45.6,97.8,73.1,12.2,62.6,70.8,69.8,13.3,55.0,55.3,,54.8,38.1,64.8,23.5,74.0,92.3,85.1,99.5,
ITH5,ITH56,82.1,87.0,,77.2,45.2,,77.6,31.9,57.2,83.5,70.4,17.7,46.8,,,53.2,52.9,,25.5,80.2
ITH5,ITH57,63.5,79.8,,47.1,22.7,43.2,85.0,90.1,27.4,,22.0,32.8,44.5,29.5,59.6,,61.2,79.3,44.3,60.0
ITH5,ITH58,36.7,8.8,78.5,79.7,60.0,70.9,46.8,44.2,46.8,76.7,8.8,54.9,79.3,84.9,57.0,3.9,92.1,87.8,96.4,
ITH5,ITH59,20.5,20.1,59.5,0.8,26.2,27.2,74.8,,62.7,57.8,61.7,68.7,43.0,28.1,74.0,73.1,58.9,75.5,88.4,12.7
ITI1,ITI11,36.1,,32.8,4.9,43.0,84.9,67.7,88.2,76.3,88.3,,64.3,68.7,86.1,51.3,,35.9,25.8,57.5,24.3
ITI1,ITI12,89.7,89.7,,,22.1,58.7,98.0,94.3,47.3,29.7,46.3,65.9,42.9,31.0,,45.2,63.0,82.8,13.5,92.6
ITI1,ITI13,17.0,23.2,83.0,10.9,58.9,93.7,24.9,92.0,60.2,61.1,62.7,56.8,63.8,,70.4,42.9,28.9,31.4,22.3,33.0
ITI1,ITI14,55.3,79.7,,30.9,76.4,99.1,48.9,21.1,55.9,65.2,,46.6,36.6,9.4,63.7,,43.0,64.2,,21.8
ITI1,ITI15,23.6,14.9,,32.2,62.5,,40.9,34.0,60.9,33.3,72.8,76.5,66.2,93.0,39.3,,32.2,31.4,33.1,
PL42,PL427,55.1,15.6,5.4,,36.0,,48.7,79.2,36.2,3.3,35.7,69.5,20.3,4.2,3.7,47.0,55.1,,30.9,79.3
PL42,PL428,84.4,79.9,11.1,,55.9,24.9,9.3,47.8,50.5,78.6,32.5,40.5,26.0,16.9,,64.9,54.1,63.2,29.6,69.5
PL43,PL431,32.5,0.4,37.0,34.0,30.7,12.6,70.6,50.0,36.1,53.9,31.2,23.2,69.2,,98.6,60.1,75.8,82.3,,69.4
PL43,PL432,29.4,40.0,66.1,14.2,85.2,89.0,18.4,15.0,19.9,37.5,2.3,,47.6,3.7,91.6,,56.4,95.6,17.3,
PL51,PL514,55.1,20.9,3.3,47.6,,,,,75.2,,68.6,81.8,68.8,63.5,74.1,,37.3,78.3,11.2,22.4
PL51,PL515,55.9,16.0,4.2,,65.1,88.4,65.2,28.0,38.5,5.4,56.0,54.1,86.2,78.9,93.4,,83.1,,,83.1
PL51,PL516,22.4,2.6,,42.1,37.8,5.3,41.6,50.3,52.2,74.1,40.8,41.7,56.4,1.9,83.0,15.6,51.6,91.7,17.7,45.3
PL51,PL517,26.2,25.1,90.6,44.2,53.5,69.9,31.8,77.5,32.1,,14.2,50.0,42.7,92.1,15.5,79.6,43.4,,14.7,72.0
PL51,PL518,65.9,75.6,43.8,,66.1,,64.5,3.3,47.3,71.7,1.1,69.0,34.5,40.1,47.2,83.8,16.8,14.4,19.1,
PL52,PL523,54.9,,26.3,36.1,58.3,67.2,83.8,8.5,62.0,97.7,26.2,,93.1,93.1,,,79.8,72.4,87.2,
PL52,PL524,20.3,,64.9,5.5,42.0,5.8,42.5,37.3,37.0,37.9,64.8,8.3,26.0,,9.2,57.1,5.1,,5.1,
PL61,PL613,67.5,36.2,1.2,,45.8,28.9,68.6,23.0,17.4,17.6,,17.2,53.8,47.1,79.1,64.8,52.9,65.4,33.4,59.9
PL61,PL616,62.6,86.7,74.8,76.0,36.6,38.4,61.6,66.9,40.4,,40.4,,43.4,21.1,94.1,85.1,48.4,,18.8,78.1
PL61,PL617,51.6,23.0,42.4,74.2,41.7,68.7,53.4,90.1,38.6,0.5,34.4,80.8,65.0,59.9,,29.8,56.4,51.6,,61.2
PL61,PL618,38.6,21.1,33.7,28.3,59.0,,25.5,56.5,34.0,43.7,,24.3,59.1,,59.1,,21.5,,5.7,37.2
PL61,PL619,39.1,7.1,41.0,51.2,88.7,99.5,22.2,,71.5,82.7,50.0,81.9,79.3,69.4,69.3,0.8,57.5,88.5,,26.5
PL62,PL621,51.8,96.8,93.2,,19.7,29.7,82.3,88.4,75.5,79.2,71.8,,51.4,,28.2,25.5,14.2,28.0,0.5,
PL62,PL622,68.8,45.6,,91.9,81.6,98.7,8.1,45.8,44.0,53.5,34.4,,40.2,18.1,94.3,91.9,54.4,61.9,54.2,47.1
PL62,PL623,31.5,32.9,45.2,6.9,18.0,11.6,99.5,58.1,69.8,21.3,91.7,96.3,70.2,69.5,99.1,58.1,46.1,89.6,2.7,
PL63,PL633,70.1,97.7,29.5,42.2,18.4,34.9,,98.1,80.3,80.3,,,70.2,86.8,,46.5,19.9,33.5,3.0,23.2
PL63,PL634,21.6,13.1,,30.0,20.8,21.3,67.5,91.4,77.8,90.8,,64.9,35.8,45.7,41.8,80.0,35.1,,21.0,49.2
PL63,PL636,40.0,55.8,75.8,,42.3,7.8,29.9,51.1,26.1,37.7,32.6,8.0,42.3,16.5,68.1,,72.8,,91.5,54.0
PL63,PL637,19.9,4.2,83.4,39.0,75.8,60.6,17.6,15.6,48.7,53.3,88.3,4.4,56.8,,67.5,54.0,60.8,46.0,75.5,
PL63,PL638,64.0,91.8,43.3,43.6,63.4,78.8,74.9,13.6,44.4,70.2,18.6,,68.7,37.9,,0.6,46.5,48.3,83.1,8.0
PL71,PL711,60.6,40.7,22.8,63.8,47.8,87.0,95.6,48.0,64.2,42.5,,85.9,61.0,45.3,76.7,,62.2,34.0,58.4,94.2
PL71,PL712,19.8,22.1,82.5,,61.6,92.4,91.2,16.3,66.7,76.3,33.1,90.8,50.0,72.6,22.3,45.0,45.8,45.8,,
PL71,PL713,53.4,97.1,95.4,58.4,60.9,86.4,64.5,39.1,38.8,87.4,1.0,27.9,70.7,89.8,43.1,20.7,45.4,62.4,,28.3
PL71,PL714,33.1,35.2,68.9,,58.0,42.3,,26.2,56.0,84.0,27.9,,58.2,48.8,,32.3,22.5,,,22.5
PL71,PL715,57.6,57.6,,,68.0,50.5,,14.4,31.9,35.6,5.3,54.8,58.9,3.8,94.7,21.8,42.9,83.8,,2.1
NO07,NO072,26.1,45.0,,7.1,34.1,38.1,66.0,69.7,66.8,89.8,49.5,61.2,33.5,36.8,32.4,68.8,45.7,56.3,44.3,36.5
NO07,NO073,74.1,84.0,55.9,94.2,11.7,13.1,89.7,,73.9,94.2,77.4,50.1,8.5,7.4,9.6,,60.1,18.5,90.8,71.1
NO08,NO081,24.8,6.0,78.9,47.4,54.9,62.3,20.2,77.5,43.6,,18.9,68.3,72.3,72.3,,,80.8,87.8,73.7,
NO08,NO083,38.4,77.3,64.4,2.2,33.0,17.6,82.3,36.2,39.6,16.5,31.7,70.7,53.5,81.7,25.3,,12.2,23.7,,0.8
NO08,NO084,37.2,59.4,78.2,30.3,80.2,97.7,50.2,6.9,62.9,76.7,69.2,42.8,50.2,18.6,81.9,,,,,
NO08,NO085,79.6,,20.4,,39.4,9.2,30.5,,73.9,95.1,,52.8,62.7,,41.2,15.8,35.6,,67.6,3.6
NO09,NO092,68.5,,19.2,56.2,39.1,20.7,15.2,88.1,72.0,48.9,97.4,69.6,16.0,,1.1,69.1,42.8,9.2,,76.3
NO09,NO093,66.4,32.1,11.2,78.2,74.4,,24.9,26.3,35.1,2.8,25.6,77.0,60.5,82.6,34.7,35.8,49.8,45.9,82.6,20.9
NO09,NO094,31.7,83.5,96.0,7.7,39.8,85.3,76.9,88.9,83.5,97.7,95.4,57.3,65.4,77.1,,46.2,57.2,,28.1,86.3
NO0A,NO0A1,26.8,39.7,86.1,,59.4,21.8,2.9,,52.3,52.3,,,57.1,91.3,4.9,25.0,27.6,21.5,,33.8
NO0A,NO0A2,44.9,49.1,69.6,55.2,49.2,65.1,33.5,84.1,38.6,14.2,32.5,69.2,31.8,55.0,27.4,87.0,89.6,76.9,95.5,96.4
NO0A,NO0A3,47.3,51.9,,42.8,61.9,90.9,48.9,56.3,13.2,14.5,1.7,23.5,42.3,36.4,42.1,51.7,47.5,94.4,39.3,8.8
NO0B,NO0B1,35.6,,45.7,16.9,54.9,40.0,,30.2,18.2,11.1,25.3,,45.4,54.4,71.1,89.2,51.8,,11.8,91.7
NO0B,NO0B2,52.2,87.7,,16.6,43.4,2.2,34.0,37.9,42.2,25.8,50.1,50.7,74.8,84.9,84.6,45.2,74.2,80.7,,67.7
PL21,PL213,29.2,31.5,84.8,41.0,7.9,0.9,85.1,,39.7,64.4,,15.0,62.3,52.3,47.2,12.6,91.9,,96.6,87.2
PL21,PL214,49.5,79.8,36.8,5.5,87.4,83.8,2.1,19.4,74.7,,57.4,91.9,42.5,54.4,,69.3,48.0,89.2,1.9,52.8
PL21,PL217,11.5,27.2,96.1,3.4,34.2,17.3,57.0,57.6,33.4,12.4,59.4,28.5,28.3,42.8,13.8,,61.0,69.7,69.8,43.5
PL21,PL218,16.9,16.9,,,65.8,93.0,88.8,6.7,49.4,20.5,58.0,69.7,36.3,18.4,11.8,21.3,53.7,16.2,73.2,71.8
PL21,PL219,68.4,68.4,,,5.4,,94.6,,49.0,28.4,44.8,73.8,77.7,85.6,77.8,30.2,50.3,69.9,17.4,63.7
PL21,PL21A,45.3,24.5,77.4,88.7,52.0,20.2,16.9,47.2,70.0,40.5,99.4,,59.6,91.8,32.6,45.6,11.3,9.6,,13.0
PL22,PL224,69.3,98.5,86.5,96.0,81.6,52.2,7.3,0.2,21.4,12.1,11.9,40.1,71.3,71.3,,,43.4,50.5,,36.3
PL22,PL225,51.5,73.1,91.8,73.2,38.5,51.6,65.2,71.0,93.6,100.0,97.0,83.9,28.5,45.8,,88.7,24.9,34.1,,15.7
PL22,PL227,81.7,72.7,3.1,75.5,51.5,57.2,61.5,41.2,28.2,,36.1,20.3,59.5,82.9,36.1,,44.6,75.8,13.4,
PL22,PL228,65.1,82.9,,47.2,86.4,74.9,2.1,,63.6,52.0,,75.2,74.7,71.4,75.1,22.5,68.2,,79.4,57.1
PL22,PL229,62.2,51.5,27.1,,32.0,43.5,54.1,93.4,17.2,,5.9,28.6,62.0,81.2,44.2,39.5,12.5,9.0,16.0,
PL22,PL22A,57.6,27.1,35.0,80.6,86.8,,13.2,,31.2,,39.7,22.6,87.5,84.5,95.2,17.2,57.4,95.2,1.0,75.9
PL22,PL22B,64.5,46.1,25.8,73.2,47.0,8.7,14.7,,35.7,74.5,12.5,20.0,26.5,57.5,6.2,84.1,33.4,39.9,40.8,19.4
PL22,PL22C,48.5,23.1,13.0,35.5,77.1,77.3,23.1,,76.5,85.5,67.4,,24.5,20.8,,71.7,45.7,73.3,5.3,58.4
PL41,PL411,6.4,,93.6,,12.4,1.1,,76.2,57.5,63.2,81.1,28.1,63.9,76.6,,48.7,57.0,92.2,21.9,
PL41,PL414,35.7,71.1,75.3,11.4,64.2,57.1,1.7,62.8,43.0,84.4,30.2,14.4,57.7,66.6,22.2,15.7,53.3,32.3,62.9,64.8
PL41,PL415,65.5,60.3,36.3,72.6,87.5,,21.3,3.8,68.2,61.4,91.4,51.8,11.7,21.1,2.3,,61.5,37.4,67.4,79.8
PL41,PL416,77.7,68.1,12.8,,52.9,87.7,52.4,76.7,60.8,45.8,49.4,87.1,48.9,57.7,24.7,35.8,53.8,89.1,,18.5
PL41,PL417,83.1,,16.9,,50.3,75.9,67.7,57.3,37.7,22.8,61.5,28.9,62.4,56.3,74.4,43.5,36.8,36.8,,
PL41,PL418,2.4,3.1,,1.6,43.1,,46.8,67.1,70.0,74.3,,65.7,53.5,72.0,17.0,28.5,54.6,26.8,98.0,39.1
PL42,PL424,58.0,58.0,,,49.9,43.1,72.7,20.8,61.6,15.4,92.4,76.9,63.5,62.8,,35.7,86.7,93.9,,79.5
PL42,PL426,61.6,61.6,,,21.4,,91.5,65.7,85.0,95.0,,75.1,80.7,71.6,96.1,25.5,33.2,21.3,23.4,54.9
PL91,PL912,11.9,,89.2,13.1,50.2,3.0,43.7,8.8,66.8,,89.4,44.3,63.7,92.2,23.6,24.6,35.1,4.3,50.8,50.3
PL91,PL913,63.0,74.7,,51.2,45.3,59.2,28.0,95.2,32.8,,29.8,35.8,59.5,59.5,,,52.4,68.6,82.3,6.3
PL92,PL921,37.2,4.5,31.0,38.2,39.8,,80.2,40.2,64.1,46.0,58.3,88.1,10.1,18.6,,98.5,60.8,57.5,69.9,55.1
PL92,PL922,69.1,50.3,7.0,63.9,82.8,,12.3,22.2,28.2,13.1,71.5,0.1,45.0,51.6,0.0,16.7,48.0,85.5,,10.6
PL92,PL923,19.2,3.1,,35.4,95.4,96.3,,5.5,61.1,65.4,,56.8,36.6,19.0,78.4,87.7,71.6,57.6,74.0,83.3
PL92,PL924,59.6,53.2,,66.0,,,,,57.6,94.8,20.4,,57.9,95.8,71.5,93.6,24.8,49.0,10.1,15.4
PL92,PL925,24.4,20.8,,27.9,55.1,96.2,,86.0,12.7,4.1,,21.3,40.7,7.3,49.6,34.9,32.4,,54.1,10.6
PL92,PL926,57.7,89.6,90.5,74.1,27.5,65.0,99.5,83.0,26.1,42.9,9.3,,30.8,4.8,54.2,66.7,66.2,,64.5,68.0
PT11,PT111,92.6,92.6,,,74.8,87.5,49.5,13.6,40.7,15.1,,66.3,48.0,55.5,70.1,81.5,64.0,88.1,63.3,40.5
PT11,PT112,81.2,96.7,34.4,,57.8,,,42.2,35.5,40.5,10.3,55.7,87.7,,79.6,4.3,59.5,7.5,90.7,80.4
PT11,PT119,59.5,23.6,32.6,87.5,33.5,,59.1,74.0,80.2,91.2,,69.2,42.0,34.0,55.8,63.8,41.8,34.8,48.7,
PT11,PT11A,4.7,7.8,,1.6,54.1,45.4,65.1,17.9,45.1,67.4,28.8,39.1,34.5,,34.5,,46.6,85.7,13.9,40.1
PT11,PT11B,43.7,29.3,89.0,90.7,31.4,,68.6,,67.2,95.7,,38.7,59.5,54.0,76.8,52.2,77.4,94.1,59.4,78.6
PT11,PT11C,40.4,65.0,,15.7,72.3,49.1,4.5,,43.0,93.5,20.6,14.8,84.9,,,15.1,56.8,39.0,,74.5
PT11,PT11D,28.3,61.9,87.9,10.8,43.9,5.7,0.8,73.2,35.7,19.9,,51.5,69.6,41.4,96.1,28.8,71.1,,,71.1
PT11,PT11E,,,,,24.5,27.1,74.4,79.3,49.0,69.8,28.1,,44.9,92.6,22.2,80.0,52.9,,46.6,59.2
PT15,PT150,46.7,68.9,75.6,,85.3,,14.7,,78.1,94.0,90.1,50.2,76.3,96.0,56.7,,73.0,97.3,46.3,75.5
RS12,RS126,33.2,21.7,50.4,28.2,32.2,34.7,,70.2,97.1,95.0,,99.2,44.9,14.9,74.8,,42.7,32.7,,52.6
RS12,RS127,18.7,18.7,,,30.0,33.6,73.6,,32.7,15.9,44.1,38.0,27.4,4.4,,49.5,27.7,69.6,7.9,5.6
RS21,RS211,25.9,20.8,82.2,39.0,22.0,19.0,75.0,,37.3,,3.4,71.2,45.2,25.7,22.0,12.2,43.5,8.2,35.5,86.7
RS21,RS212,40.3,30.6,31.2,21.4,48.0,61.2,81.1,36.2,48.2,24.3,58.1,62.2,36.1,46.7,,74.6,54.7,30.3,60.0,73.9
RS21,RS213,47.2,35.6,41.3,,36.1,50.7,47.6,94.8,70.0,80.9,,59.1,70.2,25.5,97.8,12.8,39.8,58.3,,21.4
RS21,RS214,32.1,,,32.1,84.0,92.9,29.0,11.8,74.7,94.2,90.3,39.6,47.8,46.0,49.6,,58.7,,41.1,76.2
RS21,RS215,26.3,0.4,37.8,16.2,53.2,85.2,,78.7,51.9,12.7,92.8,50.3,73.1,53.7,79.0,13.4,49.4,79.0,19.8,
RS21,RS216,31.6,77.9,99.8,16.6,46.6,90.0,96.7,,48.3,35.2,18.2,91.4,35.2,34.0,27.7,56.2,37.1,,30.9,43.3
RS21,RS217,81.9,,18.1,,70.9,23.5,8.8,1.9,54.4,72.6,37.6,52.9,48.8,,33.8,36.1,36.4,55.2,37.2,16.7
RS21,RS218,47.7,50.0,92.1,85.3,58.8,,33.6,48.9,55.8,52.0,36.6,78.8,23.4,20.9,8.9,59.6,47.6,22.0,55.5,65.2
RS22,RS221,16.2,17.9,85.5,,8.2,1.3,85.0,,6.9,3.3,,10.6,57.5,96.7,18.3,,49.9,49.9,,
RS22,RS222,56.5,60.4,,52.5,38.5,80.0,81.9,82.6,52.4,1.9,98.1,57.1,27.9,,48.1,92.2,50.9,61.3,46.2,45.2
RS22,RS223,77.0,58.4,4.5,,32.5,,,67.5,68.4,,38.7,98.1,54.2,91.1,46.9,75.3,53.3,91.5,19.5,48.9
RS22,RS224,67.8,,,67.8,25.8,,67.6,80.8,63.7,85.0,,42.4,65.2,50.8,86.7,42.0,49.9,,52.4,47.4
RS22,RS225,64.7,50.1,47.9,92.0,50.1,82.9,91.6,41.1,49.3,49.6,,49.0,67.6,65.8,76.5,39.4,36.4,26.4,44.4,38.5
RS22,RS226,57.0,58.3,44.3,,70.0,62.8,27.5,25.3,17.7,3.6,25.3,24.1,46.1,60.1,,67.9,39.0,61.1,22.7,33.3
RS22,RS227,52.6,,81.5,86.7,47.1,,52.5,53.2,55.6,,92.5,18.7,50.3,24.8,30.3,4.3,51.0,81.1,,20.9
RS22,RS228,87.5,87.5,,,39.9,21.8,70.7,31.4,18.6,,14.1,23.0,48.0,63.2,20.2,39.5,60.6,42.7,99.8,39.4
RS22,RS229,9.0,3.7,85.7,,67.3,82.2,47.5,,78.6,78.3,75.8,81.6,,,,,16.1,4.5,11.0,32.8
SE11,SE110,57.7,97.7,88.1,63.4,36.6,19.6,83.5,26.4,38.8,32.1,37.1,47.3,75.5,85.5,,34.4,64.1,64.1,,
SE12,SE121,41.9,2.9,52.8,75.6,30.0,,,70.0,12.0,12.0,,,64.5,39.9,,11.0,44.2,,36.4,52.1
SE12,SE122,31.8,67.2,96.6,24.8,49.8,50.1,,50.5,48.9,48.9,,,26.1,40.4,11.9,,12.3,4.1,,20.5
SE12,SE123,37.0,64.5,73.1,19.6,47.3,,84.1,21.3,62.8,32.9,67.8,87.8,54.6,47.9,61.4,,39.6,55.4,24.5,39.0
SE12,SE124,38.1,24.6,42.8,32.6,42.8,82.9,99.4,55.1,74.4,90.1,58.8,,80.0,97.2,,37.2,48.4,,34.2,62.5
SE12,SE125,74.5,,15.9,64.9,58.9,60.7,62.2,21.9,83.7,82.3,,85.0,41.2,26.5,,44.0,57.5,11.7,80.5,80.4
SE21,SE211,20.8,20.8,,,73.6,62.8,9.3,32.6,,,,,14.3,14.0,,85.4,40.3,12.6,30.1,78.2
SE21,SE212,19.0,,96.8,34.7,45.6,70.9,51.6,82.5,56.0,88.5,52.5,27.1,58.2,63.8,52.6,,69.8,53.6,86.0,
PT19,PT191,38.5,13.8,85.2,86.8,33.1,,87.1,46.7,53.0,52.8,72.4,33.8,42.5,,,57.5,73.3,85.2,84.5,50.2
PT19,PT192,45.4,67.5,82.5,51.2,46.1,73.9,84.5,51.0,32.2,,40.7,23.7,41.9,44.4,59.6,78.4,56.0,80.0,36.8,51.1
PT19,PT193,54.0,50.8,66.4,77.6,63.3,76.8,49.7,37.2,31.1,37.0,11.7,44.7,45.6,73.7,24.8,61.6,33.1,,,33.1
PT19,PT194,69.6,98.3,31.1,41.6,87.3,92.2,10.6,19.7,63.8,78.8,48.9,,57.3,22.1,93.0,43.1,75.8,73.4,,78.2
PT19,PT195,50.1,98.6,68.0,19.7,63.2,,36.8,,42.0,27.6,92.9,5.6,51.1,36.5,79.0,62.2,68.5,83.1,80.1,42.4
PT19,PT196,75.2,97.0,37.3,65.8,52.3,86.1,50.9,78.2,37.6,0.8,74.4,,64.2,75.9,,47.4,32.5,33.0,32.1,
PT1A,PT1A0,74.8,57.9,22.3,88.7,44.2,61.6,87.0,42.0,86.2,95.6,98.3,64.6,21.0,,,79.0,40.1,59.7,,20.5
PT1B,PT1B0,57.1,,4.8,19.0,36.0,23.7,57.1,58.7,23.6,,,23.6,24.8,44.8,,95.2,47.3,61.5,28.3,52.0
PT1C,PT1C1,42.7,41.2,40.4,27.3,31.1,13.5,,51.3,51.8,,74.3,29.2,50.1,72.8,27.5,,64.1,55.9,76.5,59.9
PT1C,PT1C2,42.4,24.0,65.1,68.3,62.0,44.4,27.3,31.1,74.1,66.4,95.0,61.0,49.6,56.9,24.9,33.0,16.1,31.1,,1.0
PT1C,PT1C3,52.6,,79.4,84.7,47.7,80.5,95.5,41.8,27.4,51.9,12.2,18.2,24.8,,14.6,65.0,60.3,64.6,56.0,
PT1C,PT1C4,33.7,22.7,48.6,27.0,59.1,67.5,,49.2,42.0,88.3,32.7,5.1,56.3,33.0,68.6,32.6,56.7,66.3,66.6,37.2
PT1D,PT1D1,61.2,50.2,0.2,33.7,37.4,13.2,74.9,26.1,49.4,60.2,41.4,46.7,22.1,10.7,35.5,80.0,,,,
PT1D,PT1D2,52.7,51.0,45.6,,20.9,5.1,63.2,,24.8,34.8,2.2,37.4,91.5,,87.9,5.0,18.8,,18.8,
PT1D,PT1D3,27.8,,86.8,42.3,49.5,20.5,67.2,4.8,10.4,20.7,0.2,,61.1,80.0,7.7,4.3,29.3,12.7,,45.9
PT20,PT200,52.0,77.9,58.0,36.2,33.4,33.4,,,61.5,,42.9,80.2,41.0,90.4,19.4,86.7,60.0,47.9,72.0,
PT30,PT300,15.3,,,15.3,24.9,14.0,58.8,80.4,35.4,46.0,44.7,15.5,14.2,8.3,,80.0,26.4,,35.1,17.6
RO11,RO111,38.3,8.6,35.6,41.9,66.8,,33.2,,38.4,13.9,,62.9,18.6,5.7,31.4,,54.5,35.6,84.2,43.7
RO11,RO112,25.1,42.6,,7.6,90.9,,,9.1,68.2,87.0,81.0,36.5,54.7,57.4,69.6,63.0,70.1,53.0,70.1,87.1
RO11,RO113,38.5,47.3,,29.7,96.8,,,3.2,59.1,39.6,75.0,62.8,44.1,73.9,14.3,,60.5,,90.6,30.5
RO11,RO114,48.5,77.9,,19.0,38.2,36.5,98.1,23.8,62.8,70.9,30.3,87.1,90.0,,90.0,,28.7,26.4,44.9,14.7
RO11,RO115,37.0,1.1,27.0,,34.6,34.1,62.2,68.0,65.4,86.3,62.8,47.1,61.1,84.1,38.1,,46.9,44.4,,49.4
RO11,RO116,59.9,96.8,23.9,6.9,77.7,,36.3,8.4,42.2,76.9,,7.4,82.0,99.5,64.4,,52.6,81.7,4.3,71.7
RO12,RO121,47.8,92.8,82.8,33.4,39.6,84.1,66.4,99.0,9.3,0.7,18.0,,61.7,64.8,65.3,45.0,80.3,81.9,76.0,83.0
RO12,RO122,74.5,78.8,6.5,51.3,40.0,74.0,,93.9,49.3,83.8,6.8,57.2,5.8,6.7,4.9,,50.6,,66.7,34.5
RO12,RO123,68.6,66.8,46.2,85.1,37.1,8.5,46.4,50.7,42.1,10.1,42.7,73.5,55.2,30.6,,20.2,79.4,59.5,79.8,99.0
RO12,RO124,43.5,14.9,81.6,97.1,24.8,24.0,83.4,66.3,46.3,73.1,61.0,4.9,62.9,42.4,87.9,41.6,36.3,36.3,,
RO12,RO125,85.9,,26.2,98.0,31.8,60.7,98.5,66.7,59.9,65.5,53.7,60.4,75.2,75.2,,,69.7,,,69.7
RO12,RO126,46.3,42.6,14.9,11.2,41.5,,58.5,,41.1,67.8,7.6,47.8,24.3,32.1,13.3,72.4,24.5,23.2,33.1,17.2
RO21,RO211,23.9,,77.6,25.4,37.4,11.4,40.3,58.9,47.0,36.8,57.1,,28.6,,8.3,51.1,74.1,93.3,56.8,72.1
RO21,RO212,56.4,37.4,64.8,96.5,32.5,49.5,84.5,,18.8,7.4,,30.2,52.3,35.0,69.6,,21.7,35.2,14.1,15.8
RO21,RO213,72.8,51.6,18.8,85.5,42.4,35.2,88.2,19.9,93.3,,89.0,97.6,57.0,53.7,40.0,22.8,72.2,64.3,80.2,
RO21,RO214,38.2,1.6,,74.9,39.1,62.2,84.1,,55.9,0.1,80.0,87.7,69.9,61.1,64.2,15.6,42.9,62.8,44.8,21.0
RO21,RO215,63.4,50.3,10.1,49.9,62.4,30.0,5.3,,64.6,41.2,87.9,,45.9,,33.4,41.6,65.2,,96.2,34.2
RO21,RO216,59.6,38.9,17.0,57.0,62.6,,8.3,66.6,74.3,38.5,91.8,92.6,49.0,25.9,72.1,,95.5,,92.6,98.5
RO22,RO221,22.6,,77.4,,23.7,,,76.3,16.5,,,16.5,43.5,48.8,38.3,,47.6,43.6,8.6,90.7
RO22,RO222,52.0,19.2,43.5,80.4,49.6,,94.0,6.7,62.1,69.7,55.2,61.3,70.5,72.7,56.6,17.8,72.8,59.3,,86.3
RO22,RO223,26.8,10.3,57.0,27.0,,,,,67.9,,96.1,39.7,38.9,19.0,,41.2,43.0,,82.9,3.1
RO22,RO224,69.8,89.0,,50.6,47.1,30.7,50.3,39.1,38.0,29.7,,46.3,55.3,60.0,38.6,32.7,54.5,10.2,95.7,57.7
RO22,RO225,96.7,96.7,,,10.8,,89.2,,13.7,,13.7,,86.1,87.8,88.7,18.3,71.5,71.5,,
RO22,RO226,65.3,87.7,39.5,47.7,22.0,,78.0,,54.4,,83.5,25.3,73.6,42.4,81.4,3.0,64.4,61.9,65.2,66.1
RO31,RO311,34.0,53.5,91.0,39.5,22.9,5.2,87.7,48.7,17.8,,,17.8,49.4,68.8,,69.9,59.2,37.0,,81.4
RO31,RO312,42.0,71.5,91.7,46.2,23.0,34.5,,88.5,52.7,81.1,59.3,17.8,53.5,43.4,75.3,58.1,36.1,18.5,10.3,79.5
RO31,RO313,38.8,19.1,19.2,16.6,59.7,54.9,2.1,73.8,35.2,,,35.2,57.2,77.3,52.1,57.9,57.9,,,57.9
RO31,RO314,,,,,45.9,70.7,34.6,98.3,30.9,0.3,0.6,91.9,59.2,56.6,60.9,39.9,64.3,45.6,70.4,76.9
RO31,RO315,54.4,93.4,91.2,61.1,63.7,55.2,27.8,,32.3,58.3,19.6,18.9,24.2,,6.7,58.2,80.7,68.9,,92.4
RO31,RO316,58.8,,49.8,67.3,60.0,80.7,40.2,60.5,33.5,33.5,,,53.5,88.3,14.1,42.0,45.0,84.3,46.6,4.0
RO31,RO317,75.2,88.4,17.2,54.5,,,,,53.5,52.6,72.5,35.3,79.6,67.5,85.2,13.9,50.9,7.1,,94.8
RO32,RO321,47.0,75.7,81.7,,42.5,84.1,99.1,,22.8,,40.3,5.4,50.6,76.7,58.1,83.1,27.6,,53.3,1.9
RO32,RO322,50.0,29.8,71.5,91.8,83.5,,30.5,2.4,97.3,,,97.3,33.9,,47.1,79.3,38.0,,28.2,47.8
RO41,RO411,23.1,1.1,96.3,64.4,47.5,25.6,30.7,,58.2,,87.1,29.4,8.8,6.6,11.1,,45.2,33.4,57.1,
RO41,RO412,53.8,76.0,68.5,,65.6,96.0,86.1,13.0,79.1,,78.1,80.1,46.9,75.9,55.4,90.6,33.1,49.1,43.8,6.4
RO41,RO413,53.5,46.5,,60.6,57.0,,22.3,63.6,47.7,,47.7,,60.5,58.7,73.9,51.0,52.9,64.5,82.8,11.3
RO41,RO414,49.7,68.6,97.4,77.9,25.4,4.0,79.5,48.4,54.9,33.1,,76.7,52.2,32.5,72.0,,68.1,82.7,76.7,44.8
RO41,RO415,41.7,31.6,,51.7,57.8,89.6,,73.9,24.0,7.5,45.9,18.6,49.2,34.6,34.8,21.9,41.2,28.2,3.6,91.8
RO42,RO421,50.2,67.8,69.9,52.6,60.3,58.8,64.4,13.5,32.9,10.6,74.0,14.0,80.8,92.6,,31.0,6.8,6.8,,
RO42,RO422,69.6,68.8,49.2,89.3,81.6,94.3,,31.1,56.7,48.3,25.7,96.0,88.2,,82.4,5.9,33.2,54.9,11.5,
RO42,RO423,18.9,,77.9,15.7,57.5,4.7,29.4,2.9,57.4,30.8,42.3,99.2,57.1,65.7,81.1,75.5,36.3,5.7,22.8,80.3
RO42,RO424,30.8,59.5,93.3,26.1,59.1,16.1,28.3,10.5,58.5,19.2,,97.8,45.1,24.7,92.2,81.6,12.4,,16.6,8.1
RS11,RS110,36.2,5.7,24.2,27.1,44.0,15.5,80.6,2.8,58.9,96.8,21.0,,15.5,,15.5,,42.4,25.8,11.4,90.1
RS12,RS121,2.8,2.8,,,57.9,65.0,78.4,12.9,34.5,,26.5,42.4,73.4,65.4,74.8,20.0,12.2,13.6,12.0,10.9
RS12,RS122,56.3,66.8,71.5,73.5,54.7,70.2,85.1,21.0,69.8,99.7,97.1,12.7,27.4,36.9,27.0,81.7,96.7,96.7,,
RS12,RS123,45.9,,59.3,51.1,71.6,94.9,62.9,17.1,41.6,33.6,49.6,,38.7,66.6,,89.2,83.6,80.8,78.8,91.2
RS12,RS124,35.8,28.0,49.2,28.5,48.9,56.5,58.7,,80.7,80.7,,,71.3,87.4,39.0,12.6,61.8,45.7,80.2,59.4
RS12,RS125,52.2,81.6,90.3,65.3,58.3,58.3,,,41.7,2.4,,81.0,23.9,19.8,9.3,57.4,41.6,85.4,14.1,25.3
PL72,PL721,60.3,,39.7,,84.6,89.3,,20.1,45.9,77.4,37.2,23.1,47.7,69.3,24.7,50.9,52.1,94.8,46.0,15.5
PL72,PL722,49.9,42.7,49.9,57.0,45.9,33.6,60.4,35.4,85.9,84.3,87.6,,57.9,72.6,87.4,86.3,64.5,43.9,,85.0
PL81,PL811,62.2,28.0,,96.5,60.2,66.6,,46.2,62.5,27.1,,97.8,64.5,92.3,36.7,,23.1,23.1,,
PL81,PL812,,,,,44.0,13.1,16.2,65.0,70.3,33.9,79.3,97.7,53.0,44.2,42.0,27.3,41.6,21.0,21.7,82.0
PL81,PL814,76.2,45.7,13.3,96.3,85.7,77.0,8.0,12.0,27.9,,49.0,6.8,36.5,,25.1,52.2,62.8,56.9,97.1,34.3
PL81,PL815,29.6,6.8,47.6,,44.1,,,55.9,50.9,,3.0,98.8,49.5,,84.1,85.0,14.9,10.5,,19.3
PL82,PL821,71.2,94.1,51.7,,29.4,16.0,67.0,60.7,37.0,69.7,41.2,0.0,,,,,71.1,47.8,94.4,
PL82,PL822,73.9,75.3,18.0,64.3,67.0,41.4,,7.5,73.0,62.1,62.4,94.6,79.0,,79.0,,52.6,,,52.6
PL82,PL823,96.8,,0.3,93.9,13.9,1.2,73.4,,43.3,2.4,62.5,65.0,49.1,78.1,68.3,99.1,43.6,57.5,,29.7
PL82,PL824,57.5,43.8,39.1,67.7,66.1,,,33.9,40.9,12.5,13.4,96.8,43.8,55.3,32.4,,20.9,25.9,10.6,26.1
PL84,PL841,51.7,,87.0,90.4,9.6,,92.1,88.7,91.3,96.9,89.4,87.7,50.0,51.1,93.6,94.7,70.2,44.7,95.8,
PL84,PL842,48.7,81.1,64.1,29.0,61.3,,23.6,53.8,14.4,21.7,7.2,,76.2,87.9,,35.6,75.2,52.2,,98.2
PL84,PL843,36.6,43.9,,29.3,69.1,58.9,6.8,44.7,54.0,58.0,90.0,14.0,55.5,,77.7,66.8,41.4,15.9,96.4,11.8
PL91,PL911,45.1,89.1,98.9,,33.1,2.7,45.8,57.6,41.0,11.5,70.6,,32.8,38.1,,72.4,56.5,,91.7,21.3
TR41,TR411,42.8,4.6,3.1,26.9,81.5,97.6,40.6,12.5,43.4,43.4,26.7,60.2,84.1,86.6,81.6,,49.2,4.4,,93.9
TR41,TR412,39.5,,24.0,3.1,37.5,,59.1,66.0,64.7,89.2,38.8,66.0,63.8,84.8,50.4,43.7,81.6,90.7,70.8,83.2
TR41,TR413,42.6,25.5,50.2,52.4,73.6,53.9,6.7,,57.9,88.2,25.1,60.4,45.0,17.3,25.8,8.2,52.7,,21.9,83.4
TR42,TR421,58.1,84.1,12.3,2.4,61.5,82.2,97.0,0.7,88.4,94.8,78.1,92.4,38.8,36.3,26.6,46.5,34.7,39.1,41.8,23.1
TR42,TR422,73.9,,,73.9,47.2,65.3,78.7,45.0,83.8,93.2,72.0,86.1,26.1,39.4,12.6,73.7,62.6,64.1,31.1,92.7
TR42,TR423,61.5,,28.8,51.9,43.3,59.3,99.6,29.9,51.5,16.7,68.7,69.2,63.7,60.7,53.6,23.2,32.9,78.5,6.2,14.0
TR42,TR424,96.2,96.0,3.7,,25.7,25.7,,,71.2,100.0,23.9,89.7,73.7,,,26.3,51.2,,50.2,52.3
TR42,TR425,44.1,13.3,15.3,34.4,40.2,41.2,25.3,95.4,43.2,7.3,57.2,65.0,43.3,92.5,32.8,95.5,64.3,43.2,65.7,84.1
TR51,TR510,36.0,57.5,74.5,25.0,57.3,53.4,,38.7,58.3,,,58.3,73.5,,73.5,,52.4,93.4,47.1,16.8
TR52,TR521,22.6,,68.4,13.7,45.2,36.2,,45.8,72.5,56.5,88.6,,37.4,0.4,93.1,81.3,47.3,5.8,62.0,74.1
TR52,TR522,64.5,83.7,,45.4,19.8,,,80.2,61.8,57.2,89.9,38.3,61.6,81.6,41.7,,60.9,,42.5,79.2
TR61,TR611,73.2,98.5,52.2,73.2,66.6,32.3,9.1,23.5,39.8,31.4,59.5,28.4,68.2,89.4,,52.9,3.2,,4.9,1.4
TR61,TR612,67.7,60.0,24.7,,13.5,,94.0,79.1,10.3,,0.4,20.2,46.8,,46.8,,35.1,23.6,68.9,12.9
TR61,TR613,41.4,47.5,49.0,25.7,54.7,43.8,47.6,32.0,20.3,10.7,9.7,40.6,23.8,,24.7,77.2,29.5,12.8,46.3,
TR62,TR621,,,,,26.2,20.8,85.4,56.9,63.3,47.3,54.0,88.5,49.3,89.2,47.3,88.5,71.8,83.1,60.4,
TR62,TR622,52.1,11.2,14.8,59.9,56.0,78.8,66.8,,15.3,18.1,9.0,18.7,49.2,,70.6,72.2,17.0,8.9,,25.1
TR63,TR631,58.2,87.7,29.0,16.0,85.8,80.8,9.3,,58.8,98.1,63.2,15.0,66.5,95.8,50.0,46.2,91.2,,90.2,92.2
TR63,TR632,33.5,48.2,,18.8,15.9,21.8,,90.0,32.6,21.2,34.2,42.4,60.1,93.2,28.4,41.3,50.8,55.3,46.3,
TR63,TR633,80.1,80.3,22.0,82.0,69.7,78.9,41.3,28.5,19.9,6.5,41.1,12.1,48.2,20.4,75.6,51.5,83.3,,99.2,67.5
TR71,TR711,55.0,81.7,58.0,41.2,42.4,,92.2,22.9,57.0,74.4,,39.5,25.6,25.6,,,12.8,,12.8,
TR71,TR712,30.6,35.3,63.4,19.8,59.2,23.0,4.5,,21.4,,21.4,,44.5,4.6,,15.5,25.2,14.3,,36.2
TR71,TR713,56.0,31.1,19.0,,35.1,36.9,,66.7,56.2,56.8,55.7,,74.3,67.7,81.0,,76.8,,53.8,99.9
TR71,TR714,43.8,49.9,62.4,,57.7,50.6,39.9,37.7,62.3,56.2,68.4,,52.1,63.4,40.8,,35.5,35.6,52.9,18.1
SE21,SE213,40.0,42.7,79.3,56.6,41.8,21.1,14.3,81.5,66.7,63.2,82.8,54.0,43.3,71.2,5.5,46.8,55.8,,24.1,87.5
SE21,SE214,67.7,41.6,,93.7,43.7,72.9,54.7,87.0,65.2,50.2,75.8,69.5,50.3,94.3,16.9,60.4,74.0,88.9,68.0,65.0
SE22,SE221,45.0,36.0,42.7,41.7,37.6,,27.3,97.5,44.0,65.6,54.4,12.1,37.7,19.1,58.6,64.5,47.9,20.3,60.2,63.2
SE22,SE224,48.2,80.7,,15.8,58.4,2.8,9.6,18.0,36.4,,,36.4,68.9,92.8,82.6,68.6,18.6,29.1,,8.0
SE23,SE231,30.5,18.4,,42.6,90.0,,18.3,1.8,36.7,24.5,45.6,39.9,68.9,68.9,,,97.4,,99.8,95.1
SE23,SE232,69.0,34.3,21.3,93.9,46.7,53.0,21.9,91.0,43.3,37.3,,49.3,35.0,11.5,62.6,69.0,51.9,13.3,,90.6
SE31,SE311,30.5,5.3,65.7,52.0,54.0,54.5,28.3,64.2,6.3,,11.3,1.3,41.1,60.0,17.8,54.6,36.7,,35.0,38.4
SE31,SE312,65.6,65.6,,,40.8,9.9,34.6,52.9,35.5,21.5,49.4,,6.9,8.3,11.1,98.7,52.4,82.9,73.7,0.7
SE31,SE313,29.7,33.3,87.5,43.2,35.8,1.6,,29.9,43.3,80.7,20.9,28.3,54.0,36.1,,28.1,17.4,,2.7,32.0
SE32,SE321,71.6,50.2,,92.9,49.7,23.3,25.1,49.2,64.9,55.9,99.6,39.3,54.1,83.1,51.0,71.8,16.3,,16.3,
SE32,SE322,60.7,98.2,72.5,56.5,9.2,,90.8,,17.3,9.0,,25.6,21.0,19.5,3.1,59.7,12.2,17.9,,6.6
SE33,SE331,49.4,71.3,95.1,71.9,62.5,66.8,35.2,44.0,29.0,51.0,19.5,16.4,73.9,79.3,44.8,2.5,76.3,54.3,,98.3
SE33,SE332,77.4,57.8,10.0,84.5,36.7,33.5,79.6,43.9,29.4,58.4,26.8,2.9,64.8,56.8,45.0,7.5,83.5,87.0,79.9,
SI03,SI031,67.3,,0.4,35.0,56.3,45.2,44.0,32.3,35.3,,,35.3,47.7,69.0,52.4,78.4,33.7,50.2,,17.1
SI03,SI032,70.6,95.0,72.5,89.2,63.0,16.3,3.0,24.3,59.8,66.6,,52.9,27.8,28.6,13.5,58.6,70.0,72.3,67.7,
SI03,SI033,27.6,7.7,41.6,16.6,41.9,47.3,98.1,23.5,19.1,0.3,15.8,41.1,9.1,,5.9,87.8,59.0,,19.6,98.5
SI03,SI034,78.8,,21.2,,59.7,55.7,,36.4,24.0,,36.4,11.7,59.2,65.2,27.1,14.7,27.9,,26.5,29.3
SI03,SI035,35.6,47.8,76.5,,71.0,71.9,,30.0,13.6,11.0,16.1,,52.5,40.8,64.2,,44.4,38.7,,50.1
SI03,SI036,51.7,25.3,32.3,62.2,46.3,49.6,57.0,,59.8,0.2,81.0,98.2,63.3,79.7,27.8,17.7,29.1,23.5,46.6,17.2
SI03,SI037,14.4,19.7,,9.2,70.0,98.0,23.9,64.0,21.6,38.4,,4.7,25.0,7.1,41.6,73.6,35.5,11.4,,59.5
SI03,SI038,43.0,75.0,60.7,14.7,47.6,6.4,59.8,3.7,34.5,42.5,26.6,,21.0,10.2,31.8,,42.1,8.1,,76.2
SI04,SI041,72.8,,16.5,62.1,64.0,99.5,96.2,11.3,79.6,,88.9,70.2,37.3,14.1,,39.5,61.0,60.5,96.5,26.1
SI04,SI042,,,,,61.1,,13.6,64.2,46.7,48.8,84.4,6.8,36.8,57.9,,84.3,54.6,70.9,45.7,47.1
SI04,SI043,45.4,89.5,70.2,17.0,38.8,34.0,57.5,60.1,66.2,83.2,43.5,72.0,27.2,,21.8,67.3,84.7,,,84.7
SI04,SI044,68.1,97.5,80.8,87.5,57.4,76.7,61.9,42.6,34.0,,21.1,46.8,59.2,1.7,84.5,8.7,38.5,,38.9,38.0
SK01,SK010,28.6,28.6,,,52.6,85.5,29.3,98.3,23.7,23.4,24.0,,55.9,24.4,76.4,33.1,72.6,72.3,68.2,77.4
SK02,SK021,59.0,22.4,25.2,79.9,92.0,92.0,,,55.4,,81.8,29.0,45.0,59.3,8.2,32.5,75.2,,,75.2
SK02,SK022,39.6,62.1,76.1,32.8,36.5,,39.7,87.3,56.4,56.4,,,47.8,51.7,43.8,,8.6,9.0,8.2,
SK02,SK023,45.0,,32.0,22.1,42.3,34.1,20.2,87.1,15.9,24.8,,7.0,32.9,,16.8,51.1,32.7,,24.6,40.8
SK03,SK031,47.4,,52.6,,65.1,,,34.9,76.1,83.0,69.2,,6.6,,6.6,,46.3,38.5,20.2,80.3
SK03,SK032,50.8,50.5,28.1,30.1,50.3,80.4,66.5,63.0,32.0,8.7,55.3,,30.8,,3.1,41.6,70.6,72.3,94.0,45.5
SK04,SK041,42.1,34.2,37.7,29.9,4.8,5.8,96.3,,44.3,86.1,35.8,11.1,49.3,14.0,57.4,23.5,75.1,,75.1,
SK04,SK042,81.0,65.3,20.6,98.3,45.4,65.5,74.7,,1.7,,1.7,,24.4,1.4,71.7,99.9,38.8,29.7,47.8,
TR10,TR100,78.4,90.4,28.6,73.5,35.1,13.6,83.5,24.9,45.8,,43.7,47.8,,,,,58.9,79.8,50.7,46.2
TR21,TR211,90.2,,18.1,98.6,35.0,89.4,89.0,95.4,53.7,60.3,38.4,62.5,38.4,,58.4,81.6,26.1,29.3,25.1,23.8
TR21,TR212,16.6,3.0,,30.3,32.5,,85.4,49.6,50.4,25.6,78.7,47.0,47.9,68.7,12.5,37.6,54.8,74.9,75.3,14.3
TR21,TR213,34.4,34.4,,,35.9,2.8,31.0,,68.6,71.1,49.5,85.1,55.8,,41.4,29.8,33.8,58.7,,8.8
TR22,TR221,60.7,35.0,17.7,64.8,75.6,71.2,20.1,,62.0,40.0,50.2,95.9,53.2,42.3,52.1,34.8,34.2,11.0,83.6,8.1
TR22,TR222,62.9,56.0,30.2,,78.0,93.4,25.1,34.2,21.7,31.4,11.7,21.9,41.5,41.5,,,45.7,93.1,37.3,6.7
TR31,TR310,46.4,,64.1,56.8,51.7,89.2,76.0,58.0,78.1,52.6,82.7,99.0,27.1,8.5,22.4,49.5,68.9,,38.9,98.9
TR32,TR321,43.7,,56.3,,50.5,23.5,13.4,58.6,10.7,1.0,20.4,,43.8,57.1,42.5,68.2,52.8,,66.7,38.8
TR32,TR322,24.9,15.0,,34.8,48.5,64.1,45.5,73.1,30.9,,30.9,,61.5,88.0,71.0,74.4,34.5,1.8,30.9,70.9
TR32,TR323,54.4,69.5,74.8,68.4,49.1,34.2,11.6,75.3,97.6,,97.6,,63.7,85.7,72.0,66.6,52.9,13.9,,91.8
TR33,TR331,76.1,87.5,9.4,50.3,59.4,,60.3,20.9,44.7,38.5,65.1,30.4,58.6,,,41.4,42.5,58.2,1.0,68.4
TR33,TR332,38.2,71.7,60.1,3.1,52.2,36.1,68.8,10.8,59.6,71.0,12.6,95.3,70.2,45.2,,4.7,56.9,78.4,36.9,55.5
TR33,TR333,19.3,6.7,77.3,28.4,47.4,29.2,7.2,79.9,77.0,50.5,89.9,90.7,55.8,,,44.2,55.1,57.4,72.6,35.2
TR33,TR334,35.1,34.6,99.5,70.3,34.1,38.7,65.6,70.8,77.8,81.5,95.7,56.2,48.2,77.9,,81.4,50.8,32.0,80.9,39.5
TR83,TR833,24.5,23.8,84.4,34.0,72.0,95.7,70.7,9.0,39.5,34.7,44.4,,44.9,56.4,74.1,95.9,38.6,75.7,1.5,
TR83,TR834,53.9,8.7,3.1,56.2,34.8,23.0,,53.5,43.8,43.8,,,68.9,90.3,71.2,54.9,52.9,15.8,57.8,85.2
TR90,TR901,22.0,22.0,,,44.9,22.4,50.3,37.5,30.9,0.1,57.9,34.8,52.5,32.6,83.9,58.9,36.6,3.4,81.9,24.4
TR90,TR902,86.0,72.6,,99.5,55.1,42.6,53.3,24.1,43.9,75.5,50.3,5.8,14.7,,9.5,80.1,68.8,88.2,,49.5
TR90,TR903,5.1,4.9,,5.2,87.8,,,12.2,40.0,78.7,1.3,,69.3,67.2,92.5,51.9,44.2,25.8,75.8,30.9
TR90,TR904,43.6,24.4,57.2,63.6,89.5,,10.5,,37.4,94.6,6.8,10.9,35.6,35.0,,63.7,38.9,71.0,6.8,
TR90,TR905,47.8,65.6,,30.0,75.8,57.8,,6.3,60.5,,62.1,59.0,34.2,22.8,24.7,44.8,44.5,46.8,3.6,83.1
TR90,TR906,50.7,52.4,89.6,89.4,60.9,83.1,,61.2,49.6,55.0,28.7,65.2,,,,,52.7,69.1,20.5,68.4
TRA1,TRA11,50.1,0.9,38.2,87.7,68.2,34.8,8.0,22.2,30.7,10.5,50.9,,31.8,44.9,49.3,98.8,76.5,81.3,60.7,87.5
TRA1,TRA12,99.1,,,99.1,34.3,43.8,,75.2,19.5,,1.3,37.8,50.9,48.2,64.3,59.7,37.2,17.5,75.1,18.9
TRA1,TRA13,24.1,57.6,94.8,9.5,27.7,31.6,76.6,71.9,70.1,29.7,82.4,98.3,87.3,72.0,94.8,4.9,52.5,,94.8,10.3
TRA2,TRA21,37.8,,47.6,23.2,26.5,7.5,28.7,99.3,31.2,6.0,86.6,0.9,65.7,20.2,99.2,22.3,60.6,70.3,,50.9
TRA2,TRA22,29.3,24.9,74.7,37.7,55.1,85.4,57.8,62.4,30.2,13.8,45.2,31.7,57.8,33.7,53.0,13.3,49.5,,82.4,16.6
TRA2,TRA23,76.6,67.7,14.5,,30.6,,67.2,71.5,69.9,90.9,93.6,25.1,92.6,80.5,99.8,2.5,52.2,34.5,47.0,75.2
TRA2,TRA24,30.1,41.3,,18.9,77.0,,17.9,28.1,46.8,71.3,,22.3,75.9,69.7,76.4,18.5,31.7,58.0,9.5,27.5
TRB1,TRB11,47.7,6.4,16.4,53.0,62.9,23.9,0.4,34.7,30.0,20.3,50.5,19.1,64.5,87.1,,58.0,51.8,95.1,10.0,50.4
TRB1,TRB12,65.4,65.4,,,42.9,36.7,17.3,90.7,42.5,29.2,29.8,68.5,41.1,87.3,21.1,85.1,43.2,17.7,65.1,46.7
TRB1,TRB13,55.6,21.3,39.7,85.2,38.2,4.2,74.4,15.2,39.2,23.6,89.1,4.9,38.4,28.4,50.0,63.2,88.3,99.9,65.2,99.7
TRB1,TRB14,51.9,,6.1,9.8,42.0,76.9,98.5,52.4,42.5,31.8,,53.3,78.3,61.5,95.1,,22.8,35.2,10.4,
TRB2,TRB21,60.1,42.7,,77.4,85.0,74.0,18.3,0.6,33.9,1.8,,66.0,45.2,,62.4,71.9,10.3,13.4,7.3,
TRB2,TRB22,70.1,49.2,31.9,93.0,13.7,14.8,,87.5,46.5,27.4,77.4,34.7,84.7,84.7,,,65.2,,68.7,61.7
TRB2,TRB23,69.1,16.9,2.6,93.0,60.8,,44.5,34.0,57.9,65.7,50.0,,74.8,76.0,73.6,,51.5,80.0,16.6,57.9
TRB2,TRB24,86.0,,18.0,90.0,48.0,,18.1,86.0,37.7,13.9,87.3,12.0,37.5,41.7,33.4,,52.2,5.7,98.7,
TRC1,TRC11,41.5,60.0,60.1,24.7,50.4,75.0,74.2,,47.9,39.7,,56.1,16.6,28.2,,94.9,61.0,84.0,39.3,59.6
TRC1,TRC12,13.8,15.4,75.8,1.9,38.5,2.6,25.5,,62.3,65.5,59.1,,36.8,2.0,75.4,67.1,41.5,66.1,2.8,55.7
TRC1,TRC13,46.7,46.7,,,75.5,,25.7,23.2,,,,,79.9,85.4,,25.6,45.1,68.0,27.7,39.6
TRC2,TRC21,52.4,48.7,29.4,37.8,13.8,0.5,,73.0,55.7,85.1,26.3,,66.6,54.3,,21.1,57.8,35.6,79.1,58.6
TRC2,TRC22,26.6,30.6,77.4,,12.6,,77.4,97.4,72.9,69.0,56.1,93.5,56.0,74.1,40.0,46.0,39.8,,55.3,24.4
TRC3,TRC31,38.2,26.8,87.9,75.6,28.8,20.9,97.8,36.7,58.3,88.2,52.2,34.6,77.3,,83.7,29.0,54.1,9.3,81.0,72.0
TRC3,TRC32,52.6,32.9,20.2,45.0,41.4,27.5,61.6,41.7,57.7,60.3,79.2,33.6,29.4,45.1,9.4,66.3,33.3,25.1,20.6,54.1
TRC3,TRC33,45.2,58.1,51.9,29.3,20.5,,96.6,62.5,46.4,21.5,71.3,,49.9,,66.0,66.2,66.2,67.7,92.3,38.7
TRC3,TRC34,43.7,18.1,30.8,,37.5,,33.2,91.7,93.3,93.3,,,46.2,47.7,,55.3,84.0,,84.0,
TR71,TR715,55.9,56.2,53.4,64.9,56.4,95.5,62.5,63.8,86.5,71.9,99.9,87.6,42.4,,6.2,21.5,35.5,20.3,36.8,49.4
TR72,TR721,33.3,12.3,83.5,71.0,66.5,27.1,0.5,27.2,61.5,37.0,,86.1,43.4,,31.2,44.5,50.5,48.6,52.4,
TR72,TR722,40.2,50.3,74.9,45.3,27.2,26.7,71.1,74.1,51.8,,11.5,92.0,27.8,19.5,63.1,99.2,82.6,94.0,83.6,70.2
TR72,TR723,73.7,96.8,66.7,91.0,28.9,32.3,74.5,,46.8,59.0,69.3,12.0,62.0,71.5,,47.5,83.2,70.1,96.3,
TR81,TR811,79.3,79.3,,,47.8,40.9,49.4,48.0,67.5,43.8,88.1,70.7,47.8,10.3,74.1,41.0,45.4,29.6,45.9,60.7
TR81,TR812,48.8,,51.2,48.7,30.7,46.2,,84.8,19.6,14.4,24.7,,63.0,99.1,31.9,42.1,47.3,12.6,82.6,46.7
TR81,TR813,16.6,15.8,68.2,2.1,20.2,10.7,70.3,,54.8,39.3,,70.2,47.1,47.1,,,60.6,67.2,71.2,43.5
TR82,TR821,46.0,28.6,,63.5,45.7,62.7,69.2,56.5,48.5,22.4,,74.5,53.1,46.6,36.6,24.0,12.8,3.2,22.4,
TR82,TR822,53.6,80.6,75.7,56.0,63.1,33.2,40.9,3.0,33.7,,66.6,0.8,23.3,15.6,3.6,49.3,28.9,28.9,,
TR82,TR823,35.1,58.7,96.7,43.4,28.2,,56.1,87.4,38.3,43.1,,33.5,45.7,36.6,76.1,75.5,27.1,36.3,20.1,25.0
TR83,TR831,30.7,6.7,45.4,,36.0,25.1,53.0,,42.3,,42.3,,54.0,,76.3,68.3,91.6,,,91.6
TR83,TR832,46.1,24.8,12.8,26.2,64.6,45.0,51.0,0.2,38.1,69.1,,7.2,39.0,27.2,55.6,65.8,72.9,76.8,55.4,86.5
XK00,XK001,73.3,73.3,,,25.4,11.0,60.1,,45.8,,32.4,59.3,66.0,33.0,98.9,,71.2,,,71.2
XK00,XK002,57.1,,55.3,69.5,32.9,33.9,71.0,64.2,62.4,65.7,59.1,,93.2,,,6.8,21.9,41.5,2.2,
XK00,XK003,43.9,16.1,29.1,44.8,46.1,25.8,14.9,72.7,61.1,86.4,15.9,80.9,45.4,82.4,26.3,72.4,85.5,84.7,86.2,
XK00,XK004,43.4,7.9,74.5,96.9,48.8,71.5,75.9,49.1,51.2,51.2,,,45.2,62.4,30.3,57.0,16.5,29.1,,3.9
XK00,XK005,70.2,87.6,56.4,79.4,52.8,,,47.2,82.2,,72.7,91.7,9.4,9.4,,,73.2,86.6,84.0,49.0
XK00,XK006,62.9,39.7,1.3,50.4,38.7,31.2,51.8,63.3,62.6,84.0,47.4,56.5,37.1,12.5,,38.3,41.8,19.6,91.5,14.2
XK00,XK007,46.2,68.8,,23.6,53.4,47.0,25.4,61.3,64.2,75.3,33.9,83.5,49.8,77.9,,78.3,45.3,84.4,1.8,49.7
