{"type": "FeatureCollection", "features": [{"type": "Feature", "properties": {"NUTS_ID": "ES703", "LEVL_CODE": 3, "CNTR_CODE": "ES", "NAME_LATN": "El Hierro", "NUTS_NAME": "El Hierro", "MOUNT_TYPE": 1, "URBN_TYPE": 3, "COAST_TYPE": 1, "NAME_ENGL": "Spain", "NAME_FREN": "Espagne", "ISO3_CODE": "ESP", "SVRG_UN": "UN Member State", "CAPT": "Madrid", "EU_STAT": "T", "EFTA_STAT": "F", "CC_STAT": "F", "NAME_GERM": "Spanien"}, "geometry": {"type": "MultiPolygon", "coordinates": [[[[-17.907330258999934, 27.84291343800004], [-17.895198836999953, 27.831861051000033], [-17.892749048999974, 27.82268179600004], [-17.88388211499995, 27.81221897300003], [-17.88499101399998, 27.802019192000046], [-17.90341996799998, 27.784692333000066], [-17.91326050799995, 27.770858628000042], [-17.91184366999994, 27.76506171500006], [-17.92503135299995, 27.744165371000065], [-17.92840039099997, 27.73184938000003], [-17.933628966999947, 27.72849457600006], [-17.948050385999977, 27.72869962900006], [-17.956942255999934, 27.72021681900003], [-17.960365544999945, 27.692123579000054], [-17.965714720999927, 27.68680851700003], [-17.971771520999937, 27.672447153000064], [-17.97157645699997, 27.648127077000026], [-17.97803625299997, 27.641055264000045], [-17.989142455999968, 27.638458808000053], [-17.999321744999975, 27.646279024000023], [-18.011349706999965, 27.650960075000057], [-18.03020680999998, 27.67953338700005], [-18.050716138999974, 27.69262347700004], [-18.122621729999935, 27.70434002500008], [-18.145679078999933, 27.704095323000047], [-18.15835964799993, 27.71290169400004], [-18.15996205299996, 27.725135419000026], [-18.15269779299996, 27.732216296000047], [-18.151747907999948, 27.74632870100004], [-18.154321331999938, 27.75238802100006], [-18.151141990999974, 27.759561963000067], [-18.130492540999967, 27.770863305000034], [-18.122584667999945, 27.769331841000053], [-18.118238601999963, 27.762640934000046], [-18.10739629099993, 27.75777864300005], [-18.08086906899996, 27.75337343700005], [-18.06895854499993, 27.753679813000076], [-18.037660134999953, 27.762400300000024], [-18.020207880999976, 27.774874900000043], [-18.012473220999937, 27.784304973000076], [-17.997625296999956, 27.79156488600006], [-17.990326393999965, 27.79850674200003], [-17.98714413099998, 27.810203889000036], [-17.993190049999953, 27.82217786800004], [-17.973465071999954, 27.827297564000048], [-17.95817610499995, 27.841125885000054], [-17.947232437999958, 27.840974476000042], [-17.936044695999954, 27.84808857200005], [-17.922512621999942, 27.849164785000028], [-17.907330258999934, 27.84291343800004]]]]}}, {"type": "Feature", "properties": {"NUTS_ID": "ES704", "LEVL_CODE": 3, "CNTR_CODE": "ES", "NAME_LATN": "Fuerteventura", "NUTS_NAME": "Fuerteventura", "MOUNT_TYPE": null, "URBN_TYPE": 2, "COAST_TYPE": 1, "NAME_ENGL": "Spain", "NAME_FREN": "Espagne", "ISO3_CODE": "ESP", "SVRG_UN": "UN Member State", "CAPT": "Madrid", "EU_STAT": "T", "EFTA_STAT": "F", "CC_STAT": "F", "NAME_GERM": "Spanien"}, "geometry": {"type": "MultiPolygon", "coordinates": [[[[-13.888399049999975, 28.755806207000035], [-13.873334520999947, 28.745625096000026], [-13.86656202499995, 28.74422169500008], [-13.865006146999974, 28.738120896000055], [-13.863636807999967, 28.73275153800006], [-13.848054316999935, 28.726850171000024], [-13.843328635999967, 28.725060470000074], [-13.832507065999948, 28.69607139900006], [-13.832536510999944, 28.69375780400003], [-13.832844914999953, 28.669525048000025], [-13.824046690999978, 28.59648202300008], [-13.82370905099998, 28.593678925000063], [-13.825406019999946, 28.588403198000037], [-13.829313169999978, 28.576256208000075], [-13.828941659999941, 28.569054944000072], [-13.828708484999936, 28.564535144000047], [-13.82603307599993, 28.553690104000054], [-13.833289384999944, 28.54526267800003], [-13.837576447999936, 28.540283712000075], [-13.836004522999929, 28.53040449300005], [-13.835342303999937, 28.526242582000066], [-13.837500636999948, 28.522217239000042], [-13.84278908799996, 28.512354152000057], [-13.842853440999932, 28.51179563000005], [-13.843702792999977, 28.504424018000066], [-13.85125192399994, 28.500914585000032], [-13.859774500999947, 28.496952618000023], [-13.86716544099994, 28.48096487600003], [-13.862240665999934, 28.47049412000007], [-13.857090304999929, 28.459543735000068], [-13.857373826999947, 28.44531562700007], [-13.857375891999936, 28.445212006000077], [-13.862029706999976, 28.43892628800006], [-13.862088617999973, 28.433238449000044], [-13.853095936999978, 28.423184049000042], [-13.850657385999966, 28.420457592000048], [-13.849027017999958, 28.41080102600006], [-13.849994863999939, 28.407140714000036], [-13.850191325999958, 28.406397712000057], [-13.853541206999978, 28.393728748000058], [-13.85656361499997, 28.393296720000023], [-13.85921570599993, 28.39291762700003], [-13.876163125999938, 28.353001462000066], [-13.876530952999929, 28.35213512100006], [-13.879429616999971, 28.33908710700007], [-13.886668912999937, 28.326139683000065], [-13.889677354999947, 28.325217129000066], [-13.89447308399997, 28.323746495000023], [-13.894329926999944, 28.315651758000058], [-13.894311732999938, 28.31462300100003], [-13.896409449999965, 28.31137640000003], [-13.902454828999964, 28.30202007300005], [-13.89988260499996, 28.295113283000035], [-13.897986970999966, 28.290023236000025], [-13.898608983999964, 28.283113678000063], [-13.90227746499994, 28.275720410000076], [-13.905086882999967, 28.274768426000037], [-13.909948948999954, 28.27312088900004], [-13.912992568999982, 28.264145117000055], [-13.915114052999968, 28.25788876400003], [-13.922948866999945, 28.247462851000023], [-13.935798598999952, 28.234646488000067], [-13.947937654999976, 28.228579780000075], [-13.957629981999958, 28.228535536000038], [-13.98529513699998, 28.228409249000038], [-13.99802266599994, 28.218388013000038], [-14.010072649999927, 28.208900252000035], [-14.013678225999968, 28.209590909000042], [-14.020256365999956, 28.210850969000035], [-14.039683561999937, 28.20368310400005], [-14.042574760999969, 28.20261636600003], [-14.045013969999957, 28.20247216000007], [-14.073863363999976, 28.20076657800007], [-14.11123185799994, 28.18903422300008], [-14.119125335999968, 28.19132668800006], [-14.127512108999952, 28.188797055000066], [-14.14283361899993, 28.182666683000036], [-14.15191462699994, 28.182308927000065], [-14.15838800499995, 28.176873444000023], [-14.164804363999963, 28.17525857700008], [-14.167604319999953, 28.174553885000023], [-14.16795862899994, 28.174542002000067], [-14.198488114999975, 28.173518057000024], [-14.208932606999952, 28.166222506000054], [-14.221534099999928, 28.16347654200007], [-14.236368153999933, 28.14494281900005], [-14.274069208999947, 28.097838979000073], [-14.302309144999981, 28.072789630000045], [-14.322060650999958, 28.049680481000053], [-14.331962979999957, 28.044392195000057], [-14.368028375999927, 28.05361792900004], [-14.379044606999969, 28.052263149000055], [-14.409633266999947, 28.058654353000065], [-14.443392711999934, 28.07017273100007], [-14.452389796999967, 28.073242445000062], [-14.47677202799997, 28.077446457000065], [-14.491036992999966, 28.074429396000028], [-14.500102967999965, 28.07251192900003], [-14.509314908999954, 28.066931108000063], [-14.504246399999943, 28.075127175000034], [-14.501502535999975, 28.07956415800004], [-14.493105731999947, 28.084751071000028], [-14.493530352999926, 28.09559802800004], [-14.495689787999936, 28.098094093000043], [-14.498366029999943, 28.101187527000036], [-14.491317658999947, 28.109627060000037], [-14.486349406999977, 28.10545364400008], [-14.481199069999946, 28.101127270000063], [-14.474991781999961, 28.10396184800004], [-14.462585658999956, 28.101963021000074], [-14.459075782999946, 28.10339595100004], [-14.456179705999944, 28.10457829300003], [-14.453433796999946, 28.102970284000037], [-14.450460977999967, 28.101229397000054], [-14.442559779999954, 28.101224596000066], [-14.372792619999927, 28.11706445300007], [-14.312410007999972, 28.146035230000052], [-14.306154954999954, 28.151665628000046], [-14.299164400999928, 28.157958078000036], [-14.290150575999974, 28.16416549300004], [-14.247310072999937, 28.193667823000055], [-14.241231810999977, 28.20153574400007], [-14.224849244999973, 28.21340208400005], [-14.214926522999974, 28.228505908000045], [-14.213662818999978, 28.242547416000036], [-14.213256186999956, 28.24706566100008], [-14.210593402999962, 28.254787286000067], [-14.209118025999942, 28.259065631000055], [-14.209718934999955, 28.264082537000036], [-14.212654966999935, 28.288595050000026], [-14.207734356999936, 28.302197224000054], [-14.20893009699995, 28.312251118000063], [-14.202782357999979, 28.328747091000025], [-14.19682359799998, 28.332942106000075], [-14.178859046999946, 28.345589293000046], [-14.175046298999973, 28.35213512100006], [-14.17114076699994, 28.361660442000073], [-14.162496340999951, 28.37107578100006], [-14.162418687999946, 28.378617345000066], [-14.16230564999995, 28.389595559000043], [-14.157914137999967, 28.39384769700007], [-14.15647658499995, 28.395239625000045], [-14.155572592999931, 28.401764702000037], [-14.15506109699993, 28.405456712000046], [-14.157879527999967, 28.41098786300006], [-14.150127447999978, 28.42224940400007], [-14.150389548999954, 28.43000557000005], [-14.145756441999936, 28.43862450000006], [-14.126880480999944, 28.454291227000056], [-14.101048713999944, 28.475731154000073], [-14.08980976099997, 28.49481780600007], [-14.085770389999936, 28.503728240000044], [-14.069360879999977, 28.539925925000034], [-14.064653525999972, 28.54398039000006], [-14.065281410999944, 28.55214299200003], [-14.059396554999978, 28.556085170000074], [-14.056412254999941, 28.564773303000038], [-14.045379965999928, 28.57664570000003], [-14.044527983999956, 28.577562561000036], [-14.034260711999934, 28.595608557000048], [-14.035903151999946, 28.607214028000044], [-14.037377445999937, 28.61763137400004], [-14.030169930999932, 28.63237048700006], [-14.009837853999954, 28.673948860000053], [-14.011801352999953, 28.679646728000023], [-14.017597403999957, 28.696466267000062], [-14.015445100999955, 28.71470510200004], [-14.011750566999979, 28.71367271300005], [-14.006991146999951, 28.71234275300003], [-13.999761383999953, 28.720432437000056], [-13.997686708999936, 28.72275387800005], [-13.993749462999972, 28.72382207000004], [-13.987565192999966, 28.725499890000037], [-13.978922947999934, 28.73202890700003], [-13.97866223699998, 28.732225867000068], [-13.976975788999937, 28.732524572000045], [-13.957553237999946, 28.73596470900003], [-13.952825485999938, 28.738672243000053], [-13.94377788199995, 28.743853709000064], [-13.938889595999967, 28.742219745000057], [-13.937785316999964, 28.741850627000076], [-13.936544614999946, 28.742816680000033], [-13.926893836999966, 28.750331110000047], [-13.914643636999926, 28.748391766000054], [-13.90909421699996, 28.747513230000038], [-13.893418508999957, 28.753794807000077], [-13.888399049999975, 28.755806207000035]]], [[[-13.818144160999964, 28.73747637400004], [-13.818659302999947, 28.736843837000038], [-13.821103758999982, 28.737718476000055], [-13.82896816799996, 28.74053240300003], [-13.83254905299998, 28.74648523600007], [-13.835632141999952, 28.751610537000033], [-13.818312305999939, 28.762644564000027], [-13.816754807999928, 28.76363680700007], [-13.812996079999948, 28.763384135000024], [-13.812232741999935, 28.75909760600007], [-13.811567605999926, 28.755362529000024], [-13.811418143999958, 28.75452322500007], [-13.813688817999946, 28.74294703700008], [-13.818144160999964, 28.73747637400004]]]]}}, {"type": "Feature", "properties": {"NUTS_ID": "ES705", "LEVL_CODE": 3, "CNTR_CODE": "ES", "NAME_LATN": "Gran Canaria", "NUTS_NAME": "Gran Canaria", "MOUNT_TYPE": 1, "URBN_TYPE": 1, "COAST_TYPE": 1, "NAME_ENGL": "Spain", "NAME_FREN": "Espagne", "ISO3_CODE": "ESP", "SVRG_UN": "UN Member State", "CAPT": "Madrid", "EU_STAT": "T", "EFTA_STAT": "F", "CC_STAT": "F", "NAME_GERM": "Spanien"}, "geometry": {"type": "MultiPolygon", "coordinates": [[[[-15.428768951999928, 28.129099366000048], [-15.420140911999965, 28.11782401800008], [-15.415062533999958, 28.111187461000043], [-15.41173617499993, 28.10041813400005], [-15.415358657999946, 28.08037677200008], [-15.41872534099997, 28.061750621000044], [-15.417467960999943, 28.05935465600004], [-15.413973021999936, 28.052694977000044], [-15.414005113999963, 28.052437978000057], [-15.414721432999954, 28.04670162800005], [-15.402861541999982, 28.03789388900003], [-15.395407150999972, 28.03235789200005], [-15.387838619999968, 28.02690718300005], [-15.369685534999974, 27.994142030000035], [-15.378032, 27.979243051000026], [-15.381828699999971, 27.97246569600003], [-15.380991585999936, 27.965481814000043], [-15.380718014999957, 27.963199470000063], [-15.379128053999978, 27.949934730000052], [-15.37099608899996, 27.942496746000074], [-15.359923609999953, 27.932369189000042], [-15.363311789999955, 27.930665332000046], [-15.372904963999929, 27.934037098000033], [-15.373622173999934, 27.934289181000054], [-15.382511103999946, 27.929456508000044], [-15.383686642999976, 27.921398158000045], [-15.386477657999933, 27.902265689000046], [-15.390948553999976, 27.893443669000078], [-15.393221094999944, 27.888959467000063], [-15.390055704999952, 27.880888596000034], [-15.388951702999975, 27.880092002000026], [-15.381991065999955, 27.875069546000077], [-15.386029887999939, 27.868647262000025], [-15.386135200999945, 27.857691919000047], [-15.396901889999981, 27.855330303000073], [-15.397510046999969, 27.85519690600006], [-15.398378418999982, 27.854340429000047], [-15.40445959899995, 27.84834255000004], [-15.408312085999967, 27.84768084600006], [-15.40951326399994, 27.847474531000046], [-15.41451726899993, 27.844927813000027], [-15.421387997999943, 27.83176425000005], [-15.421375034999926, 27.830041692000066], [-15.42126322799993, 27.81518479400006], [-15.428133972999944, 27.805199197000036], [-15.441529228999968, 27.800003900000036], [-15.454815437999969, 27.797918761000062], [-15.489795654999966, 27.792428963000077], [-15.502871544999948, 27.78427434400004], [-15.50784374999995, 27.781173487000046], [-15.51676828799998, 27.78032868400004], [-15.521597074999931, 27.77987158800005], [-15.52409433899993, 27.778074872000047], [-15.53426164299998, 27.770759759000043], [-15.555357995999941, 27.76291471500008], [-15.562421924999967, 27.76028787100006], [-15.566419279999934, 27.754686986000024], [-15.56695532599997, 27.751981412000077], [-15.569500288999961, 27.73913626600006], [-15.578719229999933, 27.734692533000043], [-15.599952771999938, 27.735327385000062], [-15.609272760999943, 27.741430982000054], [-15.61962148699996, 27.74820829300006], [-15.630153070999938, 27.745589920000043], [-15.657087171999933, 27.75635033800006], [-15.667519593999941, 27.75519932000003], [-15.670215394999957, 27.752635530000077], [-15.673163973999976, 27.74983134000007], [-15.67974748399996, 27.755678285000045], [-15.682843531999936, 27.760057507000056], [-15.69040900799996, 27.770758542000067], [-15.698279943999978, 27.771387189000052], [-15.699563960999967, 27.771489744000064], [-15.703124870999943, 27.774943163000046], [-15.71340730299994, 27.784915210000065], [-15.71737907599993, 27.785405155000035], [-15.720798901999956, 27.785827014000063], [-15.724518004999936, 27.790644830000076], [-15.729224784999928, 27.796742108000046], [-15.73560503699997, 27.798782248000066], [-15.739745268999968, 27.800106123000035], [-15.74638723399994, 27.806695931000036], [-15.75400994599994, 27.81425878500005], [-15.759471460999976, 27.816299207000043], [-15.771931007999967, 27.820954096000037], [-15.788000334999936, 27.835622458000046], [-15.795129977999977, 27.850554859000056], [-15.79914653399993, 27.858967179000047], [-15.81741336899995, 27.892174279000074], [-15.824702783999953, 27.90159802900007], [-15.833369346999973, 27.912802157000044], [-15.831330998999931, 27.925766215000067], [-15.828191301999937, 27.94573494000008], [-15.83334521699993, 27.967987020000066], [-15.83410577799998, 27.971270751000077], [-15.831385014999967, 27.976648940000075], [-15.821248220999962, 27.996686553000075], [-15.818095039999946, 28.005011465000052], [-15.819120544999976, 28.007789958000046], [-15.821296421999932, 28.01368525500004], [-15.810759694999945, 28.015405505000047], [-15.796990954999956, 28.017653420000045], [-15.782248711999955, 28.024189937000074], [-15.772488446999944, 28.03224362800006], [-15.771643013999949, 28.033861108000053], [-15.765565643999935, 28.045488313000078], [-15.752269457999944, 28.04914431900005], [-15.745962592999945, 28.050878496000053], [-15.738240539999936, 28.055245747000072], [-15.73400061999996, 28.06324883800005], [-15.72177574799997, 28.070121055000072], [-15.71340730299994, 28.08031425300004], [-15.707691071999932, 28.092812241000047], [-15.710563502999946, 28.100691562000065], [-15.711881025999958, 28.104305638000028], [-15.708742511999958, 28.107187079000028], [-15.70667991099998, 28.10908073400003], [-15.704851854999959, 28.117673741000033], [-15.705569002999937, 28.11850706200005], [-15.70811606899997, 28.121466742000052], [-15.702370196999937, 28.12991727800005], [-15.699934698999982, 28.133499199000028], [-15.701937764999968, 28.140040557000077], [-15.702884723999944, 28.143133014000057], [-15.70220558899996, 28.144079302000023], [-15.697171302999948, 28.151093931000048], [-15.702976921999948, 28.15571088400003], [-15.706697258999952, 28.158669506000024], [-15.708457468999939, 28.16501955700005], [-15.697348254999952, 28.16397169100003], [-15.683965187999945, 28.170020556000054], [-15.679803510999932, 28.162528632000033], [-15.672658644999956, 28.160372881000058], [-15.667273370999965, 28.158748036000077], [-15.663699003999966, 28.16050777600003], [-15.654871434999961, 28.16485378400006], [-15.648329732999969, 28.164650066000036], [-15.648327197999947, 28.164649988000065], [-15.648324139999943, 28.16465157400006], [-15.636589628999957, 28.170738581000023], [-15.630064351999977, 28.167528082000047], [-15.624428715999954, 28.16102987900007], [-15.612986104999948, 28.147835910000026], [-15.600355002999947, 28.14491139100005], [-15.593650257999968, 28.14614829800007], [-15.588684009999952, 28.147064484000055], [-15.58739285699994, 28.146704967000062], [-15.577284869999971, 28.143890432000035], [-15.559577161999982, 28.146707418000062], [-15.544297468999957, 28.147220694000055], [-15.534898225999939, 28.151374975000067], [-15.52753449499994, 28.154629601000067], [-15.518786711999951, 28.14873713000003], [-15.517306795999957, 28.14774026500004], [-15.514853795999954, 28.14719247100004], [-15.49250649399994, 28.14220195000007], [-15.48486629499996, 28.13541482000005], [-15.48460972099997, 28.135186893000025], [-15.48435176099997, 28.13521273500004], [-15.478509105999933, 28.135798048000026], [-15.472370852999973, 28.130507210000076], [-15.467393265999931, 28.126216803000034], [-15.445350793999978, 28.131751501000053], [-15.432161168999926, 28.145987329000036], [-15.433382515999938, 28.156374224000047], [-15.434766430999957, 28.15760849800006], [-15.440848917999972, 28.163033291000033], [-15.439175840999951, 28.168596898000033], [-15.421340860999976, 28.18017918000004], [-15.40544281299998, 28.17472308600003], [-15.405312949999939, 28.163179108000065], [-15.411357318999933, 28.150865741000075], [-15.417055201999972, 28.14704435400006], [-15.418493842999965, 28.146856248000063], [-15.427220765999948, 28.14571518500003], [-15.428002865999929, 28.13732133900004], [-15.428032047999977, 28.137008146000028], [-15.428768951999928, 28.129099366000048]]]]}}, {"type": "Feature", "properties": {"NUTS_ID": "ES706", "LEVL_CODE": 3, "CNTR_CODE": "ES", "NAME_LATN": "La Gomera", "NUTS_NAME": "La Gomera", "MOUNT_TYPE": 1, "URBN_TYPE": 3, "COAST_TYPE": 1, "NAME_ENGL": "Spain", "NAME_FREN": "Espagne", "ISO3_CODE": "ESP", "SVRG_UN": "UN Member State", "CAPT": "Madrid", "EU_STAT": "T", "EFTA_STAT": "F", "CC_STAT": "F", "NAME_GERM": "Spanien"}, "geometry": {"type": "MultiPolygon", "coordinates": [[[[-17.25072628199996, 28.205055075000075], [-17.242415669999957, 28.201988115000063], [-17.239872272999946, 28.202662948000068], [-17.234815684999944, 28.20400459900003], [-17.232174916999952, 28.201696463000076], [-17.23206055299994, 28.201596505000055], [-17.23133184099993, 28.201590606000025], [-17.21103675699993, 28.201426326000046], [-17.207054063999976, 28.198542274000033], [-17.20661873699993, 28.19822703500006], [-17.206000875999962, 28.19841003600004], [-17.200775687999965, 28.19995766200003], [-17.194553119999966, 28.19757061400003], [-17.191509724999946, 28.19408553200003], [-17.18557224799997, 28.18728635000008], [-17.18433076399998, 28.18144230300004], [-17.176988192999943, 28.17792425600004], [-17.16803245899996, 28.179416106000076], [-17.16780846499995, 28.179453419000026], [-17.167665643999953, 28.17918690700003], [-17.16414326299997, 28.172613944000034], [-17.156452934999948, 28.171722293000073], [-17.156360065999934, 28.168558845000064], [-17.148255251999956, 28.162451003000058], [-17.138479150999956, 28.15984880600007], [-17.12927926699996, 28.15520174200003], [-17.121783663999963, 28.151415550000024], [-17.11174614999993, 28.142033722000065], [-17.111997019999933, 28.13611018100005], [-17.112132163999945, 28.132919170000037], [-17.10822565099994, 28.130442293000044], [-17.103997101999937, 28.127761234000047], [-17.103969021999944, 28.114301536000028], [-17.103947792999975, 28.104126008000037], [-17.102393845999927, 28.10135408800005], [-17.099495567999952, 28.09618415700004], [-17.112089777999927, 28.086361624000062], [-17.121783663999963, 28.072481666000044], [-17.12893558999997, 28.071816900000044], [-17.138362920999953, 28.065924705000043], [-17.14386725299994, 28.060689343000035], [-17.14537992399994, 28.05467574000005], [-17.153569509999954, 28.052841159000025], [-17.16802368599997, 28.040761117000045], [-17.169289354999933, 28.035756199000048], [-17.17494023699993, 28.03727125300003], [-17.17783258099996, 28.038046717000043], [-17.18240306299998, 28.03376260600004], [-17.186740897999982, 28.02969656500005], [-17.192587686999957, 28.028974307000055], [-17.194804886999975, 28.02870041400007], [-17.197614748999968, 28.026610834000053], [-17.201119937999977, 28.024004167000044], [-17.205425145999982, 28.024953080000046], [-17.21416976599994, 28.02688048400006], [-17.22949682099994, 28.026163869000072], [-17.240252063999947, 28.02246658200005], [-17.245857171999944, 28.020539737000036], [-17.251390371999946, 28.023786577000067], [-17.255205527999976, 28.026025281000045], [-17.26257702299995, 28.026186394000035], [-17.27131366699996, 28.026377344000025], [-17.27275396999994, 28.03004654700004], [-17.275099703999956, 28.036022353000078], [-17.28581638399993, 28.038168992000067], [-17.289654879999944, 28.038937875000045], [-17.29048435699997, 28.04107162300005], [-17.292252701999928, 28.045620519000067], [-17.296682181999927, 28.047514140000033], [-17.30713633499994, 28.051426125000035], [-17.31110339199995, 28.05291061300005], [-17.31928741699994, 28.05981796100008], [-17.319762325999932, 28.06348857100005], [-17.32136833499993, 28.075901532000046], [-17.330820089999975, 28.082155470000032], [-17.33703935899996, 28.08528687100005], [-17.33927641599996, 28.086413230000062], [-17.347974827999963, 28.09908407000006], [-17.348354487999927, 28.099637115000064], [-17.348323927999957, 28.10060289300003], [-17.347753544999932, 28.118628406000028], [-17.346568369999943, 28.121316593000074], [-17.342143052999972, 28.131354], [-17.344793506999963, 28.142258084000048], [-17.346071068999947, 28.147514030000025], [-17.342231596999966, 28.15484568200003], [-17.340928050999935, 28.15661378300007], [-17.33553137399997, 28.163933718000067], [-17.336263293999934, 28.168558845000064], [-17.33626234999997, 28.168574668000076], [-17.33588093999998, 28.174968096000043], [-17.329942539999934, 28.182518178000066], [-17.32226714999996, 28.192276668000034], [-17.322129659999973, 28.193541114000027], [-17.32156077099995, 28.19877299700005], [-17.31689517199993, 28.204459547000056], [-17.310153815999968, 28.20410847000005], [-17.30711880599995, 28.20395041200004], [-17.282366082999943, 28.211828108000077], [-17.28041250499996, 28.21366550500005], [-17.276388750999956, 28.21744996500007], [-17.26343927399995, 28.218071133000024], [-17.25513711399998, 28.209571057000062], [-17.25072628199996, 28.205055075000075]]]]}}, {"type": "Feature", "properties": {"NUTS_ID": "ES707", "LEVL_CODE": 3, "CNTR_CODE": "ES", "NAME_LATN": "La Palma", "NUTS_NAME": "La Palma", "MOUNT_TYPE": 1, "URBN_TYPE": 2, "COAST_TYPE": 1, "NAME_ENGL": "Spain", "NAME_FREN": "Espagne", "ISO3_CODE": "ESP", "SVRG_UN": "UN Member State", "CAPT": "Madrid", "EU_STAT": "T", "EFTA_STAT": "F", "CC_STAT": "F", "NAME_GERM": "Spanien"}, "geometry": {"type": "MultiPolygon", "coordinates": [[[[-17.90409651999994, 28.84823281100006], [-17.89393737599994, 28.842068871000038], [-17.88584825099997, 28.842552157000057], [-17.881940782999948, 28.839144670000053], [-17.87169255699996, 28.836684903000048], [-17.85727310799996, 28.833223966000048], [-17.848127293999937, 28.835170790000063], [-17.833782176999932, 28.837915730000077], [-17.808699739999952, 28.842715258000055], [-17.800341696999965, 28.842906588000062], [-17.78891449599996, 28.843168176000063], [-17.77873546899997, 28.83908247100004], [-17.770518809999942, 28.818944789000057], [-17.760674499999936, 28.80569466600008], [-17.75813094399996, 28.78877419500003], [-17.753526353999973, 28.782750804000045], [-17.750348824999946, 28.772540200000037], [-17.742580963999956, 28.76200541600008], [-17.734911607999948, 28.75741491200006], [-17.729348046999974, 28.744643890000077], [-17.72466117299996, 28.740983632000052], [-17.73444873099993, 28.71914813500007], [-17.752267763999953, 28.705136890000063], [-17.758469701999957, 28.697245216000056], [-17.76037864899996, 28.686618993000025], [-17.77027708099996, 28.676039050000043], [-17.766281058999937, 28.664520356000025], [-17.75754830099993, 28.650742172000037], [-17.753311094999958, 28.630847888000062], [-17.75039726899996, 28.620929913000055], [-17.755464780999944, 28.611945820000074], [-17.75494256099995, 28.59253237000007], [-17.76048065799995, 28.58130186300008], [-17.76082439299995, 28.569770394000045], [-17.787007803999927, 28.542521833000023], [-17.79672444099998, 28.51813965900004], [-17.800341696999965, 28.514055795000047], [-17.81763802599994, 28.494528323000054], [-17.827382237999927, 28.471435905000078], [-17.833136165999974, 28.457799902000033], [-17.841966514999967, 28.45341864200003], [-17.85552424599996, 28.459434260000023], [-17.86793525099995, 28.472036811000066], [-17.86951666699997, 28.484194564000063], [-17.87169255699996, 28.489395814000034], [-17.87700019099998, 28.502083190000064], [-17.875622532999955, 28.515335450000066], [-17.875615016999973, 28.515407749000076], [-17.88032301499993, 28.538857781000047], [-17.889522727999974, 28.551853039000036], [-17.90032765999996, 28.571229079000034], [-17.905860511999947, 28.574510829000076], [-17.910869120999962, 28.58576320000003], [-17.918569530999946, 28.592230811000036], [-17.920895429999973, 28.593541603000062], [-17.924935249999976, 28.59581829900003], [-17.925018717999933, 28.600387581000064], [-17.925278026999933, 28.614583013000072], [-17.946559289999982, 28.650742172000037], [-17.950124926999933, 28.652536836000024], [-17.950447157999974, 28.65290303200004], [-17.963274069999954, 28.667480030000036], [-17.965462140999932, 28.68391235000007], [-17.965563593999946, 28.684674259000076], [-17.97533270599996, 28.711357324000062], [-17.98032679099998, 28.717591345000073], [-17.981933856999945, 28.727114202000053], [-17.992521935999946, 28.739796915000056], [-17.99285703299995, 28.740198304000046], [-18.00620405199993, 28.755742987000076], [-18.006923581999956, 28.775559544000032], [-18.00347383199994, 28.78592966100007], [-17.994740888999956, 28.795376516000033], [-17.988542465999956, 28.79610656400007], [-17.98434317699997, 28.799684066000054], [-17.980152991999944, 28.803253810000058], [-17.97909058999994, 28.807021616000043], [-17.978049356999975, 28.81071434900008], [-17.97599021999997, 28.81135264900007], [-17.97533270599996, 28.81155646800005], [-17.97322311299996, 28.815218134000077], [-17.96684179199997, 28.826294328000074], [-17.964511156999947, 28.82727219700007], [-17.95677580299997, 28.83051773300008], [-17.95332947399993, 28.83400449800007], [-17.94780649699993, 28.839592278000055], [-17.94002403099995, 28.842015479000054], [-17.930288249999933, 28.84504687900005], [-17.92587043499998, 28.850537119000023], [-17.921969289999936, 28.855385268000077], [-17.91392897199995, 28.857482623000067], [-17.906297089999953, 28.854517397000052], [-17.904330768999955, 28.848901803000047], [-17.90409651999994, 28.84823281100006]]]]}}, {"type": "Feature", "properties": {"NUTS_ID": "ES708", "LEVL_CODE": 3, "CNTR_CODE": "ES", "NAME_LATN": "Lanzarote", "NUTS_NAME": "Lanzarote", "MOUNT_TYPE": null, "URBN_TYPE": 2, "COAST_TYPE": 1, "NAME_ENGL": "Spain", "NAME_FREN": "Espagne", "ISO3_CODE": "ESP", "SVRG_UN": "UN Member State", "CAPT": "Madrid", "EU_STAT": "T", "EFTA_STAT": "F", "CC_STAT": "F", "NAME_GERM": "Spanien"}, "geometry": {"type": "MultiPolygon", "coordinates": [[[[-13.463824801999976, 29.12721890100005], [-13.462553525999965, 29.115045775000056], [-13.453362440999967, 29.103441503000056], [-13.449396458999956, 29.098434224000073], [-13.448482639999952, 29.089631345000043], [-13.451899282999932, 29.081239526000047], [-13.458926657999939, 29.06786424300003], [-13.465431085999967, 29.055484290000038], [-13.465092530999982, 29.052795325000034], [-13.46425461399997, 29.04614017800003], [-13.46562443199997, 29.043732531000046], [-13.467295282999942, 29.040795780000053], [-13.468805764999956, 29.034157013000026], [-13.466375682999967, 29.02875829800007], [-13.46436274399997, 29.02428631500004], [-13.466533436999953, 29.017770683000037], [-13.474499865999974, 29.014399178000076], [-13.47548851099998, 29.013980769000057], [-13.47574076899997, 29.012893130000066], [-13.47752139599993, 29.00521574700008], [-13.487137803999929, 28.99847537900007], [-13.487788559999956, 28.99316931800007], [-13.495817329999966, 28.992210458000045], [-13.495828815999971, 28.99220908600006], [-13.515876082999966, 28.981170662000068], [-13.518316658999936, 28.977200539000023], [-13.519004002999964, 28.976082425000072], [-13.521527481999954, 28.975058511000043], [-13.538530441999967, 28.96815947400006], [-13.540970584999968, 28.96208748400005], [-13.54214123099996, 28.95917447800008], [-13.557693849999964, 28.95643910800004], [-13.58425794599998, 28.95176705700004], [-13.597489052999947, 28.94835631500007], [-13.604964614999972, 28.942312628000025], [-13.60527888699994, 28.94205855200005], [-13.614754, 28.93237282800004], [-13.631608359999973, 28.927037687000052], [-13.632776250999939, 28.926667999000074], [-13.635694428999955, 28.924695132000068], [-13.642872136999927, 28.919842561000053], [-13.659112583999956, 28.92046001600005], [-13.676773800999968, 28.921131487000025], [-13.701047047999964, 28.917730430000063], [-13.719959367999934, 28.911659087000032], [-13.739634041999977, 28.90363629500007], [-13.74690663299998, 28.88391021900003], [-13.749934768999935, 28.875696746000074], [-13.753676132999942, 28.872786811000026], [-13.757760961999963, 28.869609740000044], [-13.771102903999974, 28.85686550500003], [-13.77214939299995, 28.85488603400006], [-13.775938850999978, 28.84771814100003], [-13.78716062999996, 28.839834539000037], [-13.789834613999972, 28.846574477000047], [-13.79169944399996, 28.85127489200005], [-13.80103374099997, 28.85852790200005], [-13.808946186999947, 28.856511460000036], [-13.811101247999943, 28.855962255000065], [-13.812620785999968, 28.856600496000056], [-13.827052132999938, 28.862661994000064], [-13.839030654999931, 28.857240408000052], [-13.839746812999977, 28.856916268000077], [-13.840725548999956, 28.857281475000036], [-13.852999717999978, 28.861861478000037], [-13.865704802999971, 28.857886723000036], [-13.87231587599996, 28.855818465000027], [-13.87683289499995, 28.861141601000043], [-13.875172593999935, 28.869609740000044], [-13.875325061999945, 28.870104707000053], [-13.880669268999952, 28.887454001000037], [-13.873062781999977, 28.89392479000003], [-13.85893366099998, 28.897125542000026], [-13.848492121999982, 28.913950303000036], [-13.830308402999947, 28.92857766800006], [-13.83204636399995, 28.94815557100003], [-13.833822106999946, 28.968159091000075], [-13.83064378599994, 28.975464351000028], [-13.829956382999967, 28.97704432200004], [-13.830446136999967, 28.97931266300003], [-13.833116637999979, 28.99168134200005], [-13.828974823999943, 29.007959750000055], [-13.828933506999931, 29.008122137000043], [-13.828517099999942, 29.00975872400005], [-13.815218911999978, 29.03265469400003], [-13.81273411899997, 29.034232175000056], [-13.807583159999979, 29.037502283000038], [-13.80374018699996, 29.040795780000053], [-13.781783226999949, 29.059761989000037], [-13.77871560899996, 29.062411766000025], [-13.775778982999952, 29.063295872000026], [-13.76300114299994, 29.067142793000073], [-13.75729733299994, 29.07417351500004], [-13.753968080999982, 29.078277271000047], [-13.722924750999937, 29.084587569000064], [-13.714923358999954, 29.082659067000066], [-13.707157457999926, 29.080787324000028], [-13.703179742999964, 29.086609859000077], [-13.701403458999948, 29.089209966000055], [-13.69859125599993, 29.089944883000044], [-13.686434636999934, 29.093121792000034], [-13.679932336999968, 29.102721564000035], [-13.658169040999951, 29.112955241000066], [-13.661313579999955, 29.117039195000075], [-13.662066143999937, 29.11801658400003], [-13.659859515999926, 29.122093505000066], [-13.652160142999946, 29.12264790300003], [-13.643179362999945, 29.123702923000053], [-13.641449028999943, 29.12085165600007], [-13.639340279999942, 29.117376832000048], [-13.633293048999974, 29.116583494000054], [-13.627003019999961, 29.12190358400005], [-13.620383282999967, 29.127502540000023], [-13.604159415999959, 29.135198502000037], [-13.597139292999941, 29.13572289500007], [-13.58438539499997, 29.133120100000042], [-13.568458302999943, 29.121634071000074], [-13.56312767999998, 29.117789823000066], [-13.556988194999974, 29.11647055800006], [-13.54123599299993, 29.123137804000066], [-13.53045472499997, 29.135709415000065], [-13.524058646999947, 29.14637728300005], [-13.523585386999969, 29.150270824000074], [-13.52140275499994, 29.168227502000036], [-13.512624185999982, 29.181675351000024], [-13.505276952999964, 29.201228241000024], [-13.501325907999956, 29.205456624000078], [-13.49770437099994, 29.209332371000073], [-13.496518200999958, 29.214180184000043], [-13.495646463999947, 29.217742926000028], [-13.471410413999934, 29.235956481000073], [-13.463617608999982, 29.226931726000032], [-13.452837915999964, 29.22482662300007], [-13.427122984999926, 29.208733680000023], [-13.42481375799997, 29.204935075000037], [-13.42419831799998, 29.203922697000053], [-13.419753429999957, 29.19661099900003], [-13.420787880999967, 29.183522761000063], [-13.42879125199994, 29.15675067600006], [-13.436043224999935, 29.15237952800004], [-13.44617919999996, 29.146270041000037], [-13.463824801999976, 29.12721890100005]]], [[[-13.490355783999973, 29.24395854000005], [-13.505644418999964, 29.225545527000065], [-13.513874762999933, 29.225761744000067], [-13.522182274999977, 29.219535826000026], [-13.529285977999962, 29.22020232500006], [-13.534770565999963, 29.217239172000063], [-13.544562989999974, 29.221045941000057], [-13.54842323899993, 29.22591826200005], [-13.544662630999937, 29.232475029000057], [-13.52736813599995, 29.242641221000042], [-13.52645105299996, 29.250380458000052], [-13.521768088999977, 29.257372256000053], [-13.522069117999933, 29.268809798000063], [-13.511377900999946, 29.290356578000058], [-13.505534643999965, 29.289649496000038], [-13.494509851999965, 29.280150999000057], [-13.48191133399996, 29.27877153600008], [-13.47422852099993, 29.271506758000044], [-13.473549699999978, 29.264027186000078], [-13.485247130999937, 29.257785080000076], [-13.490355783999973, 29.24395854000005]]], [[[-13.532564485999956, 29.29116238900008], [-13.540987039999948, 29.28894970500005], [-13.539449027999979, 29.303982649000034], [-13.530638457999942, 29.305520951000062], [-13.532564485999956, 29.29116238900008]]], [[[-13.515338561999954, 29.384530116000064], [-13.522504443999935, 29.383422388000042], [-13.52933988999996, 29.38626391300005], [-13.52973061399996, 29.38733931400003], [-13.531038113999955, 29.39093798700003], [-13.531008657999962, 29.39622754100003], [-13.530993981999927, 29.398863094000035], [-13.523092901999973, 29.41048285000005], [-13.519795598999963, 29.411571749000075], [-13.51008970099997, 29.41477701900004], [-13.506849516999978, 29.415847056000075], [-13.496797736999952, 29.411970875000065], [-13.493027644999927, 29.407688106000023], [-13.489795207999975, 29.40401610400005], [-13.492564890999972, 29.399078032000034], [-13.49490142999997, 29.394912213000055], [-13.497575721999965, 29.39343603100008], [-13.502101249999953, 29.39093798700003], [-13.506742567999936, 29.38585891500003], [-13.515338561999954, 29.384530116000064]]]]}}, {"type": "Feature", "properties": {"NUTS_ID": "ES709", "LEVL_CODE": 3, "CNTR_CODE": "ES", "NAME_LATN": "Tenerife", "NUTS_NAME": "Tenerife", "MOUNT_TYPE": 1, "URBN_TYPE": 1, "COAST_TYPE": 1, "NAME_ENGL": "Spain", "NAME_FREN": "Espagne", "ISO3_CODE": "ESP", "SVRG_UN": "UN Member State", "CAPT": "Madrid", "EU_STAT": "T", "EFTA_STAT": "F", "CC_STAT": "F", "NAME_GERM": "Spanien"}, "geometry": {"type": "MultiPolygon", "coordinates": [[[[-16.127627777999976, 28.57123572000006], [-16.120794417999946, 28.556481016000077], [-16.126633638999976, 28.547344612000074], [-16.127371752999977, 28.546189714000036], [-16.128970553999977, 28.537855035000064], [-16.12913882999993, 28.53697779600003], [-16.126793196999927, 28.532782884000028], [-16.13178709799996, 28.533489013000064], [-16.13502596799998, 28.533946984000067], [-16.13790230099994, 28.530624733000025], [-16.145462604999977, 28.521892353000055], [-16.154872513999976, 28.52267610900003], [-16.15487523799993, 28.522676337000064], [-16.166742773999943, 28.518692833000046], [-16.17503149399994, 28.513233910000054], [-16.17894124099996, 28.510658964000072], [-16.181336404999968, 28.510280773000034], [-16.185893087999943, 28.50956128300004], [-16.188660648999928, 28.506850194000037], [-16.19680061899993, 28.498876319000033], [-16.22702126599995, 28.48888258900007], [-16.23634619099994, 28.48579890900004], [-16.244908342999963, 28.474339420000035], [-16.247359097999947, 28.46428407600007], [-16.249374934999935, 28.45601318200005], [-16.255681607999975, 28.453487507000034], [-16.26844861099994, 28.448374622000074], [-16.27733404299994, 28.437769824000043], [-16.280231215999947, 28.43431203600005], [-16.290555557999937, 28.427261867000027], [-16.307641788999945, 28.409877359000063], [-16.320899622999946, 28.401776711000025], [-16.327368890999935, 28.401449108000065], [-16.331861862999972, 28.40122158500003], [-16.33743439999995, 28.396286142000065], [-16.359641220999947, 28.378968908000047], [-16.36940326599995, 28.35213512100006], [-16.366399437999974, 28.339669921000052], [-16.366132859999936, 28.338937507000026], [-16.36295329999996, 28.330201786000032], [-16.359997634999957, 28.318624124000053], [-16.36254575099997, 28.304735196000024], [-16.368113689999973, 28.29934924500003], [-16.376267629999973, 28.291461816000037], [-16.383136415999957, 28.284817536000048], [-16.38771216799995, 28.265732768000078], [-16.388159513999938, 28.26386695700006], [-16.394779653999933, 28.253610196000068], [-16.407495380999933, 28.233909377000032], [-16.40857576899998, 28.229946279000046], [-16.409938463999936, 28.224947615000076], [-16.418167186999938, 28.213494506000075], [-16.423985218999974, 28.205396707000034], [-16.423580645999948, 28.19669808900005], [-16.42343901199996, 28.193652840000027], [-16.42429012499997, 28.191970644000037], [-16.42815758499995, 28.184326745000078], [-16.427210144999947, 28.17251378800006], [-16.426945775999968, 28.16921755800007], [-16.428000804999954, 28.167245415000025], [-16.432932255999958, 28.158027163000042], [-16.43011009099996, 28.153190688000052], [-16.427432574999955, 28.148602105000066], [-16.434630994999964, 28.14443667300003], [-16.44150817299993, 28.14045713200005], [-16.451001411999982, 28.128137149000054], [-16.46250689799996, 28.12023099700008], [-16.463148045999958, 28.11528430100003], [-16.463433669999972, 28.11308060300007], [-16.467423510999936, 28.11091358500005], [-16.471071235999943, 28.108932381000045], [-16.478084465999927, 28.100015118000044], [-16.48082020399994, 28.096536650000075], [-16.48333955199996, 28.09464295600003], [-16.489805529999956, 28.089782736000075], [-16.49069954099997, 28.087118996000072], [-16.493246977999945, 28.07952881400007], [-16.500369313999954, 28.07723379400005], [-16.50351157999995, 28.07622126600006], [-16.50594483599997, 28.071534058000054], [-16.508178148999946, 28.067232001000036], [-16.514081464999947, 28.063216155000077], [-16.520616089999976, 28.05877084900004], [-16.52334240099998, 28.053748898000038], [-16.524202654999954, 28.052164283000025], [-16.525973973999953, 28.05105869700003], [-16.54094076599995, 28.04171702900004], [-16.540839541999958, 28.03586194500008], [-16.540757824999957, 28.031135221000056], [-16.54491586399996, 28.02664422500004], [-16.549391716999935, 28.02565667400006], [-16.55341720299998, 28.028100030000076], [-16.558414487999983, 28.031133241000077], [-16.59762727499998, 28.027754005000077], [-16.624631670999975, 28.018015872000035], [-16.630486530999974, 28.011978385000077], [-16.63228513499996, 28.01012367900006], [-16.63612362599997, 28.00939523900007], [-16.638414584999964, 28.008960476000027], [-16.639974421999966, 28.007630645000063], [-16.644272066999974, 28.00396671200008], [-16.649572812999963, 28.005190619000075], [-16.663486284999976, 28.008403147000024], [-16.677065610999932, 28.000868892000028], [-16.68175952599995, 27.99826455400006], [-16.70295249199995, 28.005526141000075], [-16.707236008999928, 28.010738340000046], [-16.706224798999926, 28.02264688200006], [-16.705789547999927, 28.027772627000047], [-16.712433833999967, 28.046368828000027], [-16.72376122999998, 28.05031447700003], [-16.736199494999937, 28.054647072000023], [-16.73467362399998, 28.060823025000047], [-16.733352684999943, 28.06616951700005], [-16.738362964999965, 28.08739952700006], [-16.747786296999948, 28.094060668000054], [-16.757981172999962, 28.10126719400006], [-16.76009547299998, 28.105127065000033], [-16.762584483999944, 28.109671011000046], [-16.76779856099995, 28.112052422000033], [-16.77340655699993, 28.114613749000057], [-16.802011737999976, 28.15651506300003], [-16.803747765999958, 28.160028645000068], [-16.80547317399993, 28.16352073300004], [-16.804845499999942, 28.169932636000055], [-16.81253595499993, 28.178986292000047], [-16.818163509999977, 28.181389386000035], [-16.819885960999954, 28.182124912000063], [-16.82766645299995, 28.195470511000053], [-16.830883769999957, 28.20098906000004], [-16.834062527999947, 28.20495595400007], [-16.836331320999932, 28.20778726800006], [-16.84016392999996, 28.226936659000046], [-16.844948246999934, 28.239270134000037], [-16.840416811999944, 28.251965754000025], [-16.838516176999974, 28.25729072000007], [-16.841086633999964, 28.263191818000053], [-16.844877589999953, 28.265371884000047], [-16.849514700999976, 28.26803854700006], [-16.852621081999928, 28.27314679500006], [-16.85945365499998, 28.27550536600006], [-16.861738271999968, 28.284028716000023], [-16.862767292999933, 28.28786774300005], [-16.87186233099993, 28.298736848000033], [-16.87807905799997, 28.302110269000025], [-16.879629010999963, 28.30295133000004], [-16.879885077999973, 28.304108683000038], [-16.88189148899994, 28.31317710500008], [-16.893468393999967, 28.321517544000073], [-16.898085356999957, 28.332004880000056], [-16.910959786999967, 28.338493750000055], [-16.920555304999937, 28.34333000600003], [-16.923445181999966, 28.35213512100006], [-16.91500362399995, 28.361425207000025], [-16.903613348999954, 28.364958927000032], [-16.895479939999973, 28.364278463000062], [-16.893740643999934, 28.364132948000076], [-16.861616110999933, 28.376179281000077], [-16.85859652099998, 28.379680240000027], [-16.856540176999943, 28.381303562000028], [-16.849032197999975, 28.38723052100005], [-16.829803482999978, 28.39233990300005], [-16.816485541999953, 28.38229316500008], [-16.81033998199996, 28.377657102000057], [-16.805536984999947, 28.377640340000028], [-16.79770046899995, 28.377612990000046], [-16.795238806999976, 28.376157480000074], [-16.793016318999946, 28.374843386000066], [-16.772758454999973, 28.374930062000033], [-16.76328098999994, 28.374970612000027], [-16.760668846999977, 28.37426997400007], [-16.751009195999927, 28.371679029000063], [-16.745070661999932, 28.37590324100006], [-16.738733654999976, 28.380410896000058], [-16.732868723999957, 28.381439491000037], [-16.73138000199998, 28.38019735100005], [-16.727626955999938, 28.377065937000054], [-16.72227941799997, 28.383051772000044], [-16.718737741999973, 28.38701619400007], [-16.713296474999936, 28.385869296000067], [-16.70387906999997, 28.383884316000035], [-16.69610165699993, 28.387745882000047], [-16.69480406399998, 28.39166948700006], [-16.69404613699993, 28.39396127200007], [-16.69052418499996, 28.393011883000042], [-16.684181292999938, 28.39130207000005], [-16.67771169899993, 28.393161060000068], [-16.675725774999933, 28.397653442000035], [-16.67462111499998, 28.400152304000073], [-16.660487512999964, 28.400217448000035], [-16.658106251999982, 28.398867507000034], [-16.652499688999967, 28.395689137000033], [-16.644178143999966, 28.397975744000064], [-16.643699623999964, 28.39810723200003], [-16.64324003799993, 28.39791568000004], [-16.636035860999982, 28.394913040000063], [-16.624347349999937, 28.396098981000023], [-16.60322089699997, 28.394712127000048], [-16.60217039799994, 28.395649456000058], [-16.59759588999998, 28.39973115500004], [-16.593894099999943, 28.39934460300003], [-16.588172698999927, 28.39874715600007], [-16.570697842999948, 28.408293994000076], [-16.56131950599996, 28.413888291000035], [-16.55370985099995, 28.418427545000043], [-16.543174742999952, 28.41813724600007], [-16.523308118999978, 28.417589812000074], [-16.503181164999944, 28.425138331000028], [-16.501265503999946, 28.42879809300007], [-16.495924418999948, 28.43900193500008], [-16.487697496999942, 28.437740553000026], [-16.483503423999935, 28.43953220800006], [-16.474794676999977, 28.443252474000076], [-16.47129627499993, 28.44835482700006], [-16.47156672699998, 28.44915865400003], [-16.47331603999993, 28.454357886000025], [-16.46543387899993, 28.45911895300003], [-16.46098608099993, 28.459375398000077], [-16.45794508199998, 28.459550730000046], [-16.45635750899993, 28.463844778000066], [-16.45554952499998, 28.46603020300006], [-16.455411718999926, 28.46919299800004], [-16.451001411999982, 28.473214902000052], [-16.44328102299994, 28.480255379000027], [-16.433965230999945, 28.48546691300004], [-16.430599747999963, 28.487349665000067], [-16.427723682999954, 28.495888962000038], [-16.42041717899997, 28.517582635000053], [-16.410894479999968, 28.527410494000037], [-16.384598048999976, 28.545995833000063], [-16.379120237999928, 28.546088110000028], [-16.376267629999973, 28.546136164000075], [-16.36524767399993, 28.54632180400006], [-16.344989380999948, 28.555951707000077], [-16.344575505999956, 28.556148445000076], [-16.34411902399995, 28.556203234000066], [-16.335451629999966, 28.557243544000073], [-16.33420174799994, 28.563144615000056], [-16.332393416999935, 28.571682292000048], [-16.326100639999936, 28.57733697200007], [-16.32004732799993, 28.57768159300008], [-16.31715547899995, 28.574390721000043], [-16.314778735999937, 28.57168603100007], [-16.30740134399997, 28.57332333900007], [-16.299245562999943, 28.569800006000037], [-16.290555557999937, 28.570466968000062], [-16.288721685999974, 28.57215154000005], [-16.28489552999997, 28.575666196000043], [-16.27447895499995, 28.57226953600008], [-16.271005437999975, 28.57617065000005], [-16.25683726999995, 28.57054011400004], [-16.243002029999957, 28.571194023000032], [-16.23040954299995, 28.567559415000062], [-16.223939298999937, 28.56569188800006], [-16.19289993999996, 28.573883753000075], [-16.180437364999932, 28.580099009000037], [-16.17236076699993, 28.584126919000028], [-16.15781758399993, 28.58806382800003], [-16.13650459799993, 28.58230896200007], [-16.13435965399998, 28.576591527000062], [-16.13361473699996, 28.574605922000046], [-16.13285782099996, 28.57417983600004], [-16.127627777999976, 28.57123572000006]]], [[[-16.759774215999983, 28.380360652000036], [-16.761277193999945, 28.376667989000055], [-16.76612347799994, 28.37877222900005], [-16.76287895699994, 28.382622105000053], [-16.759774215999983, 28.380360652000036]]], [[[-16.15773538899998, 28.594457744000067], [-16.158586641999932, 28.589513244000045], [-16.16363087299993, 28.591952176000063], [-16.160886672999936, 28.595379706000074], [-16.15773538899998, 28.594457744000067]]]]}}, {"type": "Feature", "properties": {"NUTS_ID": "FRY10", "LEVL_CODE": 3, "CNTR_CODE": "FR", "NAME_LATN": "Guadeloupe", "NUTS_NAME": "Guadeloupe", "MOUNT_TYPE": null, "URBN_TYPE": 2, "COAST_TYPE": 1, "NAME_ENGL": "France", "NAME_FREN": "France", "ISO3_CODE": "FRA", "SVRG_UN": "UN Member State", "CAPT": "Paris", "EU_STAT": "T", "EFTA_STAT": "F", "CC_STAT": "F", "NAME_GERM": "Frankreich"}, "geometry": {"type": "MultiPolygon", "coordinates": [[[[-61.550089448999984, 16.277224533000037], [-61.54757426699996, 16.263543912000046], [-61.55220563399996, 16.249310139000045], [-61.54901671199997, 16.242280726000047], [-61.54979205899997, 16.234049106000043], [-61.54911590299997, 16.23378454500005], [-61.54286273499997, 16.23133787100005], [-61.54626514299997, 16.22443687300006], [-61.55126763199996, 16.22466655100004], [-61.55733645199996, 16.23256514700006], [-61.55871957699998, 16.234365290000028], [-61.56787442299998, 16.234382796000034], [-61.58317349199996, 16.23441205000006], [-61.58781212699995, 16.219116588000077], [-61.584076994999975, 16.20402785500005], [-61.590079110999966, 16.191898379000065], [-61.58693587299996, 16.182486293000068], [-61.58154956899995, 16.17803849300003], [-61.580085924999935, 16.17682987200004], [-61.58075982699995, 16.175486413000044], [-61.58392611399995, 16.169174259000044], [-61.58303864299995, 16.161655073000077], [-61.581225562999975, 16.156180839000058], [-61.57487931899993, 16.151894492000054], [-61.57700892599996, 16.143804725000052], [-61.57368049799999, 16.138306513000032], [-61.568273670999986, 16.135136958000032], [-61.56787442299998, 16.13490291200003], [-61.561443320999956, 16.131132912000055], [-61.56543847499995, 16.125974919000043], [-61.56787442299998, 16.12282995700002], [-61.56967131099998, 16.12051006300004], [-61.56918816499996, 16.11081447300006], [-61.565073498999936, 16.105175468000027], [-61.56159166799995, 16.100403743000072], [-61.560455838999985, 16.064656969000055], [-61.557360750999976, 16.051910270000064], [-61.57087032399994, 16.024974818000032], [-61.60521847899997, 15.994384242000024], [-61.614553323999985, 15.986070598000026], [-61.616666589999966, 15.980642815000067], [-61.61991578599998, 15.972297469000068], [-61.62764487299995, 15.971284651000076], [-61.633157283999935, 15.966670745000044], [-61.64031799899993, 15.967524128000036], [-61.650002436999955, 15.96867827400007], [-61.65861452499996, 15.961551176000057], [-61.65872147299996, 15.96146266900007], [-61.658788958999935, 15.961494231000074], [-61.66310814099995, 15.963514284000041], [-61.66906044999996, 15.961637586000052], [-61.67263384299997, 15.956974530000025], [-61.673614061999956, 15.955695406000075], [-61.67573875199997, 15.952922818000047], [-61.69841685599994, 15.947226624000052], [-61.706953934999945, 15.949267649000035], [-61.707900817999985, 15.955695406000075], [-61.70969262299997, 15.967858773000046], [-61.71009950699994, 15.970620836000023], [-61.715688934999946, 15.982050100000038], [-61.722991294999986, 15.985566945000073], [-61.74491396499997, 16.008814133000044], [-61.74647647399996, 16.010471046000077], [-61.746958647999975, 16.013005855000074], [-61.751046352999936, 16.034495064000055], [-61.76684940599995, 16.055047890000026], [-61.769083998999974, 16.05795411300005], [-61.76901573799995, 16.07112969600007], [-61.76897585499995, 16.078827681000064], [-61.76645106999996, 16.09044244300003], [-61.771856695999986, 16.09221960800005], [-61.77222963199995, 16.09234221500003], [-61.77236433799993, 16.09598810600005], [-61.773458467999944, 16.125601221000068], [-61.770206530999985, 16.13115770400003], [-61.77286293499998, 16.136846700000035], [-61.77828626499996, 16.139949654000077], [-61.77905147399997, 16.14038746600005], [-61.77852608099994, 16.141729931000043], [-61.775440827999944, 16.149613256000066], [-61.776148484999965, 16.169189138000036], [-61.78287147499998, 16.175597610000068], [-61.78231015799997, 16.187698281000053], [-61.78477951399998, 16.19179278000007], [-61.787034268999946, 16.19553144100007], [-61.78544018799994, 16.201317523000057], [-61.78259752399998, 16.211635620000038], [-61.78541778899995, 16.224461665000035], [-61.796902219999936, 16.238382005000062], [-61.80115300499995, 16.243534405000048], [-61.80318393699997, 16.253676101000053], [-61.80605353499993, 16.26800576900007], [-61.80885610299998, 16.272046561000025], [-61.80331405199996, 16.278318608000063], [-61.80235113499998, 16.29392427500005], [-61.801957871999946, 16.300297757000067], [-61.79855166799996, 16.303643349000026], [-61.795447947999946, 16.306691840000042], [-61.79666482299996, 16.308469916000035], [-61.801122533999944, 16.314983444000063], [-61.79154446599995, 16.321567840000057], [-61.78810389199998, 16.323933045000047], [-61.787690398999985, 16.331426580000027], [-61.78755846399997, 16.333817576000058], [-61.77885041199994, 16.341847279000035], [-61.77665733499998, 16.348508824000078], [-61.764950761999955, 16.353860948000033], [-61.75131379099997, 16.35438670800005], [-61.74330827599994, 16.360953047000066], [-61.72877117999997, 16.356799469000066], [-61.71943670999997, 16.345535668000025], [-61.71253632299994, 16.337209048000034], [-61.69420224899994, 16.334027054000046], [-61.68405394399997, 16.325299662000077], [-61.67499726999995, 16.325434475000066], [-61.67082434499997, 16.31852393300005], [-61.658020728999986, 16.319685478000054], [-61.65102225499999, 16.320320382000034], [-61.64242338599996, 16.316208940000024], [-61.642618109999944, 16.313202465000074], [-61.642861823999965, 16.309439592000047], [-61.62444612699994, 16.301756797000053], [-61.62021509899995, 16.302043579000042], [-61.603614661999984, 16.30316876200004], [-61.60231477399998, 16.30064756400003], [-61.605833953999934, 16.29773705200006], [-61.61395790199998, 16.284812963000036], [-61.61475093699994, 16.283551353000064], [-61.61803739599998, 16.283714901000053], [-61.616816734999986, 16.28814737500005], [-61.619085559999974, 16.290946577000057], [-61.62074541199996, 16.285537962000035], [-61.62614037499998, 16.281093055000042], [-61.62428477299994, 16.275399109000034], [-61.61234284899996, 16.278515264000077], [-61.61405429499996, 16.269629499000075], [-61.611020476999954, 16.267949372000032], [-61.599525350999954, 16.277061331000027], [-61.59944183899995, 16.26804678600007], [-61.59144755699998, 16.26714465500004], [-61.58478429999997, 16.270412429000032], [-61.57916051099994, 16.281865510000046], [-61.57831617599999, 16.283585033000065], [-61.57501034399996, 16.28281015400006], [-61.571527636999974, 16.281993815000078], [-61.56787442299998, 16.284371672000077], [-61.567726223999955, 16.284468134000065], [-61.565721380999946, 16.285773074000076], [-61.56267427299997, 16.285618038000052], [-61.55834558999999, 16.28539779700003], [-61.550089448999984, 16.277224533000037]]], [[[-61.54884346599994, 16.253114096000047], [-61.54757426699996, 16.263543912000046], [-61.54977621499995, 16.288499714000068], [-61.54546305499997, 16.294003512000074], [-61.54609655899998, 16.300297513000032], [-61.54092522399998, 16.30306168000004], [-61.53441660999994, 16.312392811000052], [-61.53463554499996, 16.32536028800007], [-61.53474338899997, 16.331747876000065], [-61.52880847899996, 16.340004195000063], [-61.522961272999964, 16.345326127000078], [-61.518821860999935, 16.344474822000052], [-61.50922466999998, 16.342501078000055], [-61.505810903999986, 16.350204017000067], [-61.49348432299996, 16.353631912000026], [-61.49733299199994, 16.355513435000034], [-61.499849953999956, 16.362803304000067], [-61.500255512999956, 16.36397792200006], [-61.49959427799996, 16.366285060000052], [-61.49610934399993, 16.37844446400004], [-61.507521775999976, 16.389397709000036], [-61.508757644999946, 16.387963803000048], [-61.50970752699993, 16.386861709000073], [-61.526173632999985, 16.396204409000063], [-61.53289922099998, 16.411604235000027], [-61.53604647999998, 16.42813717200005], [-61.540553804999945, 16.438748040000064], [-61.535708186999955, 16.45293743900004], [-61.51812041799997, 16.470160557000042], [-61.50791962699998, 16.474173590000078], [-61.50365210599995, 16.483394988000043], [-61.48483280199997, 16.49293256900006], [-61.47359867499995, 16.509779137000066], [-61.466592677999984, 16.510467857000037], [-61.46290991799998, 16.50500317500007], [-61.46290991799998, 16.503128041000025], [-61.46290991799998, 16.501483111000027], [-61.46290991799998, 16.50125912200002], [-61.46244194999997, 16.501137503000052], [-61.451354951999974, 16.49825613300004], [-61.44418027299997, 16.499396884000078], [-61.44193237799993, 16.49206662000006], [-61.42470303099998, 16.476907639000046], [-61.412155395999946, 16.469771566000077], [-61.40404274799994, 16.44610213800007], [-61.398212253999986, 16.42813717200005], [-61.39949884199996, 16.420661223000025], [-61.401366424999935, 16.409809293000023], [-61.40470022699998, 16.406014344000027], [-61.40526737499994, 16.393379852000066], [-61.40036519299997, 16.372612742000058], [-61.37654869299996, 16.341522782000027], [-61.35342008799995, 16.334384168000042], [-61.347061430999986, 16.33512822700004], [-61.342759167999986, 16.33163329300004], [-61.329936729999986, 16.333620608000047], [-61.32747117099996, 16.33325026500006], [-61.31205739899997, 16.330935019000037], [-61.30519989199996, 16.32612017200006], [-61.29842088699996, 16.327514567000037], [-61.29462332199995, 16.32319310300005], [-61.27796438299998, 16.31664836300007], [-61.259058333999974, 16.301454921000072], [-61.24855709899998, 16.286329445000035], [-61.23867854399998, 16.272100849000026], [-61.227902997999934, 16.26678319000007], [-61.20919686499997, 16.257551840000076], [-61.19008855599998, 16.253214186000037], [-61.188448448999964, 16.249977089000026], [-61.250530519999984, 16.254900003000046], [-61.25134854799995, 16.254964869000048], [-61.25425373699994, 16.254239406000067], [-61.29777604599997, 16.24337131900006], [-61.31485461099999, 16.243487221000066], [-61.32504677999998, 16.243556389000048], [-61.32577656199999, 16.241549381000027], [-61.32585823799997, 16.241324759000065], [-61.32688225299995, 16.241353202000028], [-61.33805505099997, 16.24166354600004], [-61.34924364699998, 16.236407120000024], [-61.36627346399996, 16.23369458700006], [-61.37384895499997, 16.22761678300003], [-61.37981650099994, 16.22282903100006], [-61.38809803899994, 16.22315577200004], [-61.389903627999956, 16.223227011000063], [-61.39069355299995, 16.222343185000057], [-61.39462691699998, 16.217942254000036], [-61.400641624999935, 16.218593439000074], [-61.40833049599996, 16.212734543000067], [-61.41933161299994, 16.209937941000078], [-61.43318633599995, 16.209039822000022], [-61.43824485999994, 16.208711909000044], [-61.44077837799995, 16.20666295600006], [-61.446429543999955, 16.202092640000046], [-61.45780944499995, 16.200979180000047], [-61.46437931999998, 16.197284961000037], [-61.46923939199996, 16.199229066000044], [-61.486471903999984, 16.204688603000022], [-61.50560221899997, 16.206033797000032], [-61.50859774999998, 16.212899425000046], [-61.50953928299998, 16.21505737700005], [-61.514960250999934, 16.21446211400007], [-61.52286239699998, 16.213594396000076], [-61.52524837399994, 16.21530335400007], [-61.52373267399997, 16.219968812000047], [-61.52729861199998, 16.219123222000064], [-61.529939397999954, 16.220221726000034], [-61.53162398499995, 16.225999561000037], [-61.533982324999954, 16.234088248000035], [-61.53834097799995, 16.23614827800003], [-61.54884346599994, 16.253114096000047]]], [[[-61.25943628599998, 15.871206374000053], [-61.27925390299998, 15.867271894000055], [-61.303153786999985, 15.87510732000004], [-61.323224332999985, 15.887100931000077], [-61.32479101299998, 15.889528402000053], [-61.32551566999996, 15.890651214000059], [-61.33106265699996, 15.899245921000045], [-61.33001755599997, 15.906160486000033], [-61.33306318999996, 15.920133988000032], [-61.33687556399997, 15.937625326000045], [-61.33500504299997, 15.942134512000052], [-61.33455787999998, 15.943212467000023], [-61.33431166199995, 15.943350172000066], [-61.32311929599996, 15.949609821000024], [-61.31921455099996, 15.955695406000075], [-61.31827821099995, 15.971460614000023], [-61.31804437699998, 15.975397692000058], [-61.31454112799997, 15.976610641000036], [-61.30721685299994, 15.979146567000043], [-61.30518823299997, 15.986173006000058], [-61.29068983399998, 16.00152244700007], [-61.28862878199993, 16.003704480000067], [-61.27467163499995, 16.00521373500004], [-61.26025862899996, 15.997171670000057], [-61.25182249499994, 15.992464537000046], [-61.25024626099997, 15.992244709000033], [-61.24301489499999, 15.991236187000027], [-61.233445813999936, 15.984722108000028], [-61.23288181199996, 15.98262769300004], [-61.23012176699996, 15.972378298000024], [-61.22425274999995, 15.967375573000027], [-61.22449197399993, 15.964362913000059], [-61.213929089999965, 15.955695406000075], [-61.20368560099996, 15.94728998100004], [-61.20084500499996, 15.944959096000048], [-61.19662035899995, 15.931953512000064], [-61.19706736699993, 15.923751417000062], [-61.19728038499994, 15.919842794000033], [-61.197508323999955, 15.915660365000065], [-61.20438293899997, 15.901885865000054], [-61.20891486299996, 15.899418456000035], [-61.218072795999944, 15.894432413000061], [-61.22193836099996, 15.889060761000053], [-61.223329912999986, 15.887127038000074], [-61.228376794999974, 15.883940221000046], [-61.234774210999944, 15.879900620000058], [-61.24403800399995, 15.874051067000039], [-61.25943628599998, 15.871206374000053]]], [[[-63.036921131999975, 18.12272841300006], [-63.022892153999976, 18.122634085000072], [-63.01810502899997, 18.110579376000032], [-63.02090849799998, 18.108065301000067], [-63.02398284399993, 18.105308310000055], [-63.02316849699997, 18.09490603300003], [-63.016858258999946, 18.086046750000037], [-63.01325971399996, 18.080994560000022], [-63.016639759999975, 18.076216052000063], [-63.01922717699995, 18.07255811400006], [-63.01596518799994, 18.068901049000033], [-63.01278015799994, 18.065330264000067], [-63.01066141899997, 18.05571628100006], [-63.01924550399997, 18.055797066000025], [-63.04047830999997, 18.056544692000045], [-63.06142777499997, 18.063300368000057], [-63.07705586599997, 18.050089134000075], [-63.08829300599996, 18.046249045000025], [-63.09480833099997, 18.05085417300006], [-63.09228903799993, 18.051639383000065], [-63.08996500099994, 18.05236373400004], [-63.08585200099998, 18.07073155200004], [-63.08167808899998, 18.07726203800007], [-63.083210408999946, 18.083224677000032], [-63.084082868999985, 18.086619632000065], [-63.07130184699997, 18.10068389500003], [-63.06449692599995, 18.101590730000055], [-63.05634298199993, 18.102677338000035], [-63.054030058999956, 18.10987914800006], [-63.051541175999944, 18.117628853000042], [-63.048587158999965, 18.116861905000064], [-63.040556623999976, 18.11477694200005], [-63.03780491799995, 18.120795415000032], [-63.036921131999975, 18.12272841300006]]], [[[-61.073184234999985, 16.302641323000046], [-61.09606016099997, 16.29162169500006], [-61.09881825599996, 16.293740263000075], [-61.09711084899993, 16.303226253000048], [-61.090080633999946, 16.311205975000064], [-61.08483668499997, 16.311900301000037], [-61.07991341799993, 16.312552166000046], [-61.075207786999954, 16.318347827000025], [-61.06027050199998, 16.322788702000025], [-61.02383463999996, 16.344015845000058], [-61.015464243999986, 16.34889234800005], [-61.009978083999954, 16.34934535700006], [-61.006622585999935, 16.345647933000066], [-61.002908986999955, 16.334533332000035], [-61.00873305699997, 16.329647781000062], [-61.02150672899995, 16.326109289000044], [-61.030964980999954, 16.31978442600007], [-61.04927755799997, 16.307538557000044], [-61.056935420999935, 16.305969859000072], [-61.073184234999985, 16.302641323000046]]], [[[-61.62130927299995, 15.858709308000073], [-61.61485708599997, 15.855645468000034], [-61.61698258599995, 15.852711481000028], [-61.62140013099997, 15.853447427000049], [-61.62938766499997, 15.844101662000071], [-61.632399978999956, 15.84057712300006], [-61.63278071899998, 15.840131640000038], [-61.63638286799994, 15.841750190000027], [-61.651371446999974, 15.848484989000042], [-61.64848027299996, 15.855230005000067], [-61.646351626999945, 15.860196065000025], [-61.64120320799998, 15.864582835000022], [-61.636226428999976, 15.868823359000032], [-61.63590256599997, 15.869099310000024], [-61.62462390699994, 15.866094281000073], [-61.62428657399994, 15.864016465000077], [-61.62360168599997, 15.859797866000065], [-61.62130927299995, 15.858709308000073]]], [[[-63.128813728999944, 18.069551621000073], [-63.12858888799997, 18.06949137600003], [-63.12745756299995, 18.069188240000074], [-63.122223273999964, 18.070640344000026], [-63.11664702999997, 18.072187314000075], [-63.11310754899995, 18.063269414000047], [-63.122223273999964, 18.065303535000055], [-63.12961865699998, 18.059838498000033], [-63.130280873999936, 18.05934913400006], [-63.13317986499999, 18.05395171200007], [-63.13826821499998, 18.052630932000056], [-63.13965119799997, 18.05588441900005], [-63.151187618999984, 18.06237517900007], [-63.14656013699994, 18.071427760000063], [-63.14117810199997, 18.07286461900003], [-63.128813728999944, 18.069551621000073]]], [[[-61.58156744499996, 15.857421689000034], [-61.59474417699994, 15.854185027000028], [-61.60289137199999, 15.85716304500005], [-61.577909412999986, 15.877654164000035], [-61.569793268999945, 15.876744881000036], [-61.57080233399995, 15.869228648000046], [-61.58156744499996, 15.857421689000034]]], [[[-61.105858556999976, 16.173820077000073], [-61.11454597199997, 16.165295977000028], [-61.11875078199995, 16.16544011600007], [-61.12532902999993, 16.165665619000038], [-61.13356685399998, 16.170246204000023], [-61.12195363999996, 16.17191800300003], [-61.10668359899995, 16.17411622900005], [-61.10536297699997, 16.174306341000033], [-61.105858556999976, 16.173820077000073]]], [[[-61.58960075999994, 16.353015388000074], [-61.57862655599996, 16.348303273000056], [-61.58551762299999, 16.34320335800004], [-61.598549005999985, 16.34452361800004], [-61.59887719699998, 16.34455686700005], [-61.59884345299997, 16.344587637000075], [-61.58960075999994, 16.353015388000074]]], [[[-62.97380804399995, 18.116978665000033], [-62.98950795199994, 18.113479080000047], [-62.98750172699994, 18.118940302000055], [-62.97973980099994, 18.123735031000024], [-62.97315687099996, 18.122415533000037], [-62.97380804399995, 18.116978665000033]]], [[[-61.59104291999995, 15.842692362000037], [-61.58399002099998, 15.834149582000066], [-61.58622303499993, 15.832264870000074], [-61.597444457999984, 15.835572714000023], [-61.59104291999995, 15.842692362000037]]], [[[-61.59321975299997, 15.877768451000065], [-61.58969232099997, 15.874800997000023], [-61.59372888099995, 15.872773534000032], [-61.599876251999945, 15.876149240000075], [-61.59321975299997, 15.877768451000065]]], [[[-63.09706142299996, 18.060993120000035], [-63.09286594799994, 18.05945458700006], [-63.097307753999985, 18.056281957000067], [-63.10262746199999, 18.058326235000038], [-63.09706142299996, 18.060993120000035]]], [[[-61.77912800099995, 16.369634216000065], [-61.77712067799996, 16.365283502000068], [-61.779041131999975, 16.36440408200002], [-61.78360460899995, 16.366930136000065], [-61.78172163499994, 16.369537342000058], [-61.77912800099995, 16.369634216000065]]], [[[-63.114777351999976, 18.07890544600002], [-63.11075831499994, 18.077836585000057], [-63.11309702099999, 18.07342125300005], [-63.117322212999966, 18.075247312000045], [-63.114777351999976, 18.07890544600002]]], [[[-61.54064382099995, 16.21781581700003], [-61.537954241999955, 16.21454916600004], [-61.54133948899994, 16.213178372000073], [-61.546370639999964, 16.216443647000062], [-61.54064382099995, 16.21781581700003]]], [[[-61.790306560999966, 16.170843121000075], [-61.78669211899995, 16.16917614700003], [-61.788333345999945, 16.165115186000037], [-61.79305507399994, 16.167198703000054], [-61.790306560999966, 16.170843121000075]]], [[[-63.016198481999936, 18.108923676000074], [-63.01114480699994, 18.10734517900005], [-63.014493577999986, 18.10376455900007], [-63.018120505999946, 18.104787818000034], [-63.016198481999936, 18.108923676000074]]]]}}, {"type": "Feature", "properties": {"NUTS_ID": "FRY20", "LEVL_CODE": 3, "CNTR_CODE": "FR", "NAME_LATN": "Martinique ", "NUTS_NAME": "Martinique ", "MOUNT_TYPE": null, "URBN_TYPE": 2, "COAST_TYPE": 1, "NAME_ENGL": "France", "NAME_FREN": "France", "ISO3_CODE": "FRA", "SVRG_UN": "UN Member State", "CAPT": "Paris", "EU_STAT": "T", "EFTA_STAT": "F", "CC_STAT": "F", "NAME_GERM": "Frankreich"}, "geometry": {"type": "MultiPolygon", "coordinates": [[[[-61.05727918599996, 14.834771836000073], [-61.05045012299996, 14.83331303500006], [-61.04438701199996, 14.835663717000045], [-61.043372072999944, 14.836057211000025], [-61.04228355199996, 14.834783929000025], [-61.039422884999965, 14.831437704000052], [-61.03286356899997, 14.83057487700006], [-61.03040264899994, 14.830251162000025], [-61.03048068099997, 14.828460440000072], [-61.030678060999946, 14.823930834000066], [-61.02206482299994, 14.820114959000023], [-61.018709598999976, 14.809436818000052], [-61.00767695299999, 14.808225725000057], [-61.00260872599995, 14.807669366000027], [-61.00355858499995, 14.80375723000003], [-61.004511012999956, 14.799834515000043], [-60.99774787499996, 14.789072502000067], [-60.98723847499997, 14.778908862000037], [-60.986285399999986, 14.778833820000045], [-60.98131936599998, 14.778442819000077], [-60.981612763999976, 14.773114981000049], [-60.97299745899994, 14.763052655000024], [-60.96744334299996, 14.759159562000036], [-60.96412984099999, 14.746865653000043], [-60.96225961099998, 14.739926639000032], [-60.95714869999995, 14.736434091000035], [-60.95000398099995, 14.748446198000067], [-60.945140984999966, 14.756622141000037], [-60.93045757799996, 14.762516680000033], [-60.92971819899998, 14.762272795000058], [-60.92004590999994, 14.759082377000027], [-60.895510944999955, 14.771490121000056], [-60.89142791699999, 14.775751455000034], [-60.887752673999955, 14.779587195000033], [-60.875462443999936, 14.773127516000045], [-60.87344122099995, 14.75891060500004], [-60.879588414999944, 14.759261821000052], [-60.881503547999955, 14.762318522000044], [-60.88371673499995, 14.765850943000032], [-60.89146727999997, 14.766103745000066], [-60.895907776999934, 14.761388694000061], [-60.89321563499993, 14.757572971000059], [-60.88920130199995, 14.751883229000043], [-60.89676360599998, 14.745565419000059], [-60.898051908999946, 14.744489128000055], [-60.897257201999935, 14.743894924000074], [-60.891869475999954, 14.739866512000049], [-60.895496830999946, 14.736251166000045], [-60.909288584999956, 14.735784573000046], [-60.91221338599996, 14.741967273000057], [-60.913414356999965, 14.74450599100004], [-60.92522693099994, 14.749944238000069], [-60.93767444499997, 14.748765010000056], [-60.943655038999964, 14.74116404700004], [-60.94141703899999, 14.734704049000072], [-60.94207627099996, 14.733284217000062], [-60.943908059999956, 14.72933897400003], [-60.94558110099996, 14.725735636000024], [-60.94369524299998, 14.723884528000042], [-60.936546429999964, 14.717312205000042], [-60.929871498999944, 14.717147713000031], [-60.92963043199995, 14.717141771000058], [-60.92950577999994, 14.71683007100006], [-60.92890023499996, 14.715315873000065], [-60.93251163299993, 14.712738176000073], [-60.933631323999975, 14.708949322000024], [-60.92962806699995, 14.707068715000048], [-60.92517774999993, 14.708160389000057], [-60.92213756799998, 14.710430512000073], [-60.91904711199999, 14.712738176000073], [-60.91806289599998, 14.715289548000044], [-60.91454705299998, 14.715595989000064], [-60.91450893099994, 14.712738176000073], [-60.91390965699998, 14.703284274000055], [-60.913909316999934, 14.703278913000076], [-60.913900886999954, 14.703276656000071], [-60.90425441999997, 14.700693473000058], [-60.90268845999998, 14.696192878000033], [-60.910542378999935, 14.689713879000067], [-60.91575507999994, 14.691003795000029], [-60.916342347999944, 14.691149118000055], [-60.927021079999975, 14.687957544000028], [-60.92788704199995, 14.683982971000034], [-60.928791486999955, 14.679831768000042], [-60.93259144899997, 14.681260508000037], [-60.93615277599997, 14.682599525000057], [-60.94249636699993, 14.669273373000067], [-60.927657533999934, 14.653372768000054], [-60.92120733899998, 14.655511753000042], [-60.916206338999984, 14.66100969200005], [-60.91292727199993, 14.664614593000067], [-60.91048623599994, 14.663544161000061], [-60.90786531699996, 14.662394848000076], [-60.90672943199996, 14.663899460000039], [-60.90562327599997, 14.665364693000072], [-60.90257516199995, 14.663449998000033], [-60.901653109999984, 14.662870804000022], [-60.90091911799993, 14.663270824000051], [-60.898281278999946, 14.664708431000065], [-60.89618520299996, 14.662758648000022], [-60.89310138299999, 14.659890060000066], [-60.89155034099997, 14.66225718800007], [-60.889625372999944, 14.665194989000042], [-60.88436054599998, 14.665502727000046], [-60.88564954799995, 14.654175189000057], [-60.89389097199995, 14.65007242400003], [-60.896508, 14.64927287100005], [-60.90275258099996, 14.647365034000075], [-60.898265563999985, 14.641451958000061], [-60.893723370999965, 14.635466172000065], [-60.894814709999935, 14.628593822000028], [-60.895799798999974, 14.62239054500003], [-60.883373767999956, 14.619870525000067], [-60.87470038999999, 14.618111550000037], [-60.87604866399994, 14.614732847000028], [-60.87688526599999, 14.61263636800004], [-60.870393656999966, 14.60422322100004], [-60.86998977099995, 14.594530337000037], [-60.86616264199995, 14.591348977000052], [-60.861268895999956, 14.591272605000029], [-60.85276392999998, 14.591139878000035], [-60.85005411499998, 14.585350901000027], [-60.85025769799995, 14.573794294000038], [-60.850316507999935, 14.570455856000024], [-60.84075390299995, 14.562201045000052], [-60.83574126499997, 14.563200825000024], [-60.831474630999935, 14.56405181200006], [-60.833976924999945, 14.556162784000037], [-60.83595081899995, 14.549939651000045], [-60.833447665999984, 14.546445781000045], [-60.83035649699997, 14.542131164000068], [-60.83050851699994, 14.534933374000047], [-60.82610975399996, 14.527584857000022], [-60.83209971499997, 14.521697886000027], [-60.83354950599994, 14.520273024000062], [-60.83512587499996, 14.514492959000052], [-60.83022384299994, 14.513001796000026], [-60.824911748999966, 14.511385895000046], [-60.82413447099998, 14.503194734000033], [-60.823681670999974, 14.498423015000071], [-60.82094142599993, 14.493655637000074], [-60.817899154999964, 14.493152630000054], [-60.815458769999964, 14.492749138000022], [-60.81463338599997, 14.487893041000063], [-60.81430679999994, 14.485971591000066], [-60.813389961999974, 14.484451337000053], [-60.810798114999955, 14.480153662000077], [-60.815458769999964, 14.47283247100006], [-60.81646672599999, 14.473289009000041], [-60.82088680299995, 14.47529101200007], [-60.823491883999964, 14.471475403000056], [-60.818747635999955, 14.468451550000054], [-60.81818447899997, 14.46705709400004], [-60.81561759199997, 14.460701112000038], [-60.82154355499995, 14.453807169000072], [-60.825486498999965, 14.438978345000066], [-60.82606743499997, 14.438458167000022], [-60.83272733299998, 14.432494800000029], [-60.83522461899997, 14.424927245000049], [-60.83533971199995, 14.424578480000037], [-60.83552957999996, 14.424574606000022], [-60.84644191199993, 14.42435202400003], [-60.842290875999936, 14.416756225000029], [-60.83992395299998, 14.412425097000039], [-60.847711122999954, 14.410488557000065], [-60.84876004499995, 14.410227708000036], [-60.85286181099997, 14.404532592000066], [-60.85750065099995, 14.398091774000022], [-60.868914003999976, 14.395659795000029], [-60.88357603099996, 14.405229718000044], [-60.891298064999944, 14.420763802000067], [-60.88558974399996, 14.429874828000038], [-60.881353599999954, 14.43663611900007], [-60.88195726799995, 14.442334454000047], [-60.88263603399997, 14.448741684000026], [-60.87830018599993, 14.44878576700006], [-60.87666464199998, 14.44880239500003], [-60.87371979799997, 14.453017954000074], [-60.87236589199995, 14.454956078000066], [-60.87144017099996, 14.455124285000068], [-60.866348666999954, 14.456049428000028], [-60.86446463899995, 14.46461225400003], [-60.865782353999975, 14.469484407000039], [-60.87608639599995, 14.470423422000067], [-60.890353912999956, 14.456374112000049], [-60.89794385299996, 14.448900251000055], [-60.90717792099997, 14.457292610000025], [-60.911175714999956, 14.461048301000062], [-60.91089514299995, 14.464277121000066], [-60.910484880999945, 14.46899840900005], [-60.921770943999945, 14.46607881400007], [-60.933250543999975, 14.463109151000026], [-60.942633100999956, 14.464844124000024], [-60.94391482299994, 14.46508113300007], [-60.95714869999995, 14.46752827000006], [-60.965451093999945, 14.472404942000026], [-60.97538166299995, 14.469107146000056], [-60.977173671999935, 14.476295035000021], [-60.97772725699997, 14.47692507100004], [-60.982521050999935, 14.482380895000063], [-60.98438044599993, 14.476681935000045], [-60.985352175999935, 14.473703630000045], [-60.98696511899993, 14.474959388000059], [-60.990852331999974, 14.47798578100003], [-60.99129035899995, 14.47207684600005], [-60.991642980999984, 14.467320008000058], [-60.99864302499998, 14.46940052900004], [-61.00028372099996, 14.471925319000036], [-61.00411823099995, 14.477826065000045], [-61.00887273099994, 14.473719953000057], [-61.00954126899995, 14.473142585000062], [-61.01102173999993, 14.474168978000023], [-61.019496498999956, 14.480044430000078], [-61.03321470199995, 14.476718052000024], [-61.04306243999997, 14.471411776000025], [-61.04589575799997, 14.464883998000062], [-61.04792336899993, 14.460212517000059], [-61.05330232999995, 14.45579092500003], [-61.061378625999964, 14.455401399000039], [-61.06750628799995, 14.463798052000072], [-61.07017165299993, 14.467450364000058], [-61.07465811499998, 14.468595750000077], [-61.08097418999995, 14.47020823500003], [-61.080750869999974, 14.475834528000064], [-61.08023556399996, 14.488817063000056], [-61.089187040999946, 14.49346375500005], [-61.09019504099996, 14.493987007000044], [-61.08969295199995, 14.494520967000028], [-61.08493846199997, 14.499577265000028], [-61.085524411999984, 14.504272445000026], [-61.09578635499997, 14.507254469000031], [-61.10023815899996, 14.508548121000047], [-61.09905405999996, 14.511385895000046], [-61.09380515399994, 14.523965256000054], [-61.08974741199995, 14.52661435400006], [-61.08833269499996, 14.527537952000046], [-61.08801716199997, 14.530040029000077], [-61.087590870999975, 14.533420386000046], [-61.077942048999944, 14.541070715000046], [-61.07372743899998, 14.540929428000027], [-61.07360378799996, 14.540936656000042], [-61.06603026999994, 14.541379427000038], [-61.06276420699999, 14.54726671900005], [-61.061485404999985, 14.549571846000049], [-61.05492426699993, 14.552233683000054], [-61.05260628599996, 14.556629560000033], [-61.05036100399997, 14.553020754000045], [-61.04956151399995, 14.55173574500003], [-61.048407442999974, 14.55211924300005], [-61.038316591999944, 14.555472423000026], [-61.03780937099998, 14.55043815700003], [-61.04050296699995, 14.548471556000038], [-61.042435961999956, 14.547060272000067], [-61.041339490999974, 14.543317579000075], [-61.03212758199999, 14.541191192000042], [-61.03128148099995, 14.537708785000063], [-61.02729027899994, 14.536206849000052], [-61.02058648999997, 14.539280683000072], [-61.02032076699999, 14.539402523000035], [-61.01948356699995, 14.538771716000042], [-61.01477425799993, 14.535223384000062], [-61.012095183999975, 14.537915504000068], [-61.00920094199995, 14.54082383900004], [-61.00673460199994, 14.54100336700003], [-61.00275597899997, 14.541292976000022], [-60.99510150899994, 14.546543924000048], [-60.99480851599998, 14.550670710000077], [-60.989309369999944, 14.54896462000005], [-60.996842120999986, 14.560106873000052], [-61.00040178599994, 14.559917728000073], [-61.000628861999985, 14.559905663000052], [-61.010528499999964, 14.561727800000028], [-61.01313981799996, 14.570846935000077], [-61.01181286999997, 14.574221099000056], [-61.01057171999997, 14.577377095000031], [-61.01779713299999, 14.581722150000076], [-61.02363655299996, 14.585233729000038], [-61.02314347499998, 14.590990549000026], [-61.02169182799997, 14.592250045000071], [-61.01702125199995, 14.596302388000026], [-61.02149471699994, 14.604455612000038], [-61.020069614999954, 14.611092539000026], [-61.02425570799994, 14.611926152000024], [-61.03655757699994, 14.60574138100003], [-61.03981006599997, 14.604307861000052], [-61.03883573999997, 14.599006318000022], [-61.03799825999994, 14.594449390000023], [-61.045703397999944, 14.596726190000027], [-61.050578961999975, 14.598166878000029], [-61.052309958999956, 14.597470342000065], [-61.05826877299995, 14.595072573000039], [-61.059313987999985, 14.598259262000056], [-61.06051329199994, 14.601915741000028], [-61.081229949999965, 14.600727835000043], [-61.09078329999994, 14.600180038000076], [-61.09638080999997, 14.607360354000036], [-61.10476204399998, 14.618111550000037], [-61.106871216999934, 14.62081713300006], [-61.117537839999954, 14.62758791500005], [-61.12490107899998, 14.63008824800005], [-61.13587965199997, 14.633816238000065], [-61.14029948599995, 14.642359286000044], [-61.14082288499998, 14.643370959000038], [-61.14333681099998, 14.644779741000036], [-61.15086787599995, 14.649000084000022], [-61.15212040899996, 14.651779418000046], [-61.15397641299995, 14.655897837000055], [-61.15727462799998, 14.660577955000065], [-61.167651675999934, 14.675302826000063], [-61.18435351399995, 14.707718303000036], [-61.18134274499994, 14.722472096000047], [-61.181054512999935, 14.723884528000042], [-61.17927845799994, 14.732587796000075], [-61.17674801499999, 14.742309189000025], [-61.17942039099995, 14.749354012000026], [-61.19591400799993, 14.764965467000025], [-61.19821372699994, 14.767142185000068], [-61.19871185599993, 14.76796759900003], [-61.20549573999995, 14.779208690000075], [-61.21049890699999, 14.780615279000074], [-61.21408813399995, 14.781624351000062], [-61.21869558499998, 14.789410434000047], [-61.21885564199994, 14.78968091400003], [-61.22634296799998, 14.802333669000063], [-61.228915590999975, 14.82062671500006], [-61.229041508999956, 14.821522076000065], [-61.22835233799998, 14.823072351000064], [-61.218458779999935, 14.84532768300005], [-61.20404588799994, 14.86191040500006], [-61.17979149499996, 14.874254518000043], [-61.166470998999955, 14.877106768000033], [-61.14829534399996, 14.878258721000066], [-61.12548193699996, 14.873506773000031], [-61.09909817799996, 14.863083982000035], [-61.09180064599997, 14.855494833000023], [-61.09162834199998, 14.855315645000076], [-61.090620495999985, 14.85500122700006], [-61.084604748999936, 14.853124496000078], [-61.08290413799995, 14.851773800000046], [-61.076446389999944, 14.846644791000074], [-61.06509032099996, 14.842821901000036], [-61.05727918599996, 14.834771836000073]]], [[[-60.86486222099995, 14.391088695000064], [-60.86734577499993, 14.387875544000053], [-60.87178284399994, 14.390248471000064], [-60.86794517499993, 14.393632958000069], [-60.86486222099995, 14.391088695000064]]], [[[-60.824079462999975, 14.43131949800005], [-60.827239246999966, 14.427827627000056], [-60.83075748199997, 14.430092792000039], [-60.83158834899996, 14.43062773400004], [-60.829001235999954, 14.432123615000023], [-60.82711857099997, 14.433212181000044], [-60.824079462999975, 14.43131949800005]]], [[[-61.036283552999976, 14.442938555000069], [-61.038397256999986, 14.440396604000057], [-61.043544570999984, 14.443103462000067], [-61.03930827099998, 14.445974162000027], [-61.036283552999976, 14.442938555000069]]], [[[-61.01472910799998, 14.549853555000027], [-61.01809748599999, 14.546421169000041], [-61.023640452999985, 14.547716011000034], [-61.020137664999936, 14.55045956500004], [-61.01472910799998, 14.549853555000027]]], [[[-60.83308964799994, 14.570810978000054], [-60.83430163299994, 14.566492371000038], [-60.84003422999996, 14.566775773000074], [-60.83605357399995, 14.57128446300004], [-60.83308964799994, 14.570810978000054]]], [[[-60.850773679999975, 14.610435003000077], [-60.85313441599993, 14.609281624000062], [-60.85764275199995, 14.612155917000052], [-60.85236025399996, 14.614961612000059], [-60.850773679999975, 14.610435003000077]]], [[[-60.85805324399996, 14.620017646000065], [-60.86084119499998, 14.617032237000046], [-60.86622952199997, 14.618689806000077], [-60.86119308499997, 14.62190991600005], [-60.85805324399996, 14.620017646000065]]], [[[-60.84524761499995, 14.625266469000053], [-60.84881782499997, 14.623288527000057], [-60.85672899699995, 14.625050767000062], [-60.85273115799998, 14.63040582900004], [-60.84524761499995, 14.625266469000053]]], [[[-60.88671250699997, 14.635015864000025], [-60.88545541899998, 14.629232179000041], [-60.88799284899994, 14.629355651000026], [-60.891543652999985, 14.633830812000042], [-60.88671250699997, 14.635015864000025]]], [[[-60.882347023999955, 14.693272145000037], [-60.88870011399996, 14.690031825000062], [-60.89663778999994, 14.694222167000078], [-60.88719160699998, 14.697206140000048], [-60.882347023999955, 14.693272145000037]]]]}}, {"type": "Feature", "properties": {"NUTS_ID": "FRY30", "LEVL_CODE": 3, "CNTR_CODE": "FR", "NAME_LATN": "Guyane", "NUTS_NAME": "Guyane", "MOUNT_TYPE": null, "URBN_TYPE": 2, "COAST_TYPE": 1, "NAME_ENGL": "France", "NAME_FREN": "France", "ISO3_CODE": "FRA", "SVRG_UN": "UN Member State", "CAPT": "Paris", "EU_STAT": "T", "EFTA_STAT": "F", "CC_STAT": "F", "NAME_GERM": "Frankreich"}, "geometry": {"type": "MultiPolygon", "coordinates": [[[[-53.93583972499994, 5.746563638000055], [-53.90636123199994, 5.736955937000062], [-53.894482074999985, 5.733084254000062], [-53.87327504799998, 5.732729155000072], [-53.837730259999944, 5.732133979000025], [-53.82092581599994, 5.729089990000034], [-53.78942742399994, 5.719533698000021], [-53.73995173399993, 5.691496744000062], [-53.72451511799994, 5.687151950000043], [-53.69647944999997, 5.667744715000026], [-53.63027947099994, 5.632809205000058], [-53.606043375999946, 5.616946671000051], [-53.59575299599993, 5.610211612000057], [-53.58884168399993, 5.609249326000054], [-53.57579621899998, 5.60743295900005], [-53.55490701499997, 5.598236475000022], [-53.53442158599995, 5.589217753000071], [-53.51241777399997, 5.57953056100007], [-53.46935880899997, 5.56524586300003], [-53.457874017999984, 5.567382502000044], [-53.45411426399994, 5.568081970000037], [-53.403451847999975, 5.563332352000032], [-53.393963708999934, 5.560709559000031], [-53.31805719099998, 5.539726825000059], [-53.29861066299998, 5.54043886900007], [-53.27874298199998, 5.541166334000025], [-53.27797302099998, 5.540723196000044], [-53.25856314599997, 5.529552188000025], [-53.25906861499993, 5.53325404900005], [-53.26850269999994, 5.54140170900007], [-53.28361596599996, 5.546702094000068], [-53.29611298499998, 5.551084932000037], [-53.29279026399996, 5.557794859000069], [-53.277269323999974, 5.560797599000068], [-53.27087289499997, 5.55648747400005], [-53.258709246999956, 5.548291207000034], [-53.187071181999954, 5.526945807000061], [-53.16991691599998, 5.521834492000039], [-53.13083440699995, 5.507379661000073], [-53.123739142999966, 5.500372809000055], [-53.11723107399996, 5.493945835000034], [-53.07254858299996, 5.468258117000062], [-53.062459600999944, 5.466125952000027], [-53.01700228499993, 5.456519186000037], [-53.00627582399994, 5.444436093000036], [-52.99608920899993, 5.432961121000062], [-52.99277926499997, 5.43618458800006], [-52.998715319999974, 5.447102808000068], [-53.002536361999944, 5.454130873000054], [-52.998729193999964, 5.458834978000027], [-52.981731983999964, 5.453850914000043], [-52.98147491799995, 5.453775535000034], [-52.98139614499996, 5.453787988000045], [-52.96969666799998, 5.455637546000048], [-52.95973694299994, 5.450346392000029], [-52.95452548399999, 5.455133838000052], [-52.943035675999965, 5.451254412000026], [-52.93937277099997, 5.445914099000049], [-52.93876435699997, 5.445027064000044], [-52.93412552199993, 5.443302924000022], [-52.92969710699998, 5.441656992000048], [-52.92664641799996, 5.436789674000067], [-52.922019542999976, 5.429407582000067], [-52.894728301999976, 5.408993477000024], [-52.87461714699998, 5.393950142000051], [-52.87264931999994, 5.389765781000051], [-52.86967058299996, 5.383431838000035], [-52.86531443399997, 5.383378127000071], [-52.86410334799996, 5.383363194000026], [-52.85528744299995, 5.376955340000052], [-52.84771511399998, 5.362401760000068], [-52.84717637999995, 5.361366346000068], [-52.84585272299995, 5.359763175000069], [-52.83323057499996, 5.344475647000024], [-52.83265329999995, 5.341062592000071], [-52.83128427199995, 5.332968403000052], [-52.82032541499996, 5.327828708000027], [-52.81301588599996, 5.32440054500006], [-52.788504958999965, 5.307154302000072], [-52.78535247099995, 5.302130850000026], [-52.77454753799998, 5.284913323000069], [-52.72417035799998, 5.238062498000033], [-52.70266272699996, 5.223721823000062], [-52.66617882999998, 5.199395400000071], [-52.63810109399998, 5.167091682000034], [-52.62797145199994, 5.160946214000035], [-52.62982514899994, 5.15239301500003], [-52.630637553999975, 5.148644475000026], [-52.613481424999975, 5.138680786000066], [-52.60704472499998, 5.134942571000067], [-52.60294675299997, 5.131279287000041], [-52.58287020599994, 5.113332335000052], [-52.57575387899993, 5.106970863000072], [-52.56698652799997, 5.10601418400006], [-52.56487200299995, 5.105783452000026], [-52.55800079699998, 5.10629758500005], [-52.556386551999935, 5.100122149000072], [-52.549040796999975, 5.097652683000035], [-52.552019530999985, 5.095498602000021], [-52.55384247699993, 5.094180333000054], [-52.55134515499998, 5.088448669000059], [-52.54257767399997, 5.088864898000054], [-52.54036637499996, 5.088969879000047], [-52.52167670699998, 5.075158553000051], [-52.50990854299994, 5.063167726000074], [-52.45789875899993, 5.010173871000063], [-52.44367939899996, 4.998770181000054], [-52.427072231999944, 4.98545150800004], [-52.417162116999975, 4.98047876000004], [-52.412997435999955, 4.972267827000053], [-52.401385035999965, 4.963019694000025], [-52.39190888799993, 4.948431408000033], [-52.38934243199998, 4.944480415000044], [-52.375371435999966, 4.929718067000067], [-52.358261538999955, 4.919103828000061], [-52.34626952799994, 4.924674152000023], [-52.335479507999935, 4.931220815000074], [-52.33716252499994, 4.936418615000036], [-52.337826044999986, 4.93846781700006], [-52.335298153999986, 4.942635342000074], [-52.31865695699997, 4.944709080000052], [-52.30806327299996, 4.951021645000026], [-52.30135937799997, 4.950318880000054], [-52.29277713999994, 4.940708301000029], [-52.285153708999985, 4.941255861000059], [-52.28014610199995, 4.93140627300005], [-52.25883099599997, 4.912392497000042], [-52.25822889899996, 4.909918067000035], [-52.26031994599998, 4.908400708000045], [-52.263053351999986, 4.906417224000052], [-52.26219222599997, 4.899599711000064], [-52.24692373499994, 4.887019433000034], [-52.24363631199998, 4.878375342000027], [-52.23606050899997, 4.869889682000064], [-52.228167085999985, 4.859820713000033], [-52.21827649699998, 4.859162049000076], [-52.21291125499994, 4.858804751000037], [-52.20600155899996, 4.855628230000036], [-52.19652353899994, 4.840213799000026], [-52.19463448799996, 4.837141570000028], [-52.192770646999975, 4.835634476000052], [-52.188663747999954, 4.832313653000028], [-52.187905916999966, 4.829698475000043], [-52.18575837499998, 4.822287581000069], [-52.18172344399994, 4.822154548000071], [-52.17538882799994, 4.821945694000021], [-52.166131879999966, 4.812121472000058], [-52.159798326999976, 4.807961051000063], [-52.15439942599994, 4.800727936000044], [-52.14854750799998, 4.79288789800006], [-52.14110471099997, 4.790619650000053], [-52.13946188899996, 4.793058084000052], [-52.137332716999936, 4.796218405000047], [-52.11128215699995, 4.784888032000026], [-52.108963496999934, 4.781469872000059], [-52.10274258099997, 4.772299022000027], [-52.09249326199995, 4.769127329000071], [-52.08842711699998, 4.767869043000076], [-52.08153237799996, 4.760913410000057], [-52.07405609999995, 4.753371100000038], [-52.06137721799996, 4.745809440000073], [-52.061026083999934, 4.745600024000055], [-52.034139452999966, 4.729564889000073], [-52.02573260799994, 4.719097912000052], [-52.02467877699996, 4.71778583400004], [-52.02400118899993, 4.717800412000031], [-52.01824152199998, 4.717924329000027], [-52.00773629399998, 4.705611748000024], [-52.003770143999986, 4.70096324900004], [-51.98561644899996, 4.694345459000033], [-51.917808538999964, 4.669626605000076], [-51.91235028799997, 4.67217329500005], [-51.902199559999985, 4.676909382000076], [-51.863612246999935, 4.671464160000028], [-51.83605879199996, 4.654085882000061], [-51.83019906599998, 4.646140614000046], [-51.822245247999945, 4.635355946000061], [-51.819734593999954, 4.634734082000023], [-51.81209525299994, 4.632841893000034], [-51.811827059999985, 4.627431027000057], [-51.800314568999966, 4.615566922000028], [-51.79346791599994, 4.600201704000028], [-51.78507338899993, 4.575625006000053], [-51.78221064199994, 4.545686644000057], [-51.77508880399995, 4.519499223000025], [-51.77302169999996, 4.499140023000052], [-51.77471676699997, 4.492153317000032], [-51.77567248599996, 4.488214043000028], [-51.768156965999935, 4.468198492000056], [-51.754881627999964, 4.45460197400007], [-51.747566475999975, 4.447109840000053], [-51.74782207699997, 4.440157953000039], [-51.75053191899997, 4.437282069000048], [-51.75257811399996, 4.43511049600005], [-51.75416842499993, 4.424391925000066], [-51.752247086999944, 4.419317314000068], [-51.74435161799994, 4.415231715000061], [-51.73835796299994, 4.406133551000039], [-51.71140416099996, 4.388725388000069], [-51.70366790299994, 4.390001339000037], [-51.70275180799996, 4.391034875000059], [-51.698711221999986, 4.395593458000064], [-51.69185683899997, 4.393510081000045], [-51.69352275699998, 4.383660501000065], [-51.70239679499997, 4.379008210000052], [-51.706150192999985, 4.377040459000057], [-51.71806131699998, 4.356666641000061], [-51.71652696099994, 4.331342499000073], [-51.70217550799998, 4.295633815000031], [-51.694399706999945, 4.286085721000063], [-51.67931275799998, 4.267560093000043], [-51.679334360999974, 4.262113033000048], [-51.67934024699997, 4.260628882000049], [-51.675690215999964, 4.253917530000024], [-51.67284300899996, 4.251783687000056], [-51.660897741999975, 4.24283129500003], [-51.65793244499997, 4.233909535000066], [-51.65905613899997, 4.229845369000031], [-51.659809215999985, 4.227121644000022], [-51.65200188199998, 4.223808274000021], [-51.651409763999936, 4.223556984000027], [-51.65014540799996, 4.222278019000044], [-51.640777654999965, 4.212802028000056], [-51.63452349999994, 4.201525518000039], [-51.624285638999936, 4.200962319000041], [-51.62243581299998, 4.198664870000073], [-51.62581815899995, 4.194171906000065], [-51.63002097499998, 4.188589065000031], [-51.63494188799996, 4.175776860000042], [-51.637014603999944, 4.144561790000068], [-51.63779362199995, 4.132829786000059], [-51.64806109199998, 4.078192017000049], [-51.65663347299994, 4.05354563800006], [-51.67612999499994, 4.036195805000034], [-51.711244120999936, 4.018574579000074], [-51.745941322999954, 4.00116257600007], [-51.77586793399996, 3.975989573000049], [-51.78212931899998, 3.964064869000026], [-51.78133232299996, 3.932799684000031], [-51.781218543999955, 3.928336287000036], [-51.78448229099996, 3.916302047000045], [-51.799178893999965, 3.886689002000026], [-51.80485589799997, 3.882179422000036], [-51.82073504599998, 3.869565673000068], [-51.82390914599995, 3.860875145000023], [-51.82520434299994, 3.857328959000029], [-51.83180638699997, 3.852044890000059], [-51.85560977199998, 3.832993412000064], [-51.86951089599995, 3.809885817000065], [-51.87236413699998, 3.805142925000041], [-51.88300672399998, 3.801791966000053], [-51.88700201499995, 3.795343820000028], [-51.89757397599993, 3.797824671000058], [-51.90330609999995, 3.799169790000064], [-51.90411095999997, 3.794855885000061], [-51.900267078999946, 3.792016079000064], [-51.89776189599996, 3.790165283000022], [-51.89716391099995, 3.785259637000024], [-51.90719215099995, 3.780559401000062], [-51.91291275899994, 3.780212188000064], [-51.92002627299996, 3.779780432000052], [-51.92585824399998, 3.767820104000066], [-51.92050187299998, 3.754672486000061], [-51.91685736599993, 3.745726767000065], [-51.92122178699998, 3.725849332000053], [-51.93624201199998, 3.720145351000042], [-51.94568709699996, 3.720966983000039], [-51.95293348599995, 3.721597348000046], [-51.956628669999986, 3.715905165000038], [-51.95780502799994, 3.714093064000053], [-51.96096090999998, 3.712179840000033], [-51.97187846199995, 3.705561174000024], [-51.97664604299996, 3.690381372000047], [-51.97915728299995, 3.682385676000024], [-51.98618532499995, 3.672551], [-51.98756130399994, 3.653370430000052], [-51.99278255799993, 3.644585126000038], [-51.99041788999995, 3.631533096000055], [-51.98949405399998, 3.626433888000065], [-51.996460267999964, 3.618657584000061], [-52.01998607599995, 3.59239599600005], [-52.04029996799994, 3.556511848000071], [-52.043803975999936, 3.550322075000054], [-52.05986286799998, 3.521704933000024], [-52.068214239999975, 3.516941480000071], [-52.07218908899995, 3.514674307000064], [-52.07267173399998, 3.509884774000056], [-52.073523386999966, 3.501433388000066], [-52.083018928999934, 3.491655556000069], [-52.08832506299996, 3.486191679000058], [-52.091189450999934, 3.477261102000057], [-52.09587666199997, 3.462647337000021], [-52.10408859499995, 3.454535978000024], [-52.10851391999995, 3.450164850000021], [-52.11328284199993, 3.438337970000021], [-52.11497656999995, 3.434137541000041], [-52.16110088499994, 3.353669705000073], [-52.16189012299998, 3.352703872000063], [-52.17166611799996, 3.340740463000031], [-52.17615243399996, 3.329249520000076], [-52.187284449999936, 3.317753001000028], [-52.19132165399998, 3.307847931000026], [-52.19154977799997, 3.300450840000053], [-52.19163949199998, 3.297541806000027], [-52.19640297299998, 3.29298473800003], [-52.20358112399998, 3.28611763300006], [-52.21748827099998, 3.264961608000021], [-52.23087429299994, 3.244598335000035], [-52.242211881999935, 3.23811973200003], [-52.24798514299994, 3.246922955000059], [-52.249509530999944, 3.249247383000068], [-52.26015479599994, 3.251145672000064], [-52.27123888799997, 3.239903945000037], [-52.27311761799996, 3.237998496000046], [-52.27914148999997, 3.233751202000064], [-52.29199179799997, 3.224690745000032], [-52.30215087899995, 3.198905375000038], [-52.30203935199995, 3.19576050400002], [-52.30165998799998, 3.18506306200004], [-52.301625187999946, 3.184081770000034], [-52.30132549499996, 3.175630922000039], [-52.31079053299993, 3.17351899800002], [-52.31701148399998, 3.172130924000044], [-52.33003105999995, 3.169225879000066], [-52.33922923999995, 3.146076459000028], [-52.33713367399997, 3.142453689000035], [-52.33645490299995, 3.14128024300004], [-52.33387765799995, 3.136824755000021], [-52.33938480099994, 3.135975913000038], [-52.347819363999974, 3.134675855000069], [-52.351420419999954, 3.12788196200006], [-52.34936621199995, 3.122851099000059], [-52.34578666599998, 3.12135263600004], [-52.34037176099997, 3.119085857000073], [-52.34274221199996, 3.112809528000071], [-52.344952114999955, 3.106958286000065], [-52.34490145099994, 3.09877904700005], [-52.333435262999956, 3.086693105000052], [-52.32867668899996, 3.081677328000069], [-52.327278956999976, 3.07516376500007], [-52.34852705999998, 3.032728403000021], [-52.352377504999936, 3.025038539000036], [-52.362048018999985, 3.01479891300005], [-52.368633692999936, 2.990159779000066], [-52.37469620699994, 2.967477955000049], [-52.38252616899996, 2.95270924700003], [-52.388562142999945, 2.947968392000064], [-52.39180794199996, 2.945419034000054], [-52.39314695799993, 2.92660948300005], [-52.38719433299997, 2.918932849000043], [-52.384805814999936, 2.919071286000076], [-52.37887050699993, 2.919415292000053], [-52.37884386899998, 2.915129743000023], [-52.39092837099997, 2.899051348000057], [-52.40000743899998, 2.897421743000052], [-52.40294104499998, 2.898168119000047], [-52.40582176699996, 2.898901041000045], [-52.42167954499996, 2.889947993000021], [-52.47252095799996, 2.794934631000046], [-52.47736448099994, 2.780808764000028], [-52.476938605999976, 2.772468530000026], [-52.47658232799995, 2.765491265000037], [-52.479336365999984, 2.761807496000074], [-52.48145200099998, 2.758977645000073], [-52.481891350999945, 2.750447397000073], [-52.48207291799997, 2.746922162000033], [-52.490417193999974, 2.731054004000043], [-52.49107996099997, 2.730322084000022], [-52.49917655399997, 2.721380684000053], [-52.508734481999966, 2.696919234000063], [-52.51884265199993, 2.684464534000028], [-52.52666015099993, 2.661894945000029], [-52.52937341599994, 2.654061587000058], [-52.53739292199998, 2.652812607000044], [-52.545147922999945, 2.651604822000024], [-52.55393038099999, 2.640886447000071], [-52.552828846999944, 2.634387544000049], [-52.544987935999984, 2.626608175000058], [-52.54342174899995, 2.625054281000075], [-52.54389621299998, 2.623509133000027], [-52.54775653799993, 2.610937524000065], [-52.53629599299995, 2.601934625000069], [-52.533225733999984, 2.599522765000074], [-52.52845971499994, 2.58374778700005], [-52.537734874999956, 2.561276867000061], [-52.54294442099996, 2.56094364300003], [-52.55037182099994, 2.560468555000057], [-52.55941685899995, 2.550628310000036], [-52.55592056599994, 2.53596877800004], [-52.555480398999975, 2.53543376600004], [-52.55114239799997, 2.530161043000021], [-52.55326765099994, 2.521405531000028], [-52.55824968199994, 2.518901626000059], [-52.56570951799995, 2.515152409000052], [-52.57965290699997, 2.501198005000049], [-52.591016853999975, 2.484169533000056], [-52.59546042299996, 2.477511001000039], [-52.60514379099993, 2.475511770000026], [-52.61898727799996, 2.472653639000043], [-52.62055185299994, 2.463193960000069], [-52.616820453999935, 2.459565156000053], [-52.61276549299998, 2.455621687000075], [-52.61237357299996, 2.451511614000026], [-52.61931282299997, 2.445524317000036], [-52.625608839999984, 2.444804976000057], [-52.63569084899996, 2.443653071000028], [-52.64371100499994, 2.434374569000056], [-52.64424997799995, 2.428077451000036], [-52.644887995999966, 2.420623130000024], [-52.64974214199998, 2.413287264000076], [-52.656290644999956, 2.403390786000045], [-52.65567952299995, 2.397298122000052], [-52.65520794799994, 2.39259670000007], [-52.66249183799994, 2.374083681000059], [-52.673200967999946, 2.370556170000043], [-52.70803339099996, 2.35908261700007], [-52.71658720999994, 2.351801866000073], [-52.71856847099997, 2.347514480000029], [-52.72091634599997, 2.342433751000044], [-52.74110200999996, 2.335119010000028], [-52.77377188899993, 2.316206516000022], [-52.778912771999956, 2.316866228000038], [-52.77903996699996, 2.316882550000059], [-52.77916649399998, 2.316737365000051], [-52.784943683999984, 2.310108228000047], [-52.80228200099998, 2.300702920000049], [-52.82014963399996, 2.295922448000056], [-52.83972190099996, 2.290685902000064], [-52.840561874999935, 2.28555528000004], [-52.84121868099999, 2.281543460000023], [-52.84987800499994, 2.280823713000075], [-52.856314329999975, 2.280288737000035], [-52.85518914499994, 2.27490954600006], [-52.853441188999966, 2.266553065000039], [-52.85920514299994, 2.261848815000064], [-52.86394120999995, 2.260524689000022], [-52.870812813999976, 2.258603502000028], [-52.87826324599996, 2.239638076000062], [-52.886127287999955, 2.236152710000056], [-52.88735745799994, 2.22203784200002], [-52.88752502299997, 2.220115216000067], [-52.897196916999974, 2.203440771000032], [-52.905125228999964, 2.189772280000057], [-52.922404865999965, 2.191606141000022], [-52.934158466999975, 2.192853534000051], [-52.937918277999984, 2.189727990000051], [-52.93957963099996, 2.184792817000073], [-52.94120828499996, 2.179954778000024], [-52.98409766999998, 2.168564611000022], [-52.989729187999956, 2.172030705000054], [-52.99813091699997, 2.177201811000032], [-53.01228771899997, 2.179170116000023], [-53.01404917399998, 2.179415022000057], [-53.05236714499995, 2.191115216000071], [-53.06314359299995, 2.203440771000032], [-53.06499935499994, 2.205563299000062], [-53.07891838099994, 2.221483178000028], [-53.111550147999935, 2.224546880000048], [-53.133711253999934, 2.224326255000051], [-53.14442273599997, 2.219496925000044], [-53.15730887799998, 2.220286827000052], [-53.166169097999955, 2.21735927800006], [-53.18280804799997, 2.211861522000049], [-53.20441553999996, 2.211165082000036], [-53.21550260299995, 2.205134713000064], [-53.21861697799994, 2.203440771000032], [-53.22052460699996, 2.202403193000066], [-53.223492154999974, 2.203440771000032], [-53.23140707599998, 2.206208161000063], [-53.24330156299993, 2.210366974000067], [-53.249017520999985, 2.204561502000047], [-53.250120969999955, 2.203440771000032], [-53.26213355699997, 2.191240065000045], [-53.27723606099994, 2.193691732000048], [-53.28168984399997, 2.190539812000054], [-53.28154924199998, 2.196661730000073], [-53.27730631099996, 2.202009014000055], [-53.27617024799997, 2.203440771000032], [-53.27582932299998, 2.208507311000062], [-53.27515336899995, 2.218552752000051], [-53.27098376899994, 2.219609473000048], [-53.263613, 2.221477481000022], [-53.259394896999936, 2.226118883000026], [-53.25886431299995, 2.233316503000026], [-53.25795077699996, 2.245709061000071], [-53.24816456899998, 2.245417850000024], [-53.24610128399996, 2.245356452000067], [-53.23002565199994, 2.255634942000029], [-53.22814033399993, 2.26172357400003], [-53.23458930399994, 2.268072804000042], [-53.24326514999996, 2.269722522000052], [-53.25548474799996, 2.272046087000035], [-53.260268562999954, 2.281868597000027], [-53.26203558299994, 2.285496783000042], [-53.27971798699997, 2.30156848200005], [-53.298279426999954, 2.309020958000076], [-53.30328412299997, 2.311030359000029], [-53.313465331999964, 2.324198394000064], [-53.31531055499994, 2.331978378000031], [-53.31727277099998, 2.340251634000026], [-53.32252735999998, 2.339161622000063], [-53.329856088999975, 2.337641349000023], [-53.334259464999946, 2.343991535000043], [-53.33532666299993, 2.345530560000043], [-53.34179329199998, 2.349293186000068], [-53.355286923999984, 2.345551761000024], [-53.35744783299998, 2.338457548000065], [-53.36078785899997, 2.327492325000037], [-53.37024290299996, 2.316033608000055], [-53.38482078599998, 2.309194201000025], [-53.398030468999934, 2.302996704000066], [-53.400018167999974, 2.300864908000051], [-53.410450269999956, 2.289676539000027], [-53.42695933299996, 2.286099150000041], [-53.43179583799997, 2.285051115000044], [-53.44001979799998, 2.275473925000028], [-53.453444298999955, 2.259840459000031], [-53.46081956699993, 2.254937866000034], [-53.470762545999946, 2.254412825000031], [-53.48103926999994, 2.257809355000063], [-53.487125667999976, 2.259820952000041], [-53.51285965499994, 2.259716963000074], [-53.52979868899996, 2.254920974000072], [-53.534986506999985, 2.253452135000032], [-53.54791508399995, 2.255527564000033], [-53.561701966999976, 2.262237689000074], [-53.57043369499996, 2.266487452000035], [-53.57420908399996, 2.266489852000063], [-53.58572693299993, 2.266497172000072], [-53.59889628399998, 2.274882992000073], [-53.604196815999956, 2.278258200000039], [-53.610998569999936, 2.277332840000042], [-53.619897624999965, 2.27612214800007], [-53.650706568999965, 2.279772664000063], [-53.655126647999964, 2.284115806000045], [-53.65662518999994, 2.289849072000038], [-53.65839769899998, 2.296630505000053], [-53.67014937899995, 2.300122929000054], [-53.673057806999964, 2.299470892000045], [-53.685365581999974, 2.296711626000047], [-53.69159829999995, 2.302493533000074], [-53.69762429999997, 2.308083675000034], [-53.728312303999985, 2.308478988000047], [-53.73876466599995, 2.308613632000061], [-53.743582799999956, 2.317681447000041], [-53.73916676599998, 2.32196534000002], [-53.73720109399994, 2.323872194000046], [-53.725249848999965, 2.348135200000058], [-53.73487560299998, 2.356226073000073], [-53.73501343399994, 2.356341926000027], [-53.74427358599996, 2.359750514000041], [-53.741750657999944, 2.364962569000056], [-53.74064538399995, 2.367245927000056], [-53.741849893999984, 2.370921699000064], [-53.76886145599997, 2.373019344000056], [-53.80086054999998, 2.356758114000058], [-53.81246524799997, 2.342074729000046], [-53.813112108999974, 2.341256257000055], [-53.817871826999976, 2.338566079000032], [-53.83045017699993, 2.331456834000051], [-53.82875961199994, 2.325804166000069], [-53.82520639099994, 2.323715345000039], [-53.81864017899994, 2.319855287000053], [-53.82106967599998, 2.31064626400007], [-53.84076348599996, 2.304067922000058], [-53.85263028899993, 2.307444664000059], [-53.858547698999985, 2.309128484000041], [-53.880191303999936, 2.305535405000057], [-53.88528225199997, 2.297316589000047], [-53.88605001099995, 2.292113091000033], [-53.88830427099998, 2.276834807000057], [-53.90582014499995, 2.263895477000062], [-53.91210160299994, 2.265272632000062], [-53.91433361999998, 2.269627082000056], [-53.91719156499994, 2.275202656000033], [-53.93375809099996, 2.276207480000039], [-53.93891605899995, 2.257909347000066], [-53.93816622099996, 2.251888736000069], [-53.93635415399996, 2.237339268000028], [-53.944371641999965, 2.22024470100007], [-53.95442301799994, 2.218562108000071], [-53.96029995199996, 2.217578314000036], [-53.96506068699995, 2.214641577000066], [-53.974923537999985, 2.208557515000052], [-53.99093311699994, 2.205106246000071], [-53.99865883999996, 2.203440771000032], [-54.00232341399993, 2.199244910000061], [-54.010254273999976, 2.190164237000033], [-54.01955885199993, 2.184003177000022], [-54.047710009999946, 2.188483741000027], [-54.05027601399996, 2.189984224000057], [-54.058844169999986, 2.194994496000049], [-54.063191994999954, 2.194811369000035], [-54.08169607999997, 2.170185075000063], [-54.08648722899994, 2.155444767000063], [-54.08642841999995, 2.151003670000023], [-54.086293101999956, 2.140784919000055], [-54.09768110599998, 2.130822671000033], [-54.10058896999993, 2.128278865000027], [-54.10187657899996, 2.123298347000059], [-54.104169602999946, 2.114428849000035], [-54.114261658999965, 2.117743584000038], [-54.125485209999965, 2.121429960000057], [-54.136512332999985, 2.11809138600006], [-54.141669236999974, 2.116530081000064], [-54.16832408799996, 2.13174125300003], [-54.18158310299998, 2.155803328000047], [-54.183794889999945, 2.16355879200006], [-54.18715633399995, 2.175345447000041], [-54.209483588999944, 2.16183739500002], [-54.22656388399997, 2.151503769000044], [-54.23243469999994, 2.152126016000068], [-54.25377235199994, 2.154387589000066], [-54.267630156999985, 2.148388668000052], [-54.27261416199997, 2.146231137000029], [-54.28096647499996, 2.148314004000042], [-54.31723162099996, 2.157357665000063], [-54.33224844299997, 2.155053516000066], [-54.339332326999966, 2.153966580000031], [-54.34161201799998, 2.162883635000071], [-54.343021190999934, 2.168395646000022], [-54.34955899499994, 2.171206494000046], [-54.35420654799998, 2.173204653000028], [-54.36188646399995, 2.181253708000042], [-54.36231450699995, 2.188173155000072], [-54.36089752399994, 2.192243941000072], [-54.357667754999966, 2.201522595000029], [-54.358830603999934, 2.203440771000032], [-54.36163241599996, 2.207342124000036], [-54.38705479199996, 2.204199540000047], [-54.389035916999944, 2.203440771000032], [-54.39443021799997, 2.200827804000028], [-54.39985129299998, 2.198201867000023], [-54.41220790699998, 2.19654973300004], [-54.41760590599995, 2.199156029000051], [-54.41809877199995, 2.203440771000032], [-54.41832378099997, 2.205396888000053], [-54.418634820999955, 2.208100924000064], [-54.42350803599999, 2.212596030000043], [-54.43228427499997, 2.212393964000057], [-54.43590146199995, 2.210936730000071], [-54.44870308999998, 2.205779419000066], [-54.47189001299995, 2.213234819000036], [-54.477573389999975, 2.222997410000062], [-54.480245363999984, 2.227587178000022], [-54.48342311299996, 2.229304653000042], [-54.494117846999984, 2.235084825000058], [-54.49816232699993, 2.24519665400004], [-54.50042379499996, 2.250850678000063], [-54.50783991499998, 2.252011907000053], [-54.51855017599996, 2.253688939000028], [-54.521891049999965, 2.254212059000054], [-54.54359797099994, 2.26804046500007], [-54.529141297999956, 2.275493188000041], [-54.51855017599996, 2.28095313700004], [-54.51855017599996, 2.283897498000044], [-54.52081929299993, 2.288359253000067], [-54.525215737999986, 2.291472957000053], [-54.53515353599994, 2.298511227000063], [-54.53528903399996, 2.310015306000025], [-54.53535690599995, 2.315777815000047], [-54.538676614999986, 2.321746100000041], [-54.558262801999945, 2.328276494000022], [-54.57992695199994, 2.325324316000035], [-54.58702552099999, 2.324356992000048], [-54.59716913899996, 2.331397948000074], [-54.60028586899995, 2.337452209000048], [-54.58852000999997, 2.350367891000076], [-54.57160755799998, 2.353215994000038], [-54.53980960699994, 2.34308115400006], [-54.53388311899994, 2.337656044000028], [-54.530072951999955, 2.334168215000034], [-54.51855017599996, 2.336474131000045], [-54.50950448799995, 2.338284337000061], [-54.50674569299997, 2.34422244700005], [-54.50917721099995, 2.358078607000039], [-54.51033878699997, 2.364697923000051], [-54.50382447299995, 2.392025348000061], [-54.497809477999965, 2.402985727000043], [-54.49041977099995, 2.409819984000023], [-54.48515072299995, 2.41469298200002], [-54.47970187599998, 2.424920712000073], [-54.47566077199997, 2.432506045000025], [-54.46627337299998, 2.434797898000056], [-54.451291623999964, 2.433198989000061], [-54.439571720999936, 2.431948196000064], [-54.42028515099997, 2.438433080000038], [-54.40512419999993, 2.454330887000026], [-54.40133667099997, 2.46098095900004], [-54.39839359999996, 2.466148347000058], [-54.39404772499995, 2.46864006900006], [-54.38932467099994, 2.471348048000038], [-54.388189617999956, 2.475567512000055], [-54.386394293999956, 2.482241477000059], [-54.37861961799996, 2.488438444000053], [-54.374550030999956, 2.491682192000042], [-54.37340353199994, 2.495453689000044], [-54.37028093299995, 2.50572571500004], [-54.36296668699998, 2.509841868000024], [-54.359723394999946, 2.516373999000052], [-54.354291898999975, 2.521157402000028], [-54.34965542499998, 2.525240646000043], [-54.34474859399995, 2.540551437000033], [-54.344781044999934, 2.54146501300005], [-54.34537578499993, 2.558208569000044], [-54.335968553999976, 2.567060918000038], [-54.330592800999966, 2.572119583000074], [-54.31984244599994, 2.608271750000029], [-54.314594805999945, 2.615609385000027], [-54.31553615499996, 2.626406877000022], [-54.31589331699996, 2.630503608000026], [-54.292777659999956, 2.65783170800006], [-54.28642074499999, 2.662743271000068], [-54.279361294999944, 2.668197634000023], [-54.275253744999986, 2.683081076000065], [-54.269047324999974, 2.687828774000025], [-54.271105931999955, 2.696049164000044], [-54.27119312099995, 2.696397323000042], [-54.263496895999936, 2.722694195000031], [-54.25729136599995, 2.726642383000069], [-54.24734448099997, 2.732970960000046], [-54.23663255499997, 2.74720159900005], [-54.22608596499998, 2.753436990000068], [-54.22333481199996, 2.760749168000075], [-54.217138294999984, 2.764426208000032], [-54.21067372899995, 2.775096528000063], [-54.20987135599995, 2.781589552000071], [-54.20873100899996, 2.790817548000064], [-54.20397780099995, 2.798448675000031], [-54.20006680199998, 2.804727660000026], [-54.20260761299994, 2.816199948000076], [-54.20550263599995, 2.829271575000064], [-54.19860052699994, 2.832470644000068], [-54.18859483899996, 2.837108196000031], [-54.18112356199998, 2.857005986000047], [-54.18242717299995, 2.863759811000023], [-54.18795334699996, 2.869170598000039], [-54.19033017099997, 2.871497794000049], [-54.19336228199995, 2.881081873000028], [-54.188307743999985, 2.902289736000057], [-54.18634072599997, 2.910542965000047], [-54.18813213599998, 2.916233611000052], [-54.19005314999998, 2.922335961000044], [-54.183644440999956, 2.928022878000036], [-54.17561480799998, 2.93514816000004], [-54.174531499999944, 2.95196276300004], [-54.17404716999994, 2.959480303000021], [-54.170410326999956, 2.962789169000075], [-54.16355683099994, 2.969024603000037], [-54.17189679799998, 2.974393226000075], [-54.17573116799997, 2.976861496000026], [-54.18098435599995, 2.985378623000031], [-54.18303996199995, 2.998603067000033], [-54.17694853199998, 3.003359371000045], [-54.17271091099997, 3.00666818600007], [-54.17096123699997, 3.016886214000067], [-54.181994215999964, 3.045258477000061], [-54.184681689999934, 3.049463626000033], [-54.19258799499994, 3.06183479200007], [-54.18650373899993, 3.070677205000038], [-54.18502472599994, 3.071400431000029], [-54.17506994099995, 3.07626825400007], [-54.17976400699996, 3.090182055000071], [-54.175727765999966, 3.10840059100002], [-54.18622348399998, 3.133175345000041], [-54.19336971399997, 3.132860053000059], [-54.19618207099995, 3.13007125200005], [-54.20001240399995, 3.126272999000037], [-54.21107930299996, 3.130304279000029], [-54.21174358199994, 3.135509001000059], [-54.20702813699995, 3.14021236800005], [-54.20478105999996, 3.142453689000035], [-54.20715674699994, 3.143480760000045], [-54.21034830299993, 3.144860553000058], [-54.21266448999995, 3.15156612200002], [-54.20764667399993, 3.155931304000035], [-54.203043057999935, 3.159936157000061], [-54.202575044999946, 3.168161093000037], [-54.202247083999964, 3.173924722000038], [-54.197318027999984, 3.18506306200004], [-54.19258408199994, 3.19576050400002], [-54.188958593999985, 3.203953132000038], [-54.18517714999996, 3.20517826400004], [-54.17471957599997, 3.208566364000035], [-54.16495977799997, 3.226218528000061], [-54.15459954099998, 3.233612153000024], [-54.150587471999984, 3.246550047000028], [-54.14587444099993, 3.252862220000054], [-54.13808692699996, 3.263292053000043], [-54.13349900099996, 3.266019528000072], [-54.12336288599994, 3.272045346000027], [-54.12017473399993, 3.278888298000027], [-54.11822154199996, 3.283080570000038], [-54.10398903099997, 3.295644655000046], [-54.101234284999975, 3.298076473000037], [-54.093023796999944, 3.294876656000042], [-54.08882503499996, 3.293240301000026], [-54.08189753099998, 3.293612472000063], [-54.06590670999998, 3.310884085000055], [-54.06636628699994, 3.324495677000073], [-54.06639806099997, 3.325436742000022], [-54.061595946999944, 3.351629969000044], [-54.06049426299995, 3.353631366000059], [-54.05431074099994, 3.364864785000066], [-54.05637232099997, 3.374083536000057], [-54.05832079299995, 3.382796508000069], [-54.04937213399995, 3.387241052000036], [-54.04880414799993, 3.387523154000064], [-54.03579326499994, 3.403021971000044], [-54.02133707899998, 3.412417270000049], [-54.013813082999945, 3.425117091000061], [-54.015449832999934, 3.431045140000037], [-54.01919966699995, 3.444626436000021], [-54.01604937399998, 3.457324653000057], [-54.01259019999998, 3.462653704000047], [-54.00867797199999, 3.468680709000068], [-54.00835110699995, 3.503289152000036], [-54.00112663799996, 3.524007717000075], [-54.005969962999984, 3.535829578000062], [-54.00797077799996, 3.540713280000034], [-54.003329220999944, 3.562323685000024], [-53.997958531999984, 3.571597508000025], [-53.99526624599997, 3.574187841000025], [-53.98601001199995, 3.583093553000026], [-53.98128099599995, 3.603349507000075], [-53.99064860599998, 3.617750080000064], [-53.99876510099995, 3.63766470500002], [-54.009234334999974, 3.64877025100003], [-54.02200136799996, 3.646084331000054], [-54.02607838299997, 3.639449583000044], [-54.03028172699993, 3.632609253000055], [-54.04957443099994, 3.635940307000055], [-54.05094715299998, 3.644706296000038], [-54.052540474999944, 3.654881], [-54.07590930799995, 3.671058150000022], [-54.08185778699993, 3.675176004000036], [-54.08595020299998, 3.690381372000047], [-54.08155517599994, 3.700974355000028], [-54.080052052999974, 3.704597214000046], [-54.079773357999954, 3.713427975000059], [-54.08414981899995, 3.722471608000035], [-54.09027364999997, 3.728741711000055], [-54.09495096799998, 3.733530750000057], [-54.098199282999985, 3.742621911000072], [-54.09915499799996, 3.745296701000029], [-54.10244002099995, 3.754666061000023], [-54.10398903099997, 3.756750270000055], [-54.11273694699997, 3.76852068200003], [-54.12132484899996, 3.79125692100007], [-54.129323461999945, 3.799070335000067], [-54.16147120199997, 3.805232150000052], [-54.170416097999976, 3.803661577000071], [-54.18776097999995, 3.800616112000057], [-54.19751934499993, 3.805722325000033], [-54.20062506499994, 3.81128853000007], [-54.201157301999956, 3.82342206200002], [-54.19584815899998, 3.83056695800002], [-54.190386365999984, 3.83791728500006], [-54.19179571899997, 3.846731656000031], [-54.19817854099995, 3.851643581000076], [-54.21857462299994, 3.856096986000068], [-54.23603717499998, 3.859909867000056], [-54.251009128999954, 3.889555859000041], [-54.25282226199994, 3.898142021000069], [-54.25158202799997, 3.90214755900007], [-54.24969462499996, 3.908243236000033], [-54.25988131999998, 3.912908640000069], [-54.278122648999954, 3.921262985000055], [-54.28872511499998, 3.933934649000037], [-54.29240041799994, 3.943352155000071], [-54.29464867099995, 3.951774879000027], [-54.302851697999984, 3.982506216000047], [-54.30819735799997, 3.989006491000055], [-54.318477411999936, 4.014851634000024], [-54.33997982599993, 4.040946775000066], [-54.34527910899993, 4.044460739000044], [-54.34874714799997, 4.044407844000034], [-54.35237966799997, 4.044352439000022], [-54.357072941999945, 4.049688260000039], [-54.34929332099995, 4.076763821000043], [-54.34472878399998, 4.092649864000066], [-54.34563833499993, 4.097282471000028], [-54.34654973099998, 4.101924473000054], [-54.34395016399998, 4.113362303000031], [-54.33919612699998, 4.118386445000056], [-54.32316194799995, 4.13533162300007], [-54.32644225399997, 4.150350518000039], [-54.33989633999994, 4.155394772000022], [-54.36675437799994, 4.176024834000032], [-54.37576842499993, 4.177151326000057], [-54.38532868799996, 4.17834608000004], [-54.39054922299994, 4.185966371000063], [-54.39586674099996, 4.207850299000029], [-54.389462537999975, 4.235454525000023], [-54.38260427499995, 4.265015898000058], [-54.38911362999994, 4.280134916000065], [-54.39246613299997, 4.287921640000036], [-54.39412160899997, 4.307395277000069], [-54.39217935999994, 4.330361844000038], [-54.38863655499995, 4.341228232000049], [-54.38628313399994, 4.348446575000025], [-54.38757708999998, 4.354593264000073], [-54.39651434099994, 4.366431270000021], [-54.41405292999997, 4.375092080000059], [-54.42060728499996, 4.369859466000037], [-54.42970667299994, 4.368021026000065], [-54.43128442799997, 4.366039040000032], [-54.43447409199996, 4.362032161000059], [-54.44093825899995, 4.371483816000023], [-54.43865693199996, 4.381906645000072], [-54.43200570799996, 4.412294478000035], [-54.436020789999986, 4.422799336000026], [-54.44156938399993, 4.43731639400005], [-54.43448632899998, 4.450388812000028], [-54.43403739799999, 4.453566369000043], [-54.43234861199994, 4.465519677000032], [-54.43887889299998, 4.488420834000067], [-54.449518886999954, 4.52573441100003], [-54.43398565699994, 4.544605387000047], [-54.42540746999998, 4.555026836000025], [-54.41645126999998, 4.592064550000032], [-54.41567886299998, 4.60564553100005], [-54.42025713199996, 4.61430123100007], [-54.42934335899997, 4.628294550000021], [-54.43709581699994, 4.640233786000067], [-54.43489357899995, 4.652311257000065], [-54.42919858999994, 4.659656531000053], [-54.42475650999995, 4.665385832000027], [-54.42699647499995, 4.680772060000038], [-54.427255197999955, 4.682549215000051], [-54.43310688899999, 4.694345459000033], [-54.42941780599995, 4.70833527800005], [-54.427720301999955, 4.714772590000052], [-54.435662107999974, 4.724350800000025], [-54.45144627399998, 4.724983442000052], [-54.45709086299996, 4.725209681000024], [-54.46566682099996, 4.739173185000027], [-54.46479138999996, 4.745600024000055], [-54.464460317999965, 4.748030537000034], [-54.46016151199996, 4.77958953600006], [-54.465866269999935, 4.806775911000045], [-54.467488420999985, 4.81450637100005], [-54.46718996699997, 4.862084391000053], [-54.46712572499996, 4.872325541000066], [-54.46946712799996, 4.890289523000035], [-54.47346908299994, 4.892917046000036], [-54.47755866799997, 4.895602106000069], [-54.47851461499994, 4.90105430400007], [-54.47659166899996, 4.906283922000057], [-54.459275617999936, 4.923752875000048], [-54.44414194799998, 4.939020177000032], [-54.439879744999985, 4.954515190000052], [-54.43972998999993, 4.97124635800003], [-54.440320344999975, 4.972914745000026], [-54.44229985599998, 4.978508992000059], [-54.44259714899994, 4.986571166000033], [-54.438649932999965, 4.991680717000065], [-54.43674900299993, 4.994141412000033], [-54.437267222999935, 5.007214547000046], [-54.43763919799994, 5.01659836500005], [-54.43477757799997, 5.020635711000068], [-54.42638192199996, 5.032480810000038], [-54.419579158999966, 5.051009459000056], [-54.416347540999936, 5.07615744800006], [-54.415317838999954, 5.08417044600003], [-54.40769123299998, 5.090554087000044], [-54.39724372599994, 5.09433578900007], [-54.39332673699994, 5.095753628000068], [-54.37322572599999, 5.110569044000044], [-54.372051975999966, 5.113332335000052], [-54.36908650799995, 5.12031376300007], [-54.369096285999944, 5.120493288000034], [-54.369643580999934, 5.130541598000036], [-54.36400480599997, 5.137892560000068], [-54.35603882799995, 5.141870409000035], [-54.35049510199997, 5.144638695000026], [-54.34765904799997, 5.155589433000046], [-54.34611428699998, 5.161554156000022], [-54.33767833099995, 5.171929444000057], [-54.334063123999954, 5.176375746000076], [-54.327552502999936, 5.188507023000057], [-54.307860156999936, 5.225199885000052], [-54.29921278899997, 5.234903612000039], [-54.28594415899994, 5.249199978000036], [-54.282297245999985, 5.255808176000073], [-54.28217068599997, 5.256037491000029], [-54.27791515699994, 5.263748165000038], [-54.266686241999935, 5.272721002000026], [-54.262890994999964, 5.276397232000022], [-54.25635631899996, 5.280494173000022], [-54.246089824999956, 5.284248436000041], [-54.241146552999965, 5.286056249000069], [-54.24024787199994, 5.286384909000049], [-54.23956561799997, 5.286983430000021], [-54.23687714999994, 5.289341942000021], [-54.23558010299996, 5.290915441000038], [-54.23159407099996, 5.295750790000056], [-54.22784327399995, 5.29882961800007], [-54.22453847799994, 5.300614447000044], [-54.21839735999998, 5.30248729300007], [-54.213521871999944, 5.302257446000056], [-54.21291200799993, 5.302228695000053], [-54.208506944999954, 5.30325612300004], [-54.207111733999966, 5.306478230000039], [-54.20504282699994, 5.31125617400005], [-54.20034159599999, 5.31503262800004], [-54.196856501999946, 5.318802594000033], [-54.19326547299994, 5.320093307000036], [-54.18672885199993, 5.322442745000046], [-54.18417221699997, 5.323361730000045], [-54.18256721499995, 5.325571196000055], [-54.18045038799994, 5.32848524800005], [-54.17834814499997, 5.332968403000052], [-54.17607760699997, 5.336994195000045], [-54.17223053299995, 5.343815273000075], [-54.15030015399998, 5.362341255000047], [-54.14404457699993, 5.367625736000036], [-54.12750873899995, 5.398326146000045], [-54.117297159999964, 5.417284946000052], [-54.11071535599996, 5.42358748700002], [-54.10398903099997, 5.430028420000042], [-54.09337653199998, 5.440190638000047], [-54.084373023999945, 5.452504482000052], [-54.064440848999936, 5.479765153000073], [-54.04998762599996, 5.490250656000057], [-54.04715304699994, 5.492307084000061], [-54.04562493399993, 5.495039752000025], [-54.037309164999954, 5.509910539000032], [-54.02369424899996, 5.519113911000034], [-54.018234320999966, 5.522804696000037], [-54.00578393999996, 5.561616491000052], [-54.00367899899993, 5.57308263300007], [-54.00373044099996, 5.581633829000054], [-54.00565108799998, 5.585592470000051], [-54.005997900999944, 5.586307283000053], [-54.00662269999998, 5.589278253000032], [-54.00595253399996, 5.598236475000022], [-54.00555130999999, 5.603599703000043], [-54.004933093999966, 5.611863490000076], [-54.00616621299997, 5.618082503000039], [-54.01386352099996, 5.638132231000043], [-54.01488144499996, 5.640829647000032], [-54.01510649299996, 5.643863956000075], [-54.01313135799995, 5.660634667000068], [-54.011973703999956, 5.663485942000023], [-54.010634607999975, 5.666129909000063], [-54.00564151499998, 5.674802593000038], [-53.99024255799998, 5.700290772000074], [-53.98403551399997, 5.715289645000041], [-53.97909854699998, 5.723872037000035], [-53.97255802999996, 5.732881976000044], [-53.96774513299994, 5.745115681000073], [-53.95228475699997, 5.743771970000068], [-53.93583972499994, 5.746563638000055]]], [[[-51.736178680999956, 4.454251811000063], [-51.735801907999985, 4.44680598900004], [-51.74294132399996, 4.448542432000067], [-51.73996955499996, 4.453413844000067], [-51.736178680999956, 4.454251811000063]]], [[[-52.16599220399996, 4.888241274000052], [-52.17088409599995, 4.884570364000069], [-52.17270393299998, 4.889440100000058], [-52.16908246199995, 4.890260204000072], [-52.16599220399996, 4.888241274000052]]], [[[-52.177491918999976, 4.890635988000042], [-52.18302040799995, 4.888562101000048], [-52.19062577699998, 4.893225654000048], [-52.18108611399998, 4.894254801000045], [-52.177491918999976, 4.890635988000042]]], [[[-52.20128593499993, 4.925528327000052], [-52.20410264199995, 4.925408566000044], [-52.20783716699998, 4.931897598000035], [-52.201162548999946, 4.931554492000032], [-52.20128593499993, 4.925528327000052]]], [[[-52.58707338199997, 5.289761480000038], [-52.57933781899993, 5.277926026000046], [-52.58171111399997, 5.277980943000045], [-52.58697421199997, 5.28466047400002], [-52.59370803899998, 5.288138959000037], [-52.58707338199997, 5.289761480000038]]], [[[-52.57998262899997, 5.293526099000076], [-52.585668141999975, 5.29276946300007], [-52.58373444199998, 5.296860655000046], [-52.57930709999994, 5.297870266000075], [-52.57998262899997, 5.293526099000076]]], [[[-53.04624415099994, 5.490531657000076], [-53.04910375999998, 5.490065868000045], [-53.052008591999936, 5.490719279000075], [-53.05052214799997, 5.492923507000057], [-53.04692058799998, 5.494346128000075], [-53.04426309099995, 5.493318159000069], [-53.04624415099994, 5.490531657000076]]], [[[-53.05752578399995, 5.49646094700006], [-53.06262126799999, 5.494079261000024], [-53.07293248899998, 5.495698071000049], [-53.06528657399997, 5.50189757000004], [-53.05752578399995, 5.49646094700006]]], [[[-53.87823013299993, 5.737947986000052], [-53.885330126999975, 5.735353041000053], [-53.89867906699993, 5.740800486000069], [-53.908806666999965, 5.74493336300003], [-53.889993867999976, 5.749573459000032], [-53.86766564599998, 5.741809153000077], [-53.87823013299993, 5.737947986000052]]]]}}, {"type": "Feature", "properties": {"NUTS_ID": "FRY40", "LEVL_CODE": 3, "CNTR_CODE": "FR", "NAME_LATN": "La Réunion", "NUTS_NAME": "La Réunion", "MOUNT_TYPE": null, "URBN_TYPE": 1, "COAST_TYPE": 1, "NAME_ENGL": "France", "NAME_FREN": "France", "ISO3_CODE": "FRA", "SVRG_UN": "UN Member State", "CAPT": "Paris", "EU_STAT": "T", "EFTA_STAT": "F", "CC_STAT": "F", "NAME_GERM": "Frankreich"}, "geometry": {"type": "MultiPolygon", "coordinates": [[[[55.450446671000066, -20.872146741999927], [55.459564414000056, -20.877358603999937], [55.471723515000065, -20.88430895999994], [55.488360930000056, -20.885689156999945], [55.48890148400005, -20.88555757599994], [55.50209751300008, -20.882345405999956], [55.52436935500003, -20.889161344999934], [55.54229581100003, -20.89464744999998], [55.55589088800008, -20.892364140999973], [55.55914765000006, -20.891817164999964], [55.57027605500008, -20.893825768999932], [55.57539129400004, -20.89474903599995], [55.587242194000055, -20.89599775299996], [55.59403884400007, -20.89671390899997], [55.602983633000065, -20.901435420999974], [55.61926972800006, -20.910032048999938], [55.62866959300004, -20.910556004999933], [55.63195814000005, -20.91144427699993], [55.64732802000003, -20.915595844999928], [55.652252685000065, -20.91845475599996], [55.65270448500007, -20.918717037999954], [55.66486338800007, -20.925775632999944], [55.68483726300008, -20.94683473499998], [55.692957439000054, -20.96001586699998], [55.69332635400008, -20.96061471099995], [55.69669857000008, -20.966088682999953], [55.70068337600003, -20.978612001999977], [55.699887269000044, -20.984910646999936], [55.700257642000054, -20.99463643599995], [55.70068687300005, -21.00590779199996], [55.70682101300008, -21.026288604999934], [55.71179962200006, -21.02998975199995], [55.72294474200004, -21.038275143999954], [55.73148622100007, -21.049830804999942], [55.73134901700007, -21.058815915999958], [55.73154006100003, -21.05918760199995], [55.73539427700007, -21.066686157999982], [55.75368150800006, -21.087871823999933], [55.76729022900008, -21.10363745899997], [55.771001357000046, -21.10855829299993], [55.78204418300004, -21.12320071599993], [55.789031212000054, -21.12487836899993], [55.79985817800008, -21.127478027999928], [55.809733935000054, -21.13651731599998], [55.81112066000003, -21.137786586999937], [55.81598452000003, -21.14003135699994], [55.82548761600003, -21.14441722999993], [55.83469444600007, -21.161308409999947], [55.83381721200004, -21.16535509099998], [55.83302841600005, -21.168993806999936], [55.834382008000034, -21.175966193999955], [55.835765765000076, -21.183093965999944], [55.833041123000044, -21.184331897999982], [55.82562877400005, -21.187699669999972], [55.824885452000046, -21.202211389999945], [55.81488825000008, -21.213541108999948], [55.80897317900008, -21.227499922999982], [55.80580931800006, -21.244198363999942], [55.804273281000064, -21.252305367999952], [55.80197580500004, -21.26080644299998], [55.803788430000054, -21.269634619999977], [55.80757634200006, -21.28808319999996], [55.80470033900008, -21.312762444999976], [55.80468689800006, -21.31287778099994], [55.804704901000036, -21.31297823699998], [55.808344555000076, -21.333286788999942], [55.797137088000056, -21.349890374999973], [55.77405639600005, -21.36528834799998], [55.76912660000005, -21.36482832699994], [55.756888616000026, -21.36368634599995], [55.747147796000036, -21.368376354999953], [55.728177790000075, -21.36986561499998], [55.71885671100006, -21.37404336399993], [55.71795754600004, -21.374446373999945], [55.71413240100003, -21.374909383999977], [55.70049783500008, -21.376559760999953], [55.68179475100004, -21.37547251799998], [55.67319210000005, -21.38241420399993], [55.67233438300008, -21.383106315999953], [55.66954976400007, -21.383081883999978], [55.65958150500006, -21.38299442799996], [55.65235039600003, -21.386234722999973], [55.64638304400006, -21.38890872199994], [55.64162710200003, -21.386463724999942], [55.634232532000055, -21.38266222599998], [55.625692892000075, -21.384068101999958], [55.60934104900008, -21.38676009699998], [55.596164557000066, -21.37962867699997], [55.58310664700008, -21.372561435999955], [55.57307722000007, -21.37587394899998], [55.56307047800004, -21.372791708999955], [55.55379984700005, -21.37316186099997], [55.55120689100005, -21.37326539199995], [55.54744270700007, -21.370713149999972], [55.536146804000055, -21.36305415099997], [55.52443519800005, -21.361310186999958], [55.49978753200003, -21.35069279199996], [55.49590944700003, -21.350863007999976], [55.484680816000036, -21.35135585699993], [55.47914672600007, -21.34514944199998], [55.461310609000066, -21.34169030399994], [55.45598197600003, -21.33548331099996], [55.45081830500004, -21.329468472999963], [55.43313075900005, -21.326681230999952], [55.42975280400003, -21.326148925999973], [55.41756049500003, -21.31994770199998], [55.40838791700003, -21.308897852999962], [55.40391647000007, -21.30351127499995], [55.39922972200003, -21.298917167999946], [55.39745670900004, -21.29623220299993], [55.39119023200004, -21.292625804999943], [55.36482983900004, -21.28438032599996], [55.34993645900005, -21.28192844499995], [55.33853885600007, -21.280052070999943], [55.33335127200007, -21.274629413999946], [55.33154054400006, -21.26584426599993], [55.33009025400003, -21.25880786199997], [55.32633966900005, -21.256075150999948], [55.32207549200007, -21.252968231999944], [55.321527615000036, -21.251152084999944], [55.320839197000055, -21.24887006299997], [55.314058688000046, -21.244198363999942], [55.30811195800004, -21.24010112999997], [55.29439673200005, -21.230651482999974], [55.28773705400005, -21.217287029999966], [55.282039016000056, -21.202446889999976], [55.283975120000036, -21.195255591999967], [55.28708107600005, -21.183719095999948], [55.28697759000005, -21.16220485499997], [55.28153443600007, -21.154012870999964], [55.27846008900008, -21.152432214999976], [55.27246538300005, -21.149350074999973], [55.271875916000056, -21.141727686999957], [55.27138849700003, -21.135424887999932], [55.256948358000045, -21.117458511999928], [55.254422645000034, -21.11431602899995], [55.25436012800003, -21.113250576999974], [55.254154020000044, -21.10973794299997], [55.24589390500006, -21.103065426999933], [55.232523650000076, -21.092264944999954], [55.221681698000054, -21.07810875399997], [55.222215633000076, -21.06843727499995], [55.223058438000066, -21.05317103699997], [55.21717250000006, -21.038859615999968], [55.22155635800004, -21.03378464399998], [55.23411776800003, -21.019242928999972], [55.237428081000076, -21.019313805999957], [55.24684370500006, -21.019515398999943], [55.255847893000066, -21.016425797999943], [55.275840093000056, -21.00155061499993], [55.28269902300008, -20.97773297599997], [55.28035421000004, -20.968702916999973], [55.27750634100005, -20.95773554799996], [55.28214193400004, -20.941071733999934], [55.28561774800005, -20.938035346999982], [55.28654440400004, -20.937225841999975], [55.28606562300007, -20.935425833999943], [55.28433029300004, -20.92890174599995], [55.286846309000055, -20.924920715999974], [55.317077201000075, -20.92893748199998], [55.31738498700008, -20.929175449999946], [55.32308018500004, -20.933578756999964], [55.32819337800004, -20.929676960999927], [55.330467286000044, -20.927941777999933], [55.33480497900007, -20.92606415499995], [55.34452257400005, -20.921857775999968], [55.34832905900004, -20.917076901999963], [55.352875158000074, -20.911367086999974], [55.37586340900003, -20.896094224999956], [55.396534501000076, -20.881454988999963], [55.40553878800006, -20.87905891899993], [55.40717449300007, -20.878623652999977], [55.42304174100008, -20.874401327999976], [55.43383310200005, -20.875741389999973], [55.43953630500005, -20.876449609999952], [55.44416429300003, -20.87462440799993], [55.450446671000066, -20.872146741999927]]]]}}, {"type": "Feature", "properties": {"NUTS_ID": "FRY50", "LEVL_CODE": 3, "CNTR_CODE": "FR", "NAME_LATN": "Mayotte ", "NUTS_NAME": "Mayotte ", "MOUNT_TYPE": null, "URBN_TYPE": 1, "COAST_TYPE": 1, "NAME_ENGL": "France", "NAME_FREN": "France", "ISO3_CODE": "FRA", "SVRG_UN": "UN Member State", "CAPT": "Paris", "EU_STAT": "T", "EFTA_STAT": "F", "CC_STAT": "F", "NAME_GERM": "Frankreich"}, "geometry": {"type": "MultiPolygon", "coordinates": [[[[45.126040845000034, -12.726631616999953], [45.140400560000046, -12.733122038999966], [45.14636983100007, -12.727985116999946], [45.15214793600006, -12.73527521699998], [45.15673863400008, -12.735488681999982], [45.161742126000036, -12.72940968699993], [45.16585287800007, -12.724415324999939], [45.16626639800006, -12.718621395999946], [45.17695209400006, -12.729805899999974], [45.183252706000076, -12.727873174999957], [45.204854503000035, -12.731392676999974], [45.21187668400006, -12.735299564999934], [45.213849131000075, -12.740493927999978], [45.22487018100003, -12.744207609999933], [45.23051614800005, -12.751239794999947], [45.23600337700003, -12.75279778199996], [45.23859696100004, -12.762911748999954], [45.23389564100006, -12.772541891999936], [45.23260305700006, -12.772465119999936], [45.23084185600004, -12.772360515999935], [45.232633501000066, -12.767894677999948], [45.232794640000066, -12.767493023999975], [45.23263771400008, -12.767262351999932], [45.23100414800007, -12.764861117999942], [45.22754473900005, -12.772219829999926], [45.23256677900008, -12.777911114999938], [45.237516722000066, -12.783520695999925], [45.23033273000004, -12.78446393799993], [45.22858240700003, -12.785843402999944], [45.21794366600005, -12.794228010999973], [45.21361386500007, -12.802591322999945], [45.20496580900004, -12.809509187999936], [45.20252450100003, -12.818896991999964], [45.19781867100005, -12.822218409999948], [45.193645694000054, -12.82736203099995], [45.19533876300005, -12.830557295999938], [45.19639959600005, -12.83255936699993], [45.19002140600003, -12.837709330999928], [45.184870999000054, -12.841867942999954], [45.19333883200005, -12.844267980999973], [45.20231633600008, -12.862084511999967], [45.20827008900005, -12.863108482999962], [45.21141587000005, -12.863649519999967], [45.21243264900005, -12.868710102999955], [45.213056290000054, -12.871814011999959], [45.21481580100004, -12.871917146999976], [45.22196061500006, -12.872335951999958], [45.21579989800006, -12.886565144999963], [45.20851656100007, -12.890854573999945], [45.19685019000008, -12.897725333999972], [45.19471856600006, -12.907019600999945], [45.19644087300003, -12.910076599999968], [45.201648428000055, -12.919319719999976], [45.19133229700003, -12.918208409999977], [45.18667275400003, -12.917706459999977], [45.176888173000066, -12.930871723999928], [45.178376969000055, -12.938830645999928], [45.17902498500007, -12.942294862999972], [45.17623495400005, -12.942240295999966], [45.17329109000008, -12.942182720999938], [45.17013876200008, -12.945085939999956], [45.16979824500004, -12.951180564999959], [45.17919489900004, -12.966422156999954], [45.18720500400008, -12.970811434999973], [45.19465203800007, -12.97489216799994], [45.20251276500005, -12.97458166399997], [45.20266048000008, -12.977056509999954], [45.19319571300008, -12.986337810999942], [45.181011547000026, -12.98497115999993], [45.17745385500007, -12.994545697999968], [45.17176272000006, -12.982135410999945], [45.16920887800006, -12.97656641499998], [45.16082554800005, -12.975921520999975], [45.15684509100004, -12.97935261899994], [45.15648899800004, -12.983381367999982], [45.155857809000054, -12.990522491999968], [45.148866232000046, -12.998505611999974], [45.144071662000044, -12.999056485999972], [45.13901628900004, -12.994815223999979], [45.13548546200008, -12.991852996999967], [45.13298857500007, -12.992349317999981], [45.12702788900003, -12.993534162999936], [45.12618534500007, -12.989566153999931], [45.125216513000055, -12.985003387999939], [45.12078020900003, -12.981622597999944], [45.11473833900004, -12.982685946999936], [45.113033991000066, -12.984186006999948], [45.10756334800004, -12.989000918999977], [45.10701199300007, -12.97716606199998], [45.10798931800008, -12.974074822999967], [45.110729449000075, -12.965407896999977], [45.10820937700004, -12.958905725999955], [45.10080085700008, -12.962210022999955], [45.09301256500004, -12.965683702999968], [45.083573708000074, -12.961392987999943], [45.09265861600005, -12.953525224999964], [45.09973997600008, -12.947392584999932], [45.103573794000056, -12.93188559999993], [45.09930849600005, -12.926060408999945], [45.09546601800008, -12.92658791499997], [45.089879222000036, -12.927354884999943], [45.08338911100003, -12.921043944999951], [45.072251754000035, -12.899604010999951], [45.09884503600006, -12.899151375999963], [45.10195721700006, -12.903705354999943], [45.103154216000064, -12.91256693799994], [45.10436200500004, -12.921508394999933], [45.122840143000076, -12.929508863999956], [45.12640470600007, -12.933634557999937], [45.14451640900006, -12.935742583999968], [45.15050509200006, -12.93119545299993], [45.15398320600008, -12.923910346999946], [45.15325937100005, -12.917652375999978], [45.141903995000064, -12.895805774999928], [45.13225822100003, -12.888893278999944], [45.11955428300007, -12.877443203999974], [45.11196534700008, -12.864767737999955], [45.10599975700006, -12.862895580999975], [45.10219373800004, -12.861701152999956], [45.09377191900006, -12.852702420999947], [45.10298523000006, -12.84435251399998], [45.10813398400006, -12.844080089999977], [45.11494190900004, -12.843719875999966], [45.121291994000046, -12.839600799999971], [45.10872139500003, -12.835983776999967], [45.10176506000005, -12.833982183999979], [45.10331582800006, -12.827118536999933], [45.10579788800004, -12.816133025999932], [45.10151552100007, -12.805931489999978], [45.099838162000026, -12.80193565299993], [45.10102217700006, -12.800125531999981], [45.10301457800006, -12.797079548999932], [45.11137570200003, -12.794228010999973], [45.10907178300005, -12.79187184899996], [45.10026910500005, -12.791262948999929], [45.097518034000075, -12.791072651999968], [45.099664147000055, -12.78414345899995], [45.10169258600007, -12.777594199999953], [45.10064153800005, -12.76604649899997], [45.09328797000006, -12.76971722199994], [45.08392099400004, -12.764620497999942], [45.082330151000065, -12.764911069999926], [45.07635914000008, -12.766001690999929], [45.06746061000007, -12.757622467999965], [45.06127328200006, -12.751796223999975], [45.05784584400004, -12.752909598999963], [45.05148533200003, -12.754975756999954], [45.04319861700003, -12.748148078999975], [45.04394460700007, -12.742591947999927], [45.05008825800007, -12.738193672999955], [45.05279734000004, -12.73625422699996], [45.05721895600004, -12.728722825999967], [45.05421664000005, -12.723381845999938], [45.04642736200003, -12.722853707999946], [45.043068352000034, -12.72262595799998], [45.05022795800005, -12.711111383999935], [45.05158006400006, -12.701684014999955], [45.064558807000026, -12.699518784999952], [45.066598603000045, -12.699178488999962], [45.072044918000074, -12.69218508199998], [45.07226467500004, -12.69095206999998], [45.07341427500006, -12.68450190699997], [45.08211433300005, -12.67956471499997], [45.08252235200007, -12.672733538999978], [45.086282287000074, -12.667282950999947], [45.09425273900007, -12.65898526799998], [45.098659518000034, -12.657520524999939], [45.10096139800004, -12.656755416999943], [45.10131781800004, -12.658594955999945], [45.102013862000035, -12.662187354999958], [45.095381677000034, -12.665917781999951], [45.09417057600007, -12.666598993999969], [45.08941233400003, -12.669275377999952], [45.09101784100005, -12.670103929999982], [45.09620457300008, -12.672780643999943], [45.10163533100007, -12.676368467999964], [45.10290202900006, -12.677205309999977], [45.10284045700007, -12.678382392999936], [45.10262574700005, -12.682487051999942], [45.10642115500008, -12.684366213999965], [45.11128288400005, -12.686773329999937], [45.11390355300006, -12.694694260999938], [45.12454487600007, -12.70100449299997], [45.12346103100003, -12.708662622999952], [45.12986792100003, -12.721021355999937], [45.129062228000066, -12.722202452999966], [45.126040845000034, -12.726631616999953]]], [[[45.21965869100006, -12.97971400199998], [45.21822743400003, -12.986143315999982], [45.214692186000036, -12.986129485999982], [45.21701773400008, -12.979581820999954], [45.21965869100006, -12.97971400199998]]], [[[45.14407019200007, -12.919997061999936], [45.142490526000074, -12.922552229999951], [45.13802694000003, -12.922035907999941], [45.14122798200003, -12.91712410599996], [45.143138641000064, -12.91730648999993], [45.14407019200007, -12.919997061999936]]], [[[45.23400724800007, -12.895676848999926], [45.23374995700004, -12.900367648999975], [45.22843979900006, -12.899636828999974], [45.23090600300003, -12.89514326099993], [45.23400724800007, -12.895676848999926]]], [[[45.23963580100008, -12.813316935999978], [45.23484737800004, -12.817015183999956], [45.23011499200004, -12.813902292999956], [45.23172850000003, -12.806826042999944], [45.23590710600007, -12.805047685999966], [45.23963580100008, -12.813316935999978]]], [[[45.26272992300005, -12.789083844999936], [45.25770072900008, -12.789891393999937], [45.259882436000055, -12.784582059999934], [45.26337052100007, -12.78468528299993], [45.26272992300005, -12.789083844999936]]], [[[45.25926395000005, -12.784231020999925], [45.256724432000055, -12.784623025999963], [45.25282214500004, -12.783295770999928], [45.25421532100006, -12.780586161999963], [45.25658585100007, -12.77984190099994], [45.25870396000005, -12.781710354999973], [45.25926395000005, -12.784231020999925]]], [[[45.270918032000054, -12.779394188999959], [45.26691520800006, -12.78289898099996], [45.26320831800007, -12.781116306999934], [45.26288967700003, -12.780963068999938], [45.26302444000004, -12.780863624999938], [45.267135118000056, -12.777830255999959], [45.270918032000054, -12.779394188999959]]], [[[45.28706868000006, -12.801719730999935], [45.28276947100005, -12.81114463299997], [45.27876780100007, -12.808308113999942], [45.27134676600008, -12.793305371999963], [45.27051482400003, -12.791156729999955], [45.268778877000045, -12.786673332999953], [45.28060918500006, -12.766500544999928], [45.28430874400004, -12.760192134999954], [45.292953864000026, -12.769292223999969], [45.29723046000004, -12.778968825999982], [45.29645362900004, -12.784066993999943], [45.29556245600003, -12.793786850999936], [45.28706868000006, -12.801719730999935]]], [[[45.13154709100007, -12.70507087599998], [45.128973117000044, -12.705172794999953], [45.12601625800005, -12.702020380999954], [45.131071674000054, -12.69903504399997], [45.13154709100007, -12.70507087599998]]], [[[45.11640981200003, -12.674122653999973], [45.11282386600004, -12.677370005999933], [45.108320166000055, -12.676067200999967], [45.11345006400006, -12.672231808999982], [45.11640981200003, -12.674122653999973]]], [[[45.108749895000074, -12.652660577999939], [45.10514917200004, -12.655043340999953], [45.101756812000076, -12.653672215999961], [45.104891604000045, -12.649310825999976], [45.108749895000074, -12.652660577999939]]], [[[45.03628674300006, -12.651645707999933], [45.031068753000056, -12.65570281999993], [45.030502951000074, -12.654520874999946], [45.02852990800005, -12.650399238999967], [45.02102686300003, -12.647155965999957], [45.01901097000007, -12.646284573999935], [45.01867686400004, -12.645311710999977], [45.018003787000055, -12.643351819999964], [45.022390442000074, -12.640685605999977], [45.028118488000075, -12.637204091999934], [45.029893550000054, -12.638652526999977], [45.03243571300004, -12.64072690599994], [45.04116677300004, -12.647851367999976], [45.039629036000065, -12.649046994999935], [45.03628674300006, -12.651645707999933]]]]}}, {"type": "Feature", "properties": {"NUTS_ID": "PT300", "LEVL_CODE": 3, "CNTR_CODE": "PT", "NAME_LATN": "Região Autónoma da Madeira", "NUTS_NAME": "Região Autónoma da Madeira", "MOUNT_TYPE": 1, "URBN_TYPE": 1, "COAST_TYPE": 1, "NAME_ENGL": "Portugal", "NAME_FREN": "Portugal", "ISO3_CODE": "PRT", "SVRG_UN": "UN Member State", "CAPT": "Lisbon", "EU_STAT": "T", "EFTA_STAT": "F", "CC_STAT": "F", "NAME_GERM": "Portugal"}, "geometry": {"type": "MultiPolygon", "coordinates": [[[[-17.192870469999946, 32.870322603000034], [-17.178429414999982, 32.86701945800007], [-17.16651894599994, 32.868423128000074], [-17.163663390999943, 32.86238165900005], [-17.154205873999956, 32.85617355800008], [-17.15315082899997, 32.85448667300005], [-17.148604542999976, 32.84721773200005], [-17.14103928199995, 32.84259670500006], [-17.13489904399995, 32.834471019000034], [-17.12384846599997, 32.827463366000075], [-17.11089166399995, 32.82643491300007], [-17.106433014999936, 32.82608100500005], [-17.104484447999937, 32.82465523500008], [-17.092758025999956, 32.816074987000036], [-17.06550753199997, 32.81223857900005], [-17.051050801999963, 32.80891029900005], [-17.020814448999943, 32.815093502000025], [-17.01024340899994, 32.81995141900006], [-16.994538962999968, 32.82716839100004], [-16.988811986999963, 32.830280050000056], [-16.98613294599994, 32.829493703000026], [-16.98377410699993, 32.82716839100004], [-16.97793778299996, 32.82707882600005], [-16.971308201999932, 32.826977088000035], [-16.963669551999942, 32.82667976000005], [-16.961213185999952, 32.82716839100004], [-16.94918538999997, 32.83048891200008], [-16.935926156999926, 32.831363413000076], [-16.90710244099995, 32.83639707700007], [-16.897168093999937, 32.82986813500003], [-16.884637630999975, 32.826795753000056], [-16.868271850999975, 32.81261899400005], [-16.860918840999943, 32.80624949200006], [-16.860294433999968, 32.80613959500005], [-16.85834054999998, 32.80579570900005], [-16.858524703999933, 32.80470219000006], [-16.859259075999944, 32.800341444000026], [-16.856474437999964, 32.79614282400007], [-16.83994822099993, 32.787058443000035], [-16.835783196999955, 32.78592637600008], [-16.823157600999934, 32.769005168000035], [-16.798710637999932, 32.76330499000005], [-16.795672863999982, 32.76402666600006], [-16.789899454999954, 32.76539824100007], [-16.782871652999972, 32.760997135000025], [-16.781113258999937, 32.75989595500005], [-16.77880102299997, 32.75844793600004], [-16.775158528999953, 32.758206536000046], [-16.760496563999936, 32.75723484100007], [-16.745568849999927, 32.75495743000005], [-16.735982539999952, 32.74941861900004], [-16.719385391999936, 32.747829746000036], [-16.694260533999966, 32.75017203600004], [-16.69052127699996, 32.74735005700006], [-16.69601918099994, 32.746652193000045], [-16.703220402999932, 32.74017414300005], [-16.718354443999942, 32.741687443000046], [-16.726549741999975, 32.73946618000008], [-16.74311420999993, 32.73497652900005], [-16.75470275799995, 32.722600845000045], [-16.763653398999963, 32.71619101600004], [-16.76139226099997, 32.70982925200008], [-16.769026872999973, 32.700976095000044], [-16.76975047199994, 32.69959019700008], [-16.773905154999966, 32.691632800000036], [-16.780372786999976, 32.689785380000046], [-16.79100621799995, 32.686748041000044], [-16.79245749699993, 32.68488350900003], [-16.798545371999978, 32.67706210800003], [-16.800778213999934, 32.67095036300003], [-16.80318267499996, 32.66436886300005], [-16.808089799999948, 32.66031631000004], [-16.813941161999935, 32.652861176000044], [-16.83020179999994, 32.64178708500003], [-16.85043812699996, 32.63724782700007], [-16.85777274999998, 32.63978704300007], [-16.865696714999956, 32.641900118000024], [-16.87009349999994, 32.64273007600008], [-16.888398714999937, 32.64618544800004], [-16.904943379999963, 32.646785409000074], [-16.922318906999976, 32.641242126000066], [-16.92565267899994, 32.638560839000036], [-16.928111153999964, 32.63658353500006], [-16.94434264199998, 32.63345610300007], [-16.950370113999952, 32.63796699100004], [-16.95500605099994, 32.64143647000003], [-16.969445108999935, 32.64451535500007], [-16.97793778299996, 32.64796811200006], [-16.984868758999937, 32.65078594900007], [-17.001246574999982, 32.65237738500008], [-17.006096389999982, 32.65284864200004], [-17.01964281399995, 32.653636508000034], [-17.035623295999926, 32.66170483700006], [-17.049590764999948, 32.66483565300007], [-17.065089660999945, 32.66936190700005], [-17.067303841999944, 32.67108763400006], [-17.073383586999967, 32.67582616900006], [-17.08658770699998, 32.679741439000054], [-17.09599431099997, 32.67921400400007], [-17.10238301199996, 32.67885578500005], [-17.10825504199994, 32.68136854000005], [-17.113434621999943, 32.68488350900003], [-17.121061391999945, 32.690059191000046], [-17.124414912999953, 32.69233495900005], [-17.14064912499998, 32.70303657900007], [-17.169185221999953, 32.71660761600003], [-17.18523924599998, 32.72330505900004], [-17.19475786299995, 32.728555122000046], [-17.20002815999993, 32.73146199300004], [-17.200664940999957, 32.73159009200003], [-17.211104131999946, 32.73629351500006], [-17.217173722999974, 32.74658177800006], [-17.23257261699996, 32.760997135000025], [-17.240532602999963, 32.768448713000055], [-17.24426169999998, 32.773661204000064], [-17.24400955599998, 32.777187801000025], [-17.24365762499997, 32.782110069000055], [-17.24686057899993, 32.790656281000054], [-17.251666153999963, 32.801882214000045], [-17.264928505999933, 32.81410161400004], [-17.251682449999976, 32.82373357900008], [-17.24695883299995, 32.82716839100004], [-17.243026820999944, 32.83316793000006], [-17.23056245099997, 32.84018348600006], [-17.20928050799995, 32.85779077600006], [-17.200444672999936, 32.86761482800006], [-17.192870469999946, 32.870322603000034]]], [[[-16.024131522999937, 30.034291308000036], [-16.02736728499997, 30.03151949100004], [-16.03123435699996, 30.034865898000078], [-16.02749330599994, 30.037210308000056], [-16.024131522999937, 30.034291308000036]]], [[[-15.859123530999966, 30.144866240000056], [-15.85542014899994, 30.138867118000064], [-15.869449663999944, 30.13914963800005], [-15.874838133999958, 30.145843898000066], [-15.871110492999946, 30.153406137000047], [-15.861159184999963, 30.154767355000047], [-15.856871535999971, 30.15085], [-15.859123530999966, 30.144866240000056]]], [[[-16.47072796499998, 32.411222003000034], [-16.464915230999964, 32.40434507900005], [-16.477316865999967, 32.410264332000054], [-16.48131105999994, 32.41217074600007], [-16.485542540999973, 32.42181171400006], [-16.490715680999926, 32.43359815200006], [-16.493394914999953, 32.43970249400007], [-16.494592703999956, 32.45206745100006], [-16.49393410899995, 32.45405991300004], [-16.491174589999957, 32.46240834100007], [-16.489440570999932, 32.452612378000026], [-16.486710244999927, 32.43718800500005], [-16.48512999899998, 32.42826074900006], [-16.480028870999945, 32.422225712000056], [-16.47072796499998, 32.411222003000034]]], [[[-16.489951866999945, 32.48648196700003], [-16.492595714999936, 32.47853725700003], [-16.495033563999982, 32.48664156900003], [-16.500971922999952, 32.49323529900005], [-16.504592205999927, 32.50647857800004], [-16.50974068299996, 32.515197725000064], [-16.516797115999964, 32.52714806800003], [-16.518869235999944, 32.528570960000025], [-16.53583996599997, 32.54022449400003], [-16.535929297999928, 32.54777395600007], [-16.53601981099996, 32.555423174000055], [-16.540678475999982, 32.56577413700006], [-16.538215050999952, 32.57147066700003], [-16.52293710699996, 32.554351487000076], [-16.51577610299995, 32.53910986200003], [-16.511127814999952, 32.533254904000046], [-16.507409201999963, 32.528570960000025], [-16.500663634999967, 32.52007428100006], [-16.496127297999976, 32.50549553500008], [-16.492312389999938, 32.49323529900005], [-16.489951866999945, 32.48648196700003]]], [[[-16.543563972999948, 32.589657991000024], [-16.542860318999942, 32.580118621000054], [-16.545696147999934, 32.58201554600004], [-16.548904824999966, 32.589401327000076], [-16.545933327999933, 32.590876458000025], [-16.543563972999948, 32.589657991000024]]], [[[-16.65514285699993, 32.730343825000034], [-16.65780103999998, 32.72661863900004], [-16.664453084999934, 32.728361078000034], [-16.65704802999994, 32.731112788000075], [-16.65514285699993, 32.730343825000034]]], [[[-16.66446260699996, 32.730861651000055], [-16.66986683999994, 32.730814585000076], [-16.675258163999956, 32.734603341000025], [-16.671432925999966, 32.73592199600006], [-16.664322780999953, 32.73336923800008], [-16.66446260699996, 32.730861651000055]]], [[[-16.680316921999975, 32.74098413300004], [-16.68196603499996, 32.738882975000024], [-16.688020178999977, 32.74649346800004], [-16.687458858999946, 32.74738156500007], [-16.68594573499996, 32.74756594200005], [-16.68161056899993, 32.74649346800004], [-16.680316921999975, 32.74098413300004]]], [[[-16.38173487599994, 32.99858239400004], [-16.384258518999957, 32.99820368700006], [-16.386099143999957, 33.00230309800003], [-16.38651291599996, 33.003224645000046], [-16.39500542899998, 33.005933139000035], [-16.392119804999936, 33.01011508300007], [-16.382391621999943, 33.01711506600003], [-16.382221108999943, 33.01723776000006], [-16.38221995599997, 33.01719353200008], [-16.38181662599993, 33.00171892000003], [-16.38173487599994, 32.99858239400004]]], [[[-16.40486604199998, 33.03926564200003], [-16.408891877999963, 33.03458248800007], [-16.410892386999933, 33.040505729000074], [-16.408608726999944, 33.041254802000026], [-16.40486604199998, 33.03926564200003]]], [[[-16.277091367999958, 33.05327185500005], [-16.280661468999938, 33.05184630100007], [-16.285185472999956, 33.054994227000066], [-16.280353081999976, 33.056932535000044], [-16.277091367999958, 33.05327185500005]]], [[[-16.355272533999937, 33.04096225200004], [-16.37662660799998, 33.02599283400008], [-16.39037917899998, 33.03218929500002], [-16.392937505999953, 33.035844603000044], [-16.39482898899996, 33.038547133000066], [-16.37990783799995, 33.055772440000055], [-16.375524256999938, 33.073299520000035], [-16.37465619099993, 33.07677035100005], [-16.36713999799997, 33.080676994000044], [-16.360362254999927, 33.084199815000034], [-16.35359000099993, 33.09085229500005], [-16.35191807999996, 33.092494645000045], [-16.32204138399993, 33.104760283000076], [-16.319480170999952, 33.103658024000026], [-16.30527613199996, 33.09754508700007], [-16.294591640999954, 33.09707408000003], [-16.297478327999954, 33.085643282000035], [-16.295996669999965, 33.08266252200008], [-16.29353561499994, 33.07771143800005], [-16.298470718999965, 33.06108769200006], [-16.312616185999957, 33.060847711000065], [-16.327260056999933, 33.06059927500007], [-16.355272533999937, 33.04096225200004]]], [[[-16.285303760999966, 33.102652757000044], [-16.288133393999942, 33.100456337000026], [-16.290660282999966, 33.10198137000003], [-16.29257324899993, 33.103135887000064], [-16.291311366999935, 33.10397978700007], [-16.28826718499994, 33.10601562200003], [-16.285303760999966, 33.102652757000044]]], [[[-16.281859434999944, 33.126884940000025], [-16.284669614999927, 33.12318895100003], [-16.289029770999946, 33.125164366000035], [-16.28595719799995, 33.12850713000006], [-16.281859434999944, 33.126884940000025]]]]}}, {"type": "Feature", "properties": {"NUTS_ID": "PT200", "LEVL_CODE": 3, "CNTR_CODE": "PT", "NAME_LATN": "Região Autónoma dos Açores", "NUTS_NAME": "Região Autónoma dos Açores", "MOUNT_TYPE": 1, "URBN_TYPE": 2, "COAST_TYPE": 1, "NAME_ENGL": "Portugal", "NAME_FREN": "Portugal", "ISO3_CODE": "PRT", "SVRG_UN": "UN Member State", "CAPT": "Lisbon", "EU_STAT": "T", "EFTA_STAT": "F", "CC_STAT": "F", "NAME_GERM": "Portugal"}, "geometry": {"type": "MultiPolygon", "coordinates": [[[[-25.765894213999957, 37.906122389000075], [-25.739188144999957, 37.89392065100003], [-25.726801140999953, 37.88865305100006], [-25.71883778299997, 37.88584402200007], [-25.70786574799996, 37.87412897100006], [-25.700606439999945, 37.86265159900006], [-25.693531312999937, 37.85146542600006], [-25.69071010099998, 37.84305531800004], [-25.683787043999928, 37.844862816000045], [-25.682932069999936, 37.845086036000055], [-25.68130080399993, 37.84223328200005], [-25.678449737999983, 37.83724734300006], [-25.669334031999938, 37.834889633000046], [-25.647633751999933, 37.830593330000056], [-25.64017651499995, 37.829053068000064], [-25.63912961099993, 37.82939691900003], [-25.628643198999953, 37.83284113700006], [-25.61684217499993, 37.82699329600007], [-25.60822797399993, 37.82402177600005], [-25.597073100999978, 37.81896047400005], [-25.595722998999975, 37.818393435000075], [-25.58574777299998, 37.814203865000025], [-25.580711106999956, 37.817844928000056], [-25.560974372999965, 37.81500689500007], [-25.531948280999927, 37.82199611400006], [-25.52597492299998, 37.82358375900003], [-25.509952968999983, 37.833158096000034], [-25.508498102999965, 37.83407131200005], [-25.488293460999955, 37.84675371700007], [-25.484802874999957, 37.83827417500004], [-25.483649810999964, 37.83547308200008], [-25.467044142999953, 37.825468570000055], [-25.45558567699993, 37.823280589000035], [-25.45199698999994, 37.82641934500003], [-25.45125462699997, 37.827068635000046], [-25.449547424999935, 37.826434594000034], [-25.44153205899994, 37.82345775300007], [-25.43817775699995, 37.82650537300003], [-25.432368064999935, 37.831783889000064], [-25.42855577699993, 37.83028923400008], [-25.42779481499997, 37.82657000900008], [-25.427268873999935, 37.823999454000045], [-25.420341432999976, 37.824680080000064], [-25.41775420199997, 37.82663251400004], [-25.417008776999978, 37.827195043000074], [-25.41358112499995, 37.82699990400005], [-25.407734113999936, 37.82666702900008], [-25.39768855999995, 37.83249252600007], [-25.39345548299997, 37.83494732100007], [-25.39139705699995, 37.834666929000036], [-25.383570804999977, 37.83360086500005], [-25.36849858499994, 37.83887361500007], [-25.356443059999947, 37.84364602100004], [-25.328323904999934, 37.85463692800005], [-25.326955117999944, 37.85693867800006], [-25.324049828999932, 37.86182420700004], [-25.318344382999953, 37.865094430000056], [-25.314693278999982, 37.86122766400007], [-25.31423401199993, 37.860968538000066], [-25.307889510999928, 37.85738887100007], [-25.29633221199998, 37.85492584800005], [-25.273734168999965, 37.858820673000025], [-25.272936699999946, 37.85903271500007], [-25.26204903799993, 37.861927679000075], [-25.25789254299997, 37.85835299800004], [-25.257794583999953, 37.85832292400005], [-25.249349244999962, 37.855730194000046], [-25.24331787699998, 37.85389563000007], [-25.22038443899993, 37.85575117900004], [-25.216401667999946, 37.85638262000003], [-25.200302515999965, 37.858935031000044], [-25.171082333999948, 37.856884129000036], [-25.150279456999954, 37.85040262700005], [-25.14688560099995, 37.84524326500008], [-25.13617701399994, 37.82433328900004], [-25.134803746999978, 37.808942872000046], [-25.13673241999993, 37.80562187700008], [-25.143267480999953, 37.79436911500005], [-25.141420912999934, 37.787782295000056], [-25.13953266699997, 37.78104680900003], [-25.14098356599993, 37.773783725000044], [-25.149691253999947, 37.75893619900006], [-25.162097917999972, 37.746974599000055], [-25.17166284999996, 37.74233343900005], [-25.177021321999973, 37.74226920900003], [-25.18403419799995, 37.74218514900008], [-25.195933561999937, 37.739852288000066], [-25.196874892999972, 37.73889152800007], [-25.199159118999944, 37.736560154000074], [-25.205436245999977, 37.73536734900006], [-25.216074084999946, 37.73692375600007], [-25.22158381199995, 37.73919988800003], [-25.22302898399994, 37.73979690600004], [-25.24897310199998, 37.74658667600005], [-25.27910976499993, 37.742516444000046], [-25.28361044899998, 37.739852288000066], [-25.298272293999958, 37.733822866000025], [-25.318871686999955, 37.725351733000025], [-25.330057291999935, 37.72552144700006], [-25.33541216599997, 37.72560269400003], [-25.351866937999944, 37.72402792200006], [-25.36490029299995, 37.71642135700006], [-25.369031581999934, 37.71401024200003], [-25.391018740999982, 37.71516303900006], [-25.403067741999962, 37.715794774000074], [-25.42083613999995, 37.71549168100006], [-25.42959891199996, 37.71615843600006], [-25.43800353399996, 37.713700808000056], [-25.44992283099998, 37.71393409900003], [-25.455552507999982, 37.71590742500007], [-25.46228001099996, 37.71442488500003], [-25.467509526999947, 37.71327245700007], [-25.469465389999982, 37.713827851000076], [-25.483737433999977, 37.717880594000064], [-25.494984143999943, 37.71427482400003], [-25.49768336699998, 37.711483215000044], [-25.49981244199995, 37.70928126900003], [-25.509929924999938, 37.70766805900007], [-25.515511008999965, 37.71411729000005], [-25.517565770999965, 37.716491673000064], [-25.520705731999954, 37.71650135400006], [-25.529934185999934, 37.71652980500005], [-25.546178846999965, 37.72819197600006], [-25.55126103699996, 37.73184052000005], [-25.563870746999953, 37.739852288000066], [-25.566952132999972, 37.742814045000046], [-25.572144453999954, 37.74238176800003], [-25.575727650999966, 37.74175309300006], [-25.58089911199994, 37.740845755000066], [-25.59676724999997, 37.74504550900008], [-25.597999949999974, 37.74537176200005], [-25.598690628999975, 37.745296782000025], [-25.606237164999982, 37.74447753100003], [-25.60822797399993, 37.74526226000006], [-25.61209779899997, 37.747048318000054], [-25.61746587099998, 37.749525868000035], [-25.622344478999935, 37.74892414200008], [-25.629175602999965, 37.75013316900004], [-25.63680904699993, 37.74546937300005], [-25.63778938599995, 37.744870416000026], [-25.64054097099995, 37.74460415500005], [-25.64717705099997, 37.74396200500007], [-25.665283470999952, 37.73974863800004], [-25.668533701999934, 37.73811425800005], [-25.66936504699993, 37.73769621500003], [-25.677663596999935, 37.73393582800003], [-25.69684500699998, 37.73616561100005], [-25.69885649799994, 37.73738786100006], [-25.705285294999953, 37.739464647000034], [-25.71436186699998, 37.747333774000026], [-25.716742353999962, 37.74939758800008], [-25.718989299999976, 37.75033392000006], [-25.728726517999974, 37.75439154700007], [-25.735494140999947, 37.761034653000024], [-25.737880641999936, 37.76337724600006], [-25.74386027999998, 37.76645874900004], [-25.758646768999938, 37.77407870900004], [-25.767642785999954, 37.781688866000025], [-25.775745619999952, 37.78371079000004], [-25.782912817999943, 37.79177803600004], [-25.78917994899996, 37.79883218500004], [-25.802630647999933, 37.80456187500005], [-25.815937091999956, 37.81023011700006], [-25.82094291599998, 37.816434435000076], [-25.821564104999936, 37.817204349000065], [-25.832344237999962, 37.823826358000076], [-25.840893827999935, 37.829078191000065], [-25.851569721999965, 37.85066701400007], [-25.852920187999928, 37.85740537700008], [-25.85350518699994, 37.86032431900003], [-25.838755540999955, 37.873985041000026], [-25.83888696799994, 37.87685047000008], [-25.838895200999957, 37.87702997300005], [-25.83866499499993, 37.87707951600004], [-25.831452893999938, 37.87863163700007], [-25.82556025399998, 37.884296369000026], [-25.82283664199997, 37.89341224400005], [-25.821226844999956, 37.898800202000075], [-25.81191433799995, 37.89806496400007], [-25.801888298999927, 37.897273391000056], [-25.792595536999954, 37.903442935000044], [-25.78270061199993, 37.91001226000003], [-25.765894213999957, 37.906122389000075]]], [[[-25.079169974999957, 37.01236245800004], [-25.07353023199994, 37.010253815000056], [-25.06530785399997, 37.01318413300004], [-25.06097571099997, 37.014728036000065], [-25.05227780499996, 37.00992603700007], [-25.05366244099997, 36.99787939700008], [-25.05466376299995, 36.98916767400004], [-25.046110192999947, 36.984064911000075], [-25.036809624999933, 36.97724741700006], [-25.03177324899997, 36.973555658000066], [-25.03156924999996, 36.97302988600006], [-25.028946445999964, 36.966270063000024], [-25.021508059999974, 36.96493249100007], [-25.02038659699997, 36.964730829000075], [-25.01728665099995, 36.95801316400008], [-25.01898817199998, 36.95542538600006], [-25.02067945899995, 36.95285317300005], [-25.016587571999935, 36.945366609000075], [-25.01404291999995, 36.940710883000065], [-25.014746427999967, 36.93765201100007], [-25.01533045499997, 36.935112643000025], [-25.016509544999963, 36.92998592400005], [-25.028989998999975, 36.93263234300008], [-25.06097571099997, 36.92986637200005], [-25.071146004999946, 36.93051759000008], [-25.07626413299994, 36.935244553000075], [-25.09184162699995, 36.94963149900008], [-25.11229074499994, 36.95152580700005], [-25.122729911999954, 36.94783573800004], [-25.126472124999964, 36.94651292900005], [-25.140411021999967, 36.93983020100006], [-25.14566380499997, 36.944511986000066], [-25.14679954999997, 36.94552427200006], [-25.15024197799994, 36.94384848300007], [-25.157133232999968, 36.94049379100005], [-25.16693659499998, 36.94527078100003], [-25.17142221699993, 36.95213820400005], [-25.174304524999968, 36.96550717300005], [-25.175174822999963, 36.96954386500005], [-25.18476282399996, 36.984427495000034], [-25.181929323999952, 36.992556430000036], [-25.18035948199997, 36.997060100000056], [-25.179118374999973, 36.997357048000026], [-25.173243266999975, 36.99876272700004], [-25.170010624999975, 37.00243405300006], [-25.16906251299997, 37.00351082800006], [-25.16410837899997, 37.00472187500003], [-25.151310130999946, 37.007850431000065], [-25.150436129999946, 37.00813816700003], [-25.147073940999974, 37.00924505800003], [-25.14538073799997, 37.008437825000044], [-25.134745432999978, 37.00336745100003], [-25.12653447699995, 37.00796775600003], [-25.117245302999947, 37.004213193000055], [-25.111848692999956, 37.00607535900008], [-25.109340093999947, 37.01057412900008], [-25.108445511999946, 37.012178418000076], [-25.090771165999968, 37.01412572000004], [-25.08779311199993, 37.01558656100008], [-25.079169974999957, 37.01236245800004]]], [[[-25.440594132999934, 37.704989160000025], [-25.44390879699995, 37.70280824200006], [-25.447902261999957, 37.70629836900008], [-25.44314260699997, 37.70819203000008], [-25.440594132999934, 37.704989160000025]]], [[[-28.748692757999947, 38.52421592300004], [-28.751875256999938, 38.521294983000075], [-28.756248079999978, 38.52318797300006], [-28.75208238099998, 38.526607213000034], [-28.748692757999947, 38.52421592300004]]], [[[-28.387481384999944, 38.55657237400004], [-28.38077625799997, 38.55295169800007], [-28.37573400599996, 38.55208733300003], [-28.36843876399996, 38.55083675000003], [-28.337345223999932, 38.53803213500004], [-28.336791258999938, 38.53721935100003], [-28.335245190999956, 38.53495094400006], [-28.33196045799997, 38.53537499600003], [-28.32956807299996, 38.53568384700003], [-28.323461291999934, 38.53203364400008], [-28.321978550999972, 38.53022179900006], [-28.318124376999947, 38.525512166000055], [-28.313435079999977, 38.52366637100005], [-28.306829688999983, 38.521066365000024], [-28.303963624999938, 38.516398898000034], [-28.30097402599995, 38.51153025000008], [-28.29393317199998, 38.506292349000034], [-28.285222578999935, 38.50646678800007], [-28.28242538099994, 38.50652280500003], [-28.280448409999963, 38.50544241500006], [-28.269660604999956, 38.49954701200005], [-28.256569467999952, 38.49720714600005], [-28.246794287999933, 38.49822139100007], [-28.242112204999955, 38.49870719100005], [-28.23896605599998, 38.49518108800004], [-28.23242459399995, 38.48784962700006], [-28.220387744999982, 38.48384516800007], [-28.20607409699994, 38.479083256000024], [-28.197510386999966, 38.46988610100004], [-28.191529251999953, 38.46346255000003], [-28.186838097999953, 38.46337419500003], [-28.18423329199993, 38.46332513500005], [-28.17770397299995, 38.46019351700005], [-28.170942793999927, 38.45695069400006], [-28.15076328699996, 38.456072291000055], [-28.146181527999943, 38.45587284900006], [-28.144312887999945, 38.45508554700007], [-28.135572913999965, 38.451403189000075], [-28.12174641599995, 38.45040905900004], [-28.09471525899994, 38.447498395000025], [-28.066215193999938, 38.44442956200004], [-28.057575820999944, 38.44285305200003], [-28.05587212499995, 38.44103290000004], [-28.055719026999952, 38.43876547700006], [-28.055669174999935, 38.438027153000064], [-28.04472098399998, 38.43263462200008], [-28.035045606999972, 38.427869016000045], [-28.028643794999937, 38.415016018000074], [-28.03059915299997, 38.411695767000026], [-28.057575820999944, 38.40438119700008], [-28.06190352599998, 38.405280307000055], [-28.084608982999953, 38.40140298100005], [-28.090070134999962, 38.400470401000064], [-28.09299587099997, 38.39997078400006], [-28.099498705999963, 38.40130364500004], [-28.122793784999942, 38.40607834800005], [-28.177487162999967, 38.40911389100006], [-28.18586986699995, 38.40658938100006], [-28.189927263999948, 38.40260148300007], [-28.19719751599996, 38.39545576300003], [-28.219983861999935, 38.38787983000003], [-28.235467375999974, 38.382905348000065], [-28.246431058999974, 38.385067122000066], [-28.255598129999953, 38.39223893800005], [-28.25686819499998, 38.39920949800006], [-28.258005091999962, 38.40544918300003], [-28.27066566999997, 38.41172564300007], [-28.289981075999947, 38.41121912500006], [-28.30572077399995, 38.41080637400006], [-28.318228731999966, 38.412065281000025], [-28.351687829999946, 38.415432888000055], [-28.359961388999977, 38.41331537900004], [-28.363773712999944, 38.41233966500005], [-28.374568834999934, 38.415813771000046], [-28.411214342999983, 38.42760709600003], [-28.41940551099998, 38.42709605400006], [-28.424306669999964, 38.423914523000064], [-28.42854460899997, 38.42116351300007], [-28.445250861999966, 38.42045998800006], [-28.451376008999944, 38.424357360000045], [-28.463419526999928, 38.43202053400006], [-28.47790770599994, 38.436146078000036], [-28.48451370799995, 38.438027153000064], [-28.49147609399995, 38.44057567800007], [-28.515624241999944, 38.45199272100007], [-28.516901503999975, 38.45467166700007], [-28.521612870999945, 38.46455334700005], [-28.531374479999954, 38.47488733500006], [-28.53492503299998, 38.478646076000075], [-28.536552898999958, 38.48212048400006], [-28.53973237599996, 38.48890654300004], [-28.541238198999963, 38.49212047000003], [-28.540855429999965, 38.49721246400003], [-28.540390982999952, 38.503391039000064], [-28.541453929999932, 38.51034014900006], [-28.538481587999968, 38.52087753600006], [-28.538220231999958, 38.52202585900005], [-28.536257905999946, 38.53064775300004], [-28.53411260499996, 38.53260970400004], [-28.53184311499996, 38.534685230000036], [-28.528658769999936, 38.53759742200003], [-28.52599450499997, 38.53851538400005], [-28.522367320999933, 38.53976511600007], [-28.519614110999953, 38.54269379400006], [-28.514135271999976, 38.54852181200005], [-28.50630077699998, 38.551412467000034], [-28.503904715999965, 38.552296531000025], [-28.495347255999945, 38.55545393500006], [-28.47517721199995, 38.56035118300008], [-28.47185130899993, 38.55973857400005], [-28.45003087899994, 38.555719397000075], [-28.444186058999946, 38.55826431600008], [-28.433486371999948, 38.559182502000056], [-28.413343848999943, 38.56091101900006], [-28.39416880899995, 38.558612623000045], [-28.392210446999968, 38.55837788600007], [-28.390429736999977, 38.55816444300007], [-28.387481384999944, 38.55657237400004]]], [[[-28.638793008999983, 38.61474019600007], [-28.621664046999967, 38.61077781100005], [-28.605983549999962, 38.59870903600006], [-28.60565868599997, 38.59845899900006], [-28.600941572999943, 38.59482838800005], [-28.600150311999982, 38.59190550200003], [-28.605521240999963, 38.58358449600007], [-28.607223872999953, 38.58094666300008], [-28.605423563999977, 38.57301387100006], [-28.60458368999997, 38.569313091000026], [-28.605382705999943, 38.568592178000074], [-28.609699847999934, 38.56469703600004], [-28.608821769999963, 38.55459609900004], [-28.605215057999942, 38.550449155000024], [-28.603103989999966, 38.54802188100007], [-28.60712068899994, 38.54405791600004], [-28.615947908999942, 38.54195353700004], [-28.62231545999998, 38.54043553500003], [-28.62600382599993, 38.533882532000064], [-28.623603515999946, 38.52732923900004], [-28.62066507299994, 38.519306742000026], [-28.621994938999933, 38.51685829500008], [-28.629935631999956, 38.51834534300008], [-28.62982337899996, 38.519619412000054], [-28.629339365999954, 38.52511293900005], [-28.655535966999935, 38.52378563600007], [-28.698489838999933, 38.52069228600004], [-28.70903453699998, 38.51923102300003], [-28.72140535899996, 38.517516699000055], [-28.727439798999967, 38.519140778000065], [-28.729795197999977, 38.51977469800005], [-28.746750962999954, 38.524338088000036], [-28.749658808999982, 38.53314278100004], [-28.75831323899996, 38.55934760900004], [-28.765550015999963, 38.56532249400004], [-28.771560526999963, 38.565385468000045], [-28.781528178999963, 38.565489901000035], [-28.811559435999982, 38.57995424400008], [-28.82160252099993, 38.586378754000066], [-28.832125659999974, 38.59798510500008], [-28.834319603999973, 38.600404886000035], [-28.83402084499994, 38.60081935900007], [-28.83226743399996, 38.60325189200006], [-28.82451119999996, 38.603810356000054], [-28.819190212999956, 38.60419347800007], [-28.80788396199995, 38.609039997000025], [-28.805322580999928, 38.61013795400004], [-28.79565934599998, 38.61050678300006], [-28.782499936999955, 38.61100905600006], [-28.77531846499994, 38.61188701400005], [-28.767220704999943, 38.612876991000064], [-28.765385310999932, 38.61256102800007], [-28.755806611999958, 38.610912056000075], [-28.740102952999962, 38.621082596000065], [-28.733977703999983, 38.628609021000045], [-28.72794284899993, 38.636024375000034], [-28.714667489999954, 38.64368742900007], [-28.691512632999945, 38.63991589500006], [-28.689720217999934, 38.639623941000025], [-28.687456511999983, 38.63925522200003], [-28.666880014999947, 38.63121792600003], [-28.658465570999965, 38.62563266900003], [-28.656018148999976, 38.62315664000005], [-28.655260536999947, 38.62239017200005], [-28.643730508999965, 38.615882371000055], [-28.638793008999983, 38.61474019600007]]], [[[-28.11995896199994, 38.69588857300005], [-28.057575820999944, 38.67642686100004], [-28.05257815599998, 38.67935641400004], [-28.05166473199995, 38.67989184900006], [-28.050441534999948, 38.678696623000064], [-28.044082712999966, 38.672483208000074], [-28.028279108999982, 38.67185283400005], [-28.02417753499998, 38.67168923000003], [-28.02083916299995, 38.66955536800003], [-28.01577728099994, 38.666319850000036], [-28.008635046999927, 38.66353136400005], [-27.99140924099993, 38.65680602900005], [-27.986279449999984, 38.65232597000005], [-27.97670550899994, 38.64396465000004], [-27.96784361999994, 38.643085298000074], [-27.96493415599997, 38.64279659600004], [-27.962892086999943, 38.64060341900006], [-27.960161764999953, 38.63767106000006], [-27.93751815099995, 38.62760796500004], [-27.936952833999953, 38.62760177300004], [-27.928230827999982, 38.62750623800008], [-27.919348662999937, 38.61877795700008], [-27.916795830999945, 38.616269353000064], [-27.911839524999948, 38.615496662000055], [-27.90213204899993, 38.613983261000044], [-27.859721115999946, 38.597179538000034], [-27.84236924399994, 38.58892321400003], [-27.82185456899998, 38.579161974000044], [-27.81286562799994, 38.577449529000035], [-27.80595558999994, 38.574994434000075], [-27.778854483999964, 38.56536557100003], [-27.75415559299995, 38.54940868600005], [-27.75973208299996, 38.542828848000056], [-27.771772381999938, 38.53687939200006], [-27.82954395799993, 38.53402913100007], [-27.85986244999998, 38.546203942000034], [-27.86715529999998, 38.55238782200007], [-27.868828408999946, 38.55380651300004], [-27.87504481899998, 38.55612862600003], [-27.91036806799997, 38.569323473000054], [-27.93676266799997, 38.58539205900007], [-27.942794102999983, 38.58906389400005], [-27.94498720599995, 38.58929171200003], [-27.95513462699995, 38.59034581800006], [-27.95933195599997, 38.59210064000007], [-27.968770879999965, 38.596046871000055], [-27.976580732999935, 38.594960213000036], [-27.98211276799998, 38.59419048900003], [-27.99221745699998, 38.59621292300005], [-27.994479657999932, 38.59665886700003], [-28.02514496799995, 38.602011857000036], [-28.041181472999938, 38.61228427200007], [-28.057575820999944, 38.622785908000026], [-28.064128531999984, 38.625723581000045], [-28.08141021499995, 38.62853403200006], [-28.10377793899994, 38.63217160500005], [-28.11705460099995, 38.63774781400008], [-28.162689547999946, 38.65703793400007], [-28.19044907199998, 38.66701257100004], [-28.193726003999927, 38.67078708300005], [-28.20219024399995, 38.68053656200004], [-28.20903457399993, 38.67771877500007], [-28.211495346999982, 38.678316091000056], [-28.222056645999942, 38.68087968900005], [-28.220580966999933, 38.68612353000003], [-28.219699085999935, 38.68925730500007], [-28.223998466999944, 38.69020062900006], [-28.227848595999944, 38.69104538300007], [-28.227224341999943, 38.69404911700008], [-28.226535222999928, 38.69736496400003], [-28.232668844999978, 38.70223399900004], [-28.246042883999962, 38.70734515300006], [-28.268503043999942, 38.71592874900006], [-28.294272758999966, 38.73466576900006], [-28.31541429699996, 38.75438803600008], [-28.288509380999983, 38.75183915000008], [-28.264944128999957, 38.745514299000035], [-28.26047618399997, 38.743555626000045], [-28.233082396999976, 38.73154664200007], [-28.203374975999964, 38.72245908300005], [-28.16757509699994, 38.71175638100004], [-28.11995896199994, 38.69588857300005]]], [[[-27.253378705999978, 38.801666254000054], [-27.23806282299995, 38.79688586300006], [-27.23333687099995, 38.79757057900008], [-27.228309171999967, 38.79217564700008], [-27.21729748499996, 38.793727181000065], [-27.215094454999928, 38.79722969100004], [-27.213506646999974, 38.79975408200005], [-27.196041828999967, 38.79583517900005], [-27.178173441999945, 38.793617647000076], [-27.173897069999953, 38.79245553900006], [-27.15129929099993, 38.78631457400007], [-27.144361197999956, 38.78690589100006], [-27.14085677399993, 38.783738378000066], [-27.134788353999966, 38.78677491500008], [-27.127062207999984, 38.78239454100003], [-27.106760347999966, 38.78467541300006], [-27.10309314699998, 38.78508741500008], [-27.071379709999974, 38.76638852600007], [-27.06838398499997, 38.76559382500005], [-27.061614581999947, 38.75893079400004], [-27.061050885999975, 38.75647090500007], [-27.058215522999944, 38.74409779100006], [-27.050317707999966, 38.73888054200006], [-27.04664877299996, 38.73645686500004], [-27.050768794999954, 38.73139314300005], [-27.05226610799997, 38.73088837000006], [-27.060588069999937, 38.728082879000056], [-27.05989870299993, 38.71350496300005], [-27.053384092999977, 38.712286275000054], [-27.05048214699997, 38.71417946300005], [-27.047589398999946, 38.71606665000007], [-27.047992748999945, 38.71300780300004], [-27.048403287999975, 38.709894433000045], [-27.043397868999932, 38.69856240300004], [-27.042530459999966, 38.69659863000004], [-27.048570130999963, 38.68785168900007], [-27.056450774999973, 38.68474950900003], [-27.05644970299994, 38.678052130000026], [-27.064886930999933, 38.676297721000026], [-27.066773789999957, 38.675905374000024], [-27.074519110999972, 38.67042622300005], [-27.075415217999932, 38.66152046500008], [-27.07605891099996, 38.65512327500005], [-27.080363039999952, 38.64406205800003], [-27.088758051999946, 38.642740391000075], [-27.094956943999932, 38.64626282900008], [-27.09699582199994, 38.64742139400005], [-27.099093017999962, 38.646525445000066], [-27.102688538999928, 38.64498939300006], [-27.116324018999933, 38.64704613600003], [-27.139388408999935, 38.644579029000056], [-27.154810388999977, 38.650063172000046], [-27.16313479599995, 38.65302337900005], [-27.199319860999935, 38.65311313400008], [-27.201406764999945, 38.653446184000074], [-27.209075308999957, 38.653721147000056], [-27.21395720399994, 38.651039311000034], [-27.217908457999954, 38.65375035300008], [-27.221422977999964, 38.65084372100006], [-27.219616713999983, 38.646141053000065], [-27.218342138999958, 38.64282265400004], [-27.224664726999947, 38.63966292900005], [-27.23270592299997, 38.643759325000076], [-27.23113379299997, 38.64778899400005], [-27.22929464899994, 38.65250307100007], [-27.233034681999982, 38.65589157900007], [-27.249992452999948, 38.656727438000075], [-27.259400466999978, 38.65545006000008], [-27.276581910999937, 38.65311723900004], [-27.28503583099996, 38.65573950400005], [-27.288402153999982, 38.656783682000025], [-27.28949896399996, 38.65712389400005], [-27.292174061999958, 38.65865204100004], [-27.308423425999933, 38.66793447500004], [-27.32238621999994, 38.67361719200005], [-27.331527627999947, 38.67733765300005], [-27.344088735999946, 38.684367216000055], [-27.351588640999978, 38.68856438200004], [-27.35345624499996, 38.68960954700003], [-27.364878087999955, 38.70314794400008], [-27.366027187999975, 38.70586786800004], [-27.370221997999977, 38.715797002000045], [-27.37798580799995, 38.734173973000054], [-27.37840497899998, 38.743051310000055], [-27.37860326499998, 38.74725068300006], [-27.37348441499995, 38.75781603200005], [-27.37279247999993, 38.75924419200004], [-27.376313550999953, 38.76653176000008], [-27.36976279499993, 38.76744426400006], [-27.361402805999944, 38.77895910700005], [-27.36058251199995, 38.779374603000065], [-27.35917200199998, 38.780089056000065], [-27.332526799999982, 38.79358541500005], [-27.315579946999947, 38.79721166500008], [-27.315243064999947, 38.797246795000035], [-27.298578970999984, 38.79898451100007], [-27.270875884999953, 38.80187336200004], [-27.255915199999947, 38.802457944000025], [-27.253378705999978, 38.801666254000054]]], [[[-28.009281703999932, 39.089364912000065], [-28.00646136299997, 39.08722975400008], [-27.997819857999957, 39.08748353500005], [-27.99575665599997, 39.08754412600007], [-27.994980029999965, 39.084151924000025], [-27.994734775999973, 39.08308068400004], [-27.993500077999954, 39.08241568200003], [-27.989370079999958, 39.08019128700005], [-27.97948553599997, 39.06597419000008], [-27.977624478999928, 39.06329740100006], [-27.97537148799995, 39.061147696000035], [-27.970395095999947, 39.05639944100005], [-27.969928528999958, 39.05476215900006], [-27.967908912999974, 39.047674904000075], [-27.95741050099997, 39.04007633700007], [-27.95655306799995, 39.03945574200003], [-27.95621413699996, 39.038672794000036], [-27.953541145999964, 39.032498048000036], [-27.948675572999946, 39.021258327000055], [-27.950096750999933, 39.019046408000065], [-27.951599513999952, 39.01670751200004], [-27.95395935299996, 39.01303466200005], [-27.969320056999948, 39.00884741300007], [-27.97135385499996, 39.00916360900004], [-27.98127898299998, 39.01070667600004], [-27.995871661999956, 39.01297541100007], [-27.99893640399995, 39.01537904700007], [-28.010160034999956, 39.02418159000007], [-28.027331895999964, 39.02289284300008], [-28.02936845299996, 39.02274], [-28.03637060699998, 39.024659808000024], [-28.045794301999933, 39.03350232100007], [-28.051733960999968, 39.04460194400008], [-28.056191361999936, 39.05293162400005], [-28.071541500999956, 39.06739224300003], [-28.05614183299997, 39.08122024000005], [-28.053818501999956, 39.08676177800004], [-28.051342611999928, 39.092667196000036], [-28.046834183999977, 39.093459763000055], [-28.041101787999935, 39.094467499000075], [-28.029528184999947, 39.096502101000056], [-28.01193739499996, 39.09137542000008], [-28.009281703999932, 39.089364912000065]]], [[[-31.20759955999995, 39.52349761600004], [-31.207134357999962, 39.51724223400004], [-31.207117081999968, 39.517009925000025], [-31.20150992799995, 39.508387079000045], [-31.18356800099997, 39.499086549000026], [-31.176457076999952, 39.50055401800006], [-31.175737913999967, 39.500702431000036], [-31.175192076999963, 39.500403626000036], [-31.170721638999964, 39.497956395000074], [-31.167033966999952, 39.49943373000008], [-31.160762542999976, 39.50194615400005], [-31.156097598999963, 39.500763164000034], [-31.15311991699997, 39.49318667500006], [-31.145129185999963, 39.47285485500004], [-31.135364651999964, 39.46332219200008], [-31.132678659999954, 39.46314707300007], [-31.127376333999962, 39.46280137700006], [-31.125231049999968, 39.45489094900006], [-31.127207126999963, 39.44974907200003], [-31.132228174999966, 39.445867974000066], [-31.142115511999975, 39.43822540100007], [-31.14457021299995, 39.43534794300007], [-31.14069424799993, 39.428019117000076], [-31.13982711699998, 39.42637951100005], [-31.141683694999983, 39.425933085000054], [-31.146627406999983, 39.42474433900003], [-31.15018420599995, 39.419676448000075], [-31.14956352699994, 39.40932019100006], [-31.14936189599996, 39.40595591500005], [-31.153478424999946, 39.40106648700004], [-31.158017641999948, 39.39567501000005], [-31.159677019999947, 39.388741878000076], [-31.160191871999984, 39.38659074900005], [-31.169519950999984, 39.38110364400006], [-31.17636357899994, 39.375292485000045], [-31.192741156999944, 39.37308666300004], [-31.219622433999973, 39.37530605200004], [-31.23092036099996, 39.37112084300003], [-31.250182957999982, 39.37735640300008], [-31.257354690999932, 39.390284921000045], [-31.258362096999974, 39.39885036000004], [-31.255082114999936, 39.400962064000055], [-31.251964852999947, 39.402969006000035], [-31.257842357999948, 39.41188430600005], [-31.26282012599995, 39.419434840000065], [-31.264761809999982, 39.427179488000036], [-31.262889754999946, 39.43185678800006], [-31.260340764999967, 39.43822540100007], [-31.267719204999935, 39.45169005400004], [-31.265082322999945, 39.45882529900007], [-31.25813739599994, 39.463997412000026], [-31.257126855999957, 39.48141954400006], [-31.256654306999963, 39.48956647800003], [-31.25217802399993, 39.49371879500006], [-31.234608326999933, 39.51001690500004], [-31.234841093999933, 39.51575303800007], [-31.23503555999997, 39.520545292000065], [-31.221940272999973, 39.52048608500007], [-31.215567823999947, 39.52045727400008], [-31.21272040599996, 39.521543724000026], [-31.20759955999995, 39.52349761600004]]], [[[-31.087996603999954, 39.68609593000008], [-31.11471524199993, 39.66925516400005], [-31.122147697999935, 39.67192120300007], [-31.118074499999977, 39.68166275200008], [-31.126692627999944, 39.693533814000034], [-31.129103604999955, 39.70223784700005], [-31.11936339899995, 39.72458186400007], [-31.108334723999974, 39.72617787900003], [-31.08852402599996, 39.71909729600003], [-31.082108973999937, 39.70548681200006], [-31.087996603999954, 39.68609593000008]]]]}}]}